Act Formed Under:,Apt/Suite/Other:1,Apt/Suite/Other:2,City:1,City:2,Date of Organization in Michigan:,Entity type:,Identification Number:,Old ID Number:,P.O. Box or Street Address:,Purpose:,Resident Agent Name:,State:1,State:2,Street Address:,Term:,The name of the DOMESTIC LIMITED LIABILITY COMPANY:,URL,Zip Code:1,Zip Code:2,Date of Qualification in Michigan:,Most Recent Annual Report with Officers & Directors:,Most Recent Annual Report:,The name of the FOREIGN PROFIT CORPORATION:,Date of Incorporation in Michigan:,The name of the DOMESTIC PROFIT CORPORATION:,IMPAQ_ID,The name of the FOREIGN LIMITED LIABILITY COMPANY:,The Officers and Directors of the Corporation:,The name of the DOMESTIC NONPROFIT CORPORATION:,Agent Name:,County:,Date of Formation in Michigan:,Street Address:1,Street Address:2,The address of the office at which the limited partnership records are kept:,The name and street address of the agent for service of process:,The name of the DOMESTIC LIMITED PARTNERSHIP:,Acts Subject To:
023-1993 Michigan Limited Liability Company Act,6300 US 31 NORTH,PO BOX 404,ACME,ACME,04/30/2003,DOMESTIC LIMITED LIABILITY COMPANY,801232565,B1987K,6300 US 31 NORTH,All Purpose Clause,SCOTT CHOUINARD,MI,MI,GRAND TRAVERSE RESORT & SPA,Perpetual,"GRAND TRAVERSE RESORT AND SPA, LLC",https://cofs.lara.state.mi.us/CorpWeb/CorpSearch/CorpSummary.aspx?ID=801232565&SEARCH_TYPE=1,49610,49610,,,,,,,532,,,,,,,,,,,,
,,,BINGHAM FARMS,,,FOREIGN PROFIT CORPORATION,801037399,664118,,07/15/2004,THE CORPORATION COMPANY,MI,,30600 TELEGRAPH ROAD,Perpetual,,https://cofs.lara.state.mi.us/CorpWeb/CorpSearch/CorpSummary.aspx?ID=801037399&SEARCH_TYPE=1,48025,,07/29/1997,2002,2002,"KSL GRAND TRAVERSE RESORT, INC.",,,532,,,,,,,,,,,,
023-1993 Michigan Limited Liability Company Act,,PO BOX 404,ACME,ACME,02/26/2003,DOMESTIC LIMITED LIABILITY COMPANY,801226214,B4807H,6300 US 31,All Purpose Clause,SCOTT CHOUINARD,MI,MI,6300 US 31 NORTH,Perpetual,"GTB HOLDINGS, LLC",https://cofs.lara.state.mi.us/CorpWeb/CorpSearch/CorpSummary.aspx?ID=801226214&SEARCH_TYPE=1,49610,49610,,,,,,,532,,,,,,,,,,,,
,,,BINGHAM FARMS,,,FOREIGN PROFIT CORPORATION,801037399,664118,,07/15/2004,THE CORPORATION COMPANY,MI,,30600 TELEGRAPH ROAD,Perpetual,,https://cofs.lara.state.mi.us/CorpWeb/CorpSearch/CorpSummary.aspx?ID=801037399&SEARCH_TYPE=1,48025,,07/29/1997,2002,2002,"KSL GRAND TRAVERSE RESORT, INC.",,,532,,,,,,,,,,,,
023-1993 Michigan Limited Liability Company Act,,PO BOX 404,ACME,ACME,02/26/2003,DOMESTIC LIMITED LIABILITY COMPANY,801226214,B4807H,6300 US 31,All Purpose Clause,SCOTT CHOUINARD,MI,MI,6300 US 31 NORTH,Perpetual,"GTB HOLDINGS, LLC",https://cofs.lara.state.mi.us/CorpWeb/CorpSearch/CorpSummary.aspx?ID=801226214&SEARCH_TYPE=1,49610,49610,,,,,,,532,,,,,,,,,,,,
,,,BINGHAM FARMS,,,FOREIGN PROFIT CORPORATION,801037399,664118,,07/15/2004,THE CORPORATION COMPANY,MI,,30600 TELEGRAPH ROAD,Perpetual,,https://cofs.lara.state.mi.us/CorpWeb/CorpSearch/CorpSummary.aspx?ID=801037399&SEARCH_TYPE=1,48025,,07/29/1997,2002,2002,"KSL GRAND TRAVERSE RESORT, INC.",,,532,,,,,,,,,,,,
023-1993 Michigan Limited Liability Company Act,,PO BOX 404,ACME,ACME,02/26/2003,DOMESTIC LIMITED LIABILITY COMPANY,801226214,B4807H,6300 US 31,All Purpose Clause,SCOTT CHOUINARD,MI,MI,6300 US 31 NORTH,Perpetual,"GTB HOLDINGS, LLC",https://cofs.lara.state.mi.us/CorpWeb/CorpSearch/CorpSummary.aspx?ID=801226214&SEARCH_TYPE=1,49610,49610,,,,,,,532,,,,,,,,,,,,
284-1972 Business Corporation Act,,,WILLIAMSBURG,,,DOMESTIC PROFIT CORPORATION,800244126,238798,,All Purpose Clause,GAYLE JOHNSON,MI,,440 GRAND TRAVERSE BLVD STE B4,Perpetual,,https://cofs.lara.state.mi.us/CorpWeb/CorpSearch/CorpSummary.aspx?ID=800244126&SEARCH_TYPE=1,49690,,,1996,1997,,02/03/1995,"THE SALON & SPA AT GRAND TRAVERSE RESORT, INC.",532,,,,,,,,,,,,
,,,PLYMOUTH,,,FOREIGN LIMITED LIABILITY COMPANY,801869629,B93970,,,THE CORPORATION COMPANY,MI,,40600 ANN ARBOR RD E STE 201,Perpetual,,https://cofs.lara.state.mi.us/CorpWeb/CorpSearch/CorpSummary.aspx?ID=801869629&SEARCH_TYPE=1,48170,,07/02/2009,,,,,,539,"CARDINAL HEALTH PHARMACY SERVICES, LLC",,,,,,,,,,,
023-1993 Michigan Limited Liability Company Act,,,MT PLEASANT,,07/03/2007,DOMESTIC LIMITED LIABILITY COMPANY,801408371,D2094M,,All Purpose Clause,ROBERT JUCKNIESS,MI,,2410 S LEATON RD STE 1,Perpetual,"EAGLE BAY MARINA, LLC",https://cofs.lara.state.mi.us/CorpWeb/CorpSearch/CorpSummary.aspx?ID=801408371&SEARCH_TYPE=1,48858,,,,,,,,540,,,,,,,,,,,,
284-1972 Business Corporation Act,,,BRIGHTON,,,DOMESTIC PROFIT CORPORATION,800661342,00738E,,All Purpose Clause,RONNIE JAMIL,MI,,3452 S OLD US 23,Perpetual,,https://cofs.lara.state.mi.us/CorpWeb/CorpSearch/CorpSummary.aspx?ID=800661342&SEARCH_TYPE=1,48114,,,2018,2018,,10/04/2005,"BRIGHTON BP, INC.",567,,,,,,,,,,,,
023-1993 Michigan Limited Liability Company Act,,,FARMINGTON HILLS,,07/15/2016,DOMESTIC LIMITED LIABILITY COMPANY,802028572,E88690,,All Purpose Clause,ALI NASSAR,MI,,29036 GRAND RIVER,Perpetual,BY-RITE EXXON LLC,https://cofs.lara.state.mi.us/CorpWeb/CorpSearch/CorpSummary.aspx?ID=802028572&SEARCH_TYPE=1,48336,,,,,,,,567,,,,,,,,,,,,
284-1972 Business Corporation Act,,,TROY,,,DOMESTIC PROFIT CORPORATION,800206399,19946A,,All Purpose Clause,FRANK R SIMON,MI,,2401 W BIG BEAVER RD STE 520,Perpetual,,https://cofs.lara.state.mi.us/CorpWeb/CorpSearch/CorpSummary.aspx?ID=800206399&SEARCH_TYPE=1,48084,,,2001,2002,,06/17/1999,"CAVE CREEK EXXON, INC.",567,,,,,,,,,,,,
,,,PLYMOUTH,,,FOREIGN PROFIT CORPORATION,800989696,603765,,,THE CORPORATION COMPANY,MI,,40600 ANN ARBOR RD E STE 201,Perpetual,,https://cofs.lara.state.mi.us/CorpWeb/CorpSearch/CorpSummary.aspx?ID=800989696&SEARCH_TYPE=1,48170,,07/17/1947,2019,2019,THE DOW CHEMICAL COMPANY,,,567,,,,,,,,,,,,
284-1972 Business Corporation Act,,,WYOMING,WYOMING,,DOMESTIC PROFIT CORPORATION,800436428,425343,P O BOX 9464,All Purpose Clause,CRAIG HOPPEN,MI,MI,2696 CHICAGO DR SW,Perpetual,,https://cofs.lara.state.mi.us/CorpWeb/CorpSearch/CorpSummary.aspx?ID=800436428&SEARCH_TYPE=1,49509,49509-0464,,2018,2019,,05/01/1987,EXIT 76 CORPORATION,567,,,,,,,,,,,,
162-1982 Nonprofit Corporation Act,,,MILFORD,,,DOMESTIC NONPROFIT CORPORATION,800787270,700076,,10/01/2004,WILLARD H. KEEBER,MI,,131 RIVER DR,Perpetual,,https://cofs.lara.state.mi.us/CorpWeb/CorpSearch/CorpSummary.aspx?ID=800787270&SEARCH_TYPE=1,483812064,,,2000,2001,,07/09/1993,,567,,,EXXON ANNUITANT CLUB OF MICHIGAN AND NORTHERN INDIANA,,,,,,,,,
,,,EAST LANSING,,,FOREIGN PROFIT CORPORATION,800991875,605116,,,CSC-LAWYERS INCORPORATING SERVICE (COMPANY),MI,,601 ABBOTT RD,Perpetual,,https://cofs.lara.state.mi.us/CorpWeb/CorpSearch/CorpSummary.aspx?ID=800991875&SEARCH_TYPE=1,48823,,12/01/1972,2019,2019,EXXON MOBIL CORPORATION,,,567,,,,,,,,,,,,
,,,EAST LANSING,,,FOREIGN PROFIT CORPORATION,800991875,605116,,,CSC-LAWYERS INCORPORATING SERVICE (COMPANY),MI,,601 ABBOTT RD,Perpetual,,https://cofs.lara.state.mi.us/CorpWeb/CorpSearch/CorpSummary.aspx?ID=800991875&SEARCH_TYPE=1,48823,,12/01/1972,2019,2019,EXXON MOBIL CORPORATION,,,567,,,,,,,,,,,,
,,,BINGHAM FARMS,,,FOREIGN PROFIT CORPORATION,801012950,622805,,07/27/1994,THE CORPORATION COMPANY,MI,,30600 TELEGRAPH ROAD,Perpetual,,https://cofs.lara.state.mi.us/CorpWeb/CorpSearch/CorpSummary.aspx?ID=801012950&SEARCH_TYPE=1,48025,,07/28/1986,,1994,EXXON CHEMICAL FERTILIZER COMPANY,,,567,,,,,,,,,,,,
,,,EAST LANSING,,,FOREIGN PROFIT CORPORATION,800999725,613278,,04/25/2005,CSC-LAWYERS INCORPORATING SERVICE (COMPANY),MI,,601 ABBOTT RD,Perpetual,,https://cofs.lara.state.mi.us/CorpWeb/CorpSearch/CorpSummary.aspx?ID=800999725&SEARCH_TYPE=1,48823,,09/08/1994,2004,2004,EXXON CHEMICAL HDPE INC.,,,567,,,,,,,,,,,,
,,,DETROIT,,,FOREIGN PROFIT CORPORATION,800989113,603145,,08/24/1992,THE CORPORATION COMPANY,MI,,615 GRISWOLD,Perpetual,,https://cofs.lara.state.mi.us/CorpWeb/CorpSearch/CorpSummary.aspx?ID=800989113&SEARCH_TYPE=1,48226,,02/10/1960,,1992,"EXXON COAL RESOURCES USA, INC.",,,567,,,,,,,,,,,,
,601 ABBOTT RD.,,EAST LANSING,,,FOREIGN PROFIT CORPORATION,801029080,620423,,10/17/2002,CSC-LAWYERS INCORPORATING SERVICE (COMPANY),MI,,%CSC-LAWYERS INCORPORATING SERV.,Perpetual,,https://cofs.lara.state.mi.us/CorpWeb/CorpSearch/CorpSummary.aspx?ID=801029080&SEARCH_TYPE=1,48823,,12/13/1979,2002,2002,EXXONMOBILE COAL USA INC.,,,567,,,,,,,,,,,,
,,,EAST LANSING,,,FOREIGN PROFIT CORPORATION,801000735,601830,,09/26/1997,CSC-LAWYERS INCORPORATING SERVICE (COMPANY),MI,,601 ABBOTT RD,Perpetual,,https://cofs.lara.state.mi.us/CorpWeb/CorpSearch/CorpSummary.aspx?ID=801000735&SEARCH_TYPE=1,48823,,05/29/1961,1997,1997,EXXON COMMUNICATIONS COMPANY,,,567,,,,,,,,,,,,
,,,EAST LANSING,,,FOREIGN PROFIT CORPORATION,800991875,605116,,,CSC-LAWYERS INCORPORATING SERVICE (COMPANY),MI,,601 ABBOTT RD,Perpetual,,https://cofs.lara.state.mi.us/CorpWeb/CorpSearch/CorpSummary.aspx?ID=800991875&SEARCH_TYPE=1,48823,,12/01/1972,2019,2019,EXXON MOBIL CORPORATION,,,567,,,,,,,,,,,,
,,,EAST LANSING,,,FOREIGN PROFIT CORPORATION,800991875,605116,,,CSC-LAWYERS INCORPORATING SERVICE (COMPANY),MI,,601 ABBOTT RD,Perpetual,,https://cofs.lara.state.mi.us/CorpWeb/CorpSearch/CorpSummary.aspx?ID=800991875&SEARCH_TYPE=1,48823,,12/01/1972,2019,2019,EXXON MOBIL CORPORATION,,,567,,,,,,,,,,,,
,,,DETROIT,,,FOREIGN PROFIT CORPORATION,800997288,601863,,09/30/1991,THE CORPORATION COMPANY,MI,,615 GRISWOLD,Perpetual,,https://cofs.lara.state.mi.us/CorpWeb/CorpSearch/CorpSummary.aspx?ID=800997288&SEARCH_TYPE=1,48226,,10/02/1968,,1991,HUMBLE OIL & REFINING CORPORATION,,,567,,,,,,,,,,,,
,,,DETROIT,,,FOREIGN PROFIT CORPORATION,800996925,614290,,05/15/1988,THE CORPORATION COMPANY,MI,,615 GRISWOLD,Perpetual,,https://cofs.lara.state.mi.us/CorpWeb/CorpSearch/CorpSummary.aspx?ID=800996925&SEARCH_TYPE=1,48226,,02/10/1981,,1987,EXXON ENTERPRISES CORPORATION,,,567,,,,,,,,,,,,
,,,DETROIT,,,FOREIGN PROFIT CORPORATION,800989318,606116,,02/10/1981,THE CORPORATION COMPANY,MI,,615 GRISWOLD,Perpetual,,https://cofs.lara.state.mi.us/CorpWeb/CorpSearch/CorpSummary.aspx?ID=800989318&SEARCH_TYPE=1,48226,,12/30/1975,,1981,EXXON ENTERPRISES INC.,,,567,,,,,,,,,,,,
,,,EAST LANSING,,,FOREIGN PROFIT CORPORATION,800991875,605116,,,CSC-LAWYERS INCORPORATING SERVICE (COMPANY),MI,,601 ABBOTT RD,Perpetual,,https://cofs.lara.state.mi.us/CorpWeb/CorpSearch/CorpSummary.aspx?ID=800991875&SEARCH_TYPE=1,48823,,12/01/1972,2019,2019,EXXON MOBIL CORPORATION,,,567,,,,,,,,,,,,
284-1972 Business Corporation Act,,,DTROIT,,,DOMESTIC PROFIT CORPORATION,801982748,06869T,,All Purpose Clause,AHMED AL-MALIKI,MI,,2561 S FORT ST,Perpetual,,https://cofs.lara.state.mi.us/CorpWeb/CorpSearch/CorpSummary.aspx?ID=801982748&SEARCH_TYPE=1,48217,,,,,,03/03/2016,EXXON MINIMART INC,567,,,,,,,,,,,,
,,,EAST LANSING,,,FOREIGN PROFIT CORPORATION,800991875,605116,,,CSC-LAWYERS INCORPORATING SERVICE (COMPANY),MI,,601 ABBOTT RD,Perpetual,,https://cofs.lara.state.mi.us/CorpWeb/CorpSearch/CorpSummary.aspx?ID=800991875&SEARCH_TYPE=1,48823,,12/01/1972,2019,2019,EXXON MOBIL CORPORATION,,,567,,,,,,,,,,,,
,,,DETROIT,,,FOREIGN PROFIT CORPORATION,800999650,612116,,07/15/2003,THE CORPORATION COMPANY,MI,,615 GRISWOLD,Perpetual,,https://cofs.lara.state.mi.us/CorpWeb/CorpSearch/CorpSummary.aspx?ID=800999650&SEARCH_TYPE=1,48226,,03/30/1973,2001,2001,"FRAMATOME ANP RICHLAND, INC.",,,567,,,,,,,,,,,,
,,,DETROIT,,,FOREIGN PROFIT CORPORATION,800988887,607824,,08/02/1988,THE CORPORATION COMPANY,MI,,615 GRISWOLD,Perpetual,,https://cofs.lara.state.mi.us/CorpWeb/CorpSearch/CorpSummary.aspx?ID=800988887&SEARCH_TYPE=1,48226,,04/07/1986,,1987,"IMAGING SOLUTIONS, INC.",,,567,,,,,,,,,,,,
,,,EAST LANSING,,,FOREIGN PROFIT CORPORATION,801007370,625326,,,CSC-LAWYERS INCORPORATING SERVICE (COMPANY),MI,,601 ABBOTT RD,Perpetual,,https://cofs.lara.state.mi.us/CorpWeb/CorpSearch/CorpSummary.aspx?ID=801007370&SEARCH_TYPE=1,48823,,04/20/1982,2019,2019,EXXONMOBIL RISK MANAGEMENT INC.,,,567,,,,,,,,,,,,
,,,EAST LANSING,,,FOREIGN PROFIT CORPORATION,801002251,607116,,02/28/2002,CSC-LAWYERS INCORPORATING SERVICE (COMPANY),MI,,601 ABBOTT RD,Perpetual,,https://cofs.lara.state.mi.us/CorpWeb/CorpSearch/CorpSummary.aspx?ID=801002251&SEARCH_TYPE=1,48823,,08/08/1977,2001,2001,"SEARIVER MARITIME FINANCIAL HOLDINGS, INC.",,,567,,,,,,,,,,,,
,,,DOWAGIAC,,,FOREIGN LIMITED LIABILITY COMPANY,801878526,D9361P,,,TROLAND CLAY,MI,,415 E PRIAIRE RONDE ST,Perpetual,,https://cofs.lara.state.mi.us/CorpWeb/CorpSearch/CorpSummary.aspx?ID=801878526&SEARCH_TYPE=1,49047,,11/22/2013,,,,,,572,"MB C-STORES, LLC",,,,,,,,,,,
284-1972 Business Corporation Act,,,MANISTIQUE,,,DOMESTIC PROFIT CORPORATION,800254697,245125,,All Purpose Clause,WILLIAM EIMERMAN,MI,,324 S. LAKE ST.,Perpetual,,https://cofs.lara.state.mi.us/CorpWeb/CorpSearch/CorpSummary.aspx?ID=800254697&SEARCH_TYPE=1,49854,,,2018,2019,,01/08/1982,"TOBY EIMERMAN, INC.",580,,,,,,,,,,,,
284-1972 Business Corporation Act,,,ROYAL OAK,,,DOMESTIC PROFIT CORPORATION,800166628,161378,,All Purpose Clause,GHASSAN TOMA,MI,,3311 ROCHESTER RD.,Perpetual,,https://cofs.lara.state.mi.us/CorpWeb/CorpSearch/CorpSummary.aspx?ID=800166628&SEARCH_TYPE=1,48073,,,,1988,,10/11/1985,"DANNO ENTERPRISES, INC.",1933,,,,,,,,,,,,
284-1972 Business Corporation Act,,,DETROIT,,,DOMESTIC PROFIT CORPORATION,800340667,326905,,All Purpose Clause,FRANCI SITTO,MI,,7501 W WARREN,Perpetual,,https://cofs.lara.state.mi.us/CorpWeb/CorpSearch/CorpSummary.aspx?ID=800340667&SEARCH_TYPE=1,48210,,,1998,1998,,09/01/1995,"FRANCI SITTO, INC.",1933,,,,,,,,,,,,
284-1972 Business Corporation Act,,,SAGINAW,MT PLEASANT,,DOMESTIC PROFIT CORPORATION,800719817,02750U,2514 S ISABELLA RD,All Purpose Clause,ENAM MURAD,MI,MI,5138 GLENFIELD DR,Perpetual,,https://cofs.lara.state.mi.us/CorpWeb/CorpSearch/CorpSummary.aspx?ID=800719817&SEARCH_TYPE=1,48638,48858,,2013,2014,,06/30/2009,"MYY, INC.",1933,,,,,,,,,,,,
284-1972 Business Corporation Act,,,MT PLEASANT,,,DOMESTIC PROFIT CORPORATION,800778104,05473X,,All Purpose Clause,RUPINDER KAUR,MI,,2514 S ISABELLA RD,Perpetual,,https://cofs.lara.state.mi.us/CorpWeb/CorpSearch/CorpSummary.aspx?ID=800778104&SEARCH_TYPE=1,48858,,,2018,2018,,11/13/2013,VARIETY LIQUOR INC,1933,,,,,,,,,,,,
284-1972 Business Corporation Act,,,NORTHVILLE,NORTHVILLE,,DOMESTIC PROFIT CORPORATION,800737327,03528Q,18198 SHELLY POND CT,All Purpose Clause,PINAL R PATEL,MI,MI,18198 SHELLY POND CT,Perpetual,,https://cofs.lara.state.mi.us/CorpWeb/CorpSearch/CorpSummary.aspx?ID=800737327&SEARCH_TYPE=1,48168,48168,,2018,2019,,03/09/2011,"ASCENT DRUGS, INC.",1946,,,,,,,,,,,,
284-1972 Business Corporation Act,,,BRIDGEPORT,BRIDGEPORT,,DOMESTIC PROFIT CORPORATION,800774693,05366W,6224 DIXIE HWY,All Purpose Clause,PINAL PATEL,MI,MI,6224 DIXIE HWY,Perpetual,,https://cofs.lara.state.mi.us/CorpWeb/CorpSearch/CorpSummary.aspx?ID=800774693&SEARCH_TYPE=1,48722,48722,,2018,2019,,09/20/2013,"ASCENT MEDS, INC",1946,,,,,,,,,,,,
023-1993 Michigan Limited Liability Company Act,,,SOUTHFIELD,SOUTHFIELD,12/13/2012,DOMESTIC LIMITED LIABILITY COMPANY,801673138,D86632,29113 NORTHWESTERN HWY,All Purpose Clause,ADEL DAKHLALLAH,MI,MI,29113 NORTHWESTERN HWY,Perpetual,FRANKLIN APOTHECARY LLC,https://cofs.lara.state.mi.us/CorpWeb/CorpSearch/CorpSummary.aspx?ID=801673138&SEARCH_TYPE=1,48034,48034,,,,,,,1946,,,,,,,,,,,,
284-1972 Business Corporation Act,,,DEARBORN,,,DOMESTIC PROFIT CORPORATION,800630442,13859D,,All Purpose Clause,AHMAD DABLIZ,MI,,22280 WATSONIA ST,Perpetual,,https://cofs.lara.state.mi.us/CorpWeb/CorpSearch/CorpSummary.aspx?ID=800630442&SEARCH_TYPE=1,48128,,,2007,2011,,04/27/2004,"CITY PHARMACY, INC.",1946,,,,,,,,,,,,
284-1972 Business Corporation Act,,,TAYLOR,,,DOMESTIC PROFIT CORPORATION,800768425,05252K,,All Purpose Clause,VILPESH K. PATEL,MI,,23241 EUREKA RD,Perpetual,,https://cofs.lara.state.mi.us/CorpWeb/CorpSearch/CorpSummary.aspx?ID=800768425&SEARCH_TYPE=1,48180,,,2016,2016,,08/23/2013,PLYMOUTH PHARMACY INC.,1946,,,,,,,,,,,,
327-1931 Michigan General Corporation Act,,,HOLLAND,,,DOMESTIC PROFIT CORPORATION,800087396,085220,,05/15/1978,DONALD MIESEN,MI,,56 E. EIGHTH ST.,01/06/1995,,https://cofs.lara.state.mi.us/CorpWeb/CorpSearch/CorpSummary.aspx?ID=800087396&SEARCH_TYPE=1,49423,,,,,,01/06/1965,DOWNTOWN DISCOUNT COMPANY,1999,,,,,,,,,,,,
,,,,HOLLAND,,DOMESTIC LIMITED PARTNERSHIP,801910272,L07010,,,,,MI,,Perpetual,,https://cofs.lara.state.mi.us/CorpWeb/CorpSearch/CorpSummary.aspx?ID=801910272&SEARCH_TYPE=1,,49423,,,,,,,1999,,,,"This record was transferred here per act 213-1982, eff. 1/1/1983 from the county and no agent was required before that date.",OTTAWA,05/29/1962,,29 E 8TH ST,,,DOWNTOWN DISCOUNT COMPANY,
023-1993 Michigan Limited Liability Company Act,,,TROY,,02/04/2019,DOMESTIC LIMITED LIABILITY COMPANY,802282531,,,All Purpose Clause,MAZIN SAMONA,MI,,1100 W MAPLE,Perpetual,WILD BILLS TOBACCO OF CHARLOTTE LLC,https://cofs.lara.state.mi.us/CorpWeb/CorpSearch/CorpSummary.aspx?ID=802282531&SEARCH_TYPE=1,48084,,,,,,,,2001,,,,,,,,,,,,
284-1972 Business Corporation Act,,,CLAWSON,,,DOMESTIC PROFIT CORPORATION,800768426,05252F,,All Purpose Clause,MAZIN SAMONA,MI,,1238 ANDERSON CT,Perpetual,,https://cofs.lara.state.mi.us/CorpWeb/CorpSearch/CorpSummary.aspx?ID=800768426&SEARCH_TYPE=1,48017,,,2014,2017,,08/23/2013,"WILD BILLS TOBACCO OF EASTPOINTE II, INC.",2001,,,,,,,,,,,,
023-1993 Michigan Limited Liability Company Act,,,TROY,BIRMINGHAM,02/04/2019,DOMESTIC LIMITED LIABILITY COMPANY,802282556,,1100 W MAPLE,All Purpose Clause,MAZIN SAMONA,MI,MI,1100 W MAPLE,Perpetual,WILD BILLS TOBACCO OF ST JOHNS LLC,https://cofs.lara.state.mi.us/CorpWeb/CorpSearch/CorpSummary.aspx?ID=802282556&SEARCH_TYPE=1,48084,48009,,,,,,,2001,,,,,,,,,,,,
,,,EAST LANSING,,,FOREIGN PROFIT CORPORATION,800998493,611497,,09/20/2017,"THE PRENTICE-HALL CORPORATION SYSTEM, INC.",MI,,601 ABBOT ROAD,Perpetual,,https://cofs.lara.state.mi.us/CorpWeb/CorpSearch/CorpSummary.aspx?ID=800998493&SEARCH_TYPE=1,48823,,07/19/1994,2017,2017,"CYSTIC FIBROSIS SERVICES, INC.",,,2010,,,,,,,,,,,,
,,,EAST LANSING,EAST LANSING,,FOREIGN LIMITED LIABILITY COMPANY,802033102,E9061E,601 ABBOT ROAD,,CSC-LAWYERS INCORPORATING SERVICE (COMPANY),MI,MI,601 ABBOT ROAD,Perpetual,,https://cofs.lara.state.mi.us/CorpWeb/CorpSearch/CorpSummary.aspx?ID=802033102&SEARCH_TYPE=1,48823,48823,03/14/2017,,,,,,2010,"WALGREENS MAIL SERVICE, LLC",,,,,,,,,,,
,,,EAST LANSING,EAST LANSING,,FOREIGN LIMITED LIABILITY COMPANY,801874409,D9115E,601 ABBOT ROAD,,CSC-LAWYERS INCORPORATING SERVICE (COMPANY),MI,MI,601 ABBOT ROAD,Perpetual,,https://cofs.lara.state.mi.us/CorpWeb/CorpSearch/CorpSummary.aspx?ID=801874409&SEARCH_TYPE=1,48823,48823,12/01/2011,,,,,,2010,"WALGREENS SPECIALTY PHARMACY, LLC",,,,,,,,,,,
,,,EAST LANSING,EAST LANSING,,FOREIGN LIMITED LIABILITY COMPANY,801874409,D9115E,601 ABBOT ROAD,,CSC-LAWYERS INCORPORATING SERVICE (COMPANY),MI,MI,601 ABBOT ROAD,Perpetual,,https://cofs.lara.state.mi.us/CorpWeb/CorpSearch/CorpSummary.aspx?ID=801874409&SEARCH_TYPE=1,48823,48823,12/01/2011,,,,,,2010,"WALGREENS SPECIALTY PHARMACY, LLC",,,,,,,,,,,
,,,EAST LANSING,EAST LANSING,,FOREIGN LIMITED LIABILITY COMPANY,801874409,D9115E,601 ABBOT ROAD,,CSC-LAWYERS INCORPORATING SERVICE (COMPANY),MI,MI,601 ABBOT ROAD,Perpetual,,https://cofs.lara.state.mi.us/CorpWeb/CorpSearch/CorpSummary.aspx?ID=801874409&SEARCH_TYPE=1,48823,48823,12/01/2011,,,,,,2010,"WALGREENS SPECIALTY PHARMACY, LLC",,,,,,,,,,,
,,,EAST LANSING,EAST LANSING,,FOREIGN LIMITED LIABILITY COMPANY,801874409,D9115E,601 ABBOT ROAD,,CSC-LAWYERS INCORPORATING SERVICE (COMPANY),MI,MI,601 ABBOT ROAD,Perpetual,,https://cofs.lara.state.mi.us/CorpWeb/CorpSearch/CorpSummary.aspx?ID=801874409&SEARCH_TYPE=1,48823,48823,12/01/2011,,,,,,2010,"WALGREENS SPECIALTY PHARMACY, LLC",,,,,,,,,,,
,,,EAST LANSING,EAST LANSING,,FOREIGN LIMITED LIABILITY COMPANY,801874409,D9115E,601 ABBOT ROAD,,CSC-LAWYERS INCORPORATING SERVICE (COMPANY),MI,MI,601 ABBOT ROAD,Perpetual,,https://cofs.lara.state.mi.us/CorpWeb/CorpSearch/CorpSummary.aspx?ID=801874409&SEARCH_TYPE=1,48823,48823,12/01/2011,,,,,,2010,"WALGREENS SPECIALTY PHARMACY, LLC",,,,,,,,,,,
,,,EAST LANSING,EAST LANSING,,FOREIGN LIMITED LIABILITY COMPANY,802116753,E91909,601 ABBOT ROAD,,CSC-LAWYERS INCORPORATING SERVICE (COMPANY),MI,MI,601 ABBOT ROAD,Perpetual,,https://cofs.lara.state.mi.us/CorpWeb/CorpSearch/CorpSummary.aspx?ID=802116753&SEARCH_TYPE=1,48823,48823,09/22/2017,,,,,,2010,"CYSTIC FIBROSIS SERVICES, LLC",,,,,,,,,,,
,,,EAST LANSING,,,FOREIGN PROFIT CORPORATION,800998493,611497,,09/20/2017,"THE PRENTICE-HALL CORPORATION SYSTEM, INC.",MI,,601 ABBOT ROAD,Perpetual,,https://cofs.lara.state.mi.us/CorpWeb/CorpSearch/CorpSummary.aspx?ID=800998493&SEARCH_TYPE=1,48823,,07/19/1994,2017,2017,"CYSTIC FIBROSIS SERVICES, INC.",,,2010,,,,,,,,,,,,
,,,EAST LANSING,EAST LANSING,,FOREIGN LIMITED LIABILITY COMPANY,801874409,D9115E,601 ABBOT ROAD,,CSC-LAWYERS INCORPORATING SERVICE (COMPANY),MI,MI,601 ABBOT ROAD,Perpetual,,https://cofs.lara.state.mi.us/CorpWeb/CorpSearch/CorpSummary.aspx?ID=801874409&SEARCH_TYPE=1,48823,48823,12/01/2011,,,,,,2010,"WALGREENS SPECIALTY PHARMACY, LLC",,,,,,,,,,,
,,,EAST LANSING,EAST LANSING,,FOREIGN LIMITED LIABILITY COMPANY,801875255,D91658,601 ABBOT ROAD,,CSC-LAWYERS INCORPORATING SERVICE (COMPANY),MI,MI,601 ABBOT ROAD,Perpetual,,https://cofs.lara.state.mi.us/CorpWeb/CorpSearch/CorpSummary.aspx?ID=801875255&SEARCH_TYPE=1,48823,48823,06/19/2012,,,,,,2010,PRIME THERAPEUTICS SPECIALTY PHARMACY LLC,,,,,,,,,,,
,,,EAST LANSING,EAST LANSING,,FOREIGN LIMITED LIABILITY COMPANY,801875255,D91658,601 ABBOT ROAD,,CSC-LAWYERS INCORPORATING SERVICE (COMPANY),MI,MI,601 ABBOT ROAD,Perpetual,,https://cofs.lara.state.mi.us/CorpWeb/CorpSearch/CorpSummary.aspx?ID=801875255&SEARCH_TYPE=1,48823,48823,06/19/2012,,,,,,2010,PRIME THERAPEUTICS SPECIALTY PHARMACY LLC,,,,,,,,,,,
,,,EAST LANSING,EAST LANSING,,FOREIGN LIMITED LIABILITY COMPANY,801875255,D91658,601 ABBOT ROAD,,CSC-LAWYERS INCORPORATING SERVICE (COMPANY),MI,MI,601 ABBOT ROAD,Perpetual,,https://cofs.lara.state.mi.us/CorpWeb/CorpSearch/CorpSummary.aspx?ID=801875255&SEARCH_TYPE=1,48823,48823,06/19/2012,,,,,,2010,PRIME THERAPEUTICS SPECIALTY PHARMACY LLC,,,,,,,,,,,
,,,EAST LANSING,EAST LANSING,,FOREIGN LIMITED LIABILITY COMPANY,802116753,E91909,601 ABBOT ROAD,,CSC-LAWYERS INCORPORATING SERVICE (COMPANY),MI,MI,601 ABBOT ROAD,Perpetual,,https://cofs.lara.state.mi.us/CorpWeb/CorpSearch/CorpSummary.aspx?ID=802116753&SEARCH_TYPE=1,48823,48823,09/22/2017,,,,,,2010,"CYSTIC FIBROSIS SERVICES, LLC",,,,,,,,,,,
,,,EAST LANSING,EAST LANSING,,FOREIGN LIMITED LIABILITY COMPANY,802116753,E91909,601 ABBOT ROAD,,CSC-LAWYERS INCORPORATING SERVICE (COMPANY),MI,MI,601 ABBOT ROAD,Perpetual,,https://cofs.lara.state.mi.us/CorpWeb/CorpSearch/CorpSummary.aspx?ID=802116753&SEARCH_TYPE=1,48823,48823,09/22/2017,,,,,,2010,"CYSTIC FIBROSIS SERVICES, LLC",,,,,,,,,,,
023-1993 Michigan Limited Liability Company Act,,,HOLLAND,,01/28/2005,DOMESTIC LIMITED LIABILITY COMPANY,801305598,B4860L,,All Purpose Clause,DOUGLAS DEKOCK,MI,,12 WEST 8TH ST STE 250,Perpetual,"BCW INVESTMENTS, LLC",https://cofs.lara.state.mi.us/CorpWeb/CorpSearch/CorpSummary.aspx?ID=801305598&SEARCH_TYPE=1,49423,,,,,,,,2010,,,,,,,,,,,,
,,,EAST LANSING,EAST LANSING,,FOREIGN PROFIT CORPORATION,800988281,607183,601 ABBOT ROAD,,"THE PRENTICE-HALL CORPORATION SYSTEM, INC.",MI,MI,601 ABBOT ROAD,Perpetual,,https://cofs.lara.state.mi.us/CorpWeb/CorpSearch/CorpSummary.aspx?ID=800988281&SEARCH_TYPE=1,48823,48823,04/23/1927,2019,2019,WALGREEN CO.,,,2010,,,,,,,,,,,,
,,,EAST LANSING,EAST LANSING,,FOREIGN PROFIT CORPORATION,800988281,607183,601 ABBOT ROAD,,"THE PRENTICE-HALL CORPORATION SYSTEM, INC.",MI,MI,601 ABBOT ROAD,Perpetual,,https://cofs.lara.state.mi.us/CorpWeb/CorpSearch/CorpSummary.aspx?ID=800988281&SEARCH_TYPE=1,48823,48823,04/23/1927,2019,2019,WALGREEN CO.,,,2010,,,,,,,,,,,,
,,,EAST LANSING,EAST LANSING,,FOREIGN PROFIT CORPORATION,800988281,607183,601 ABBOT ROAD,,"THE PRENTICE-HALL CORPORATION SYSTEM, INC.",MI,MI,601 ABBOT ROAD,Perpetual,,https://cofs.lara.state.mi.us/CorpWeb/CorpSearch/CorpSummary.aspx?ID=800988281&SEARCH_TYPE=1,48823,48823,04/23/1927,2019,2019,WALGREEN CO.,,,2010,,,,,,,,,,,,
,,,EAST LANSING,EAST LANSING,,FOREIGN PROFIT CORPORATION,800988281,607183,601 ABBOT ROAD,,"THE PRENTICE-HALL CORPORATION SYSTEM, INC.",MI,MI,601 ABBOT ROAD,Perpetual,,https://cofs.lara.state.mi.us/CorpWeb/CorpSearch/CorpSummary.aspx?ID=800988281&SEARCH_TYPE=1,48823,48823,04/23/1927,2019,2019,WALGREEN CO.,,,2010,,,,,,,,,,,,
,,,PLYMOUTH,,,FOREIGN LIMITED LIABILITY COMPANY,801882857,E9029H,,,CT CORPORATION,MI,,40600 ANN ARBOR RD E STE 201,Perpetual,,https://cofs.lara.state.mi.us/CorpWeb/CorpSearch/CorpSummary.aspx?ID=801882857&SEARCH_TYPE=1,48170,,11/02/2015,,,,,,2010,ERH-NNN-1 LLC,,,,,,,,,,,
023-1993 Michigan Limited Liability Company Act,,,PORTAGE,,10/25/2004,DOMESTIC LIMITED LIABILITY COMPANY,801297501,B3261U,,All Purpose Clause,JOSEPH L GESMUNDO,MI,,4200 CENTRE AVE,Perpetual,"GULL ROAD RETAIL, LLC",https://cofs.lara.state.mi.us/CorpWeb/CorpSearch/CorpSummary.aspx?ID=801297501&SEARCH_TYPE=1,49024,,,,,,,,2010,,,,,,,,,,,,
,,,EAST LANSING,EAST LANSING,,FOREIGN PROFIT CORPORATION,801995416,60840T,601 ABBOT ROAD,,CSC-LAWYERS INCORPORATING SERVICE (COMPANY),MI,MI,601 ABBOT ROAD,Perpetual,,https://cofs.lara.state.mi.us/CorpWeb/CorpSearch/CorpSummary.aspx?ID=801995416&SEARCH_TYPE=1,48823,48823,11/28/2016,2019,2019,"WALGREENS.COM, INC.",,,2010,,,,,,,,,,,,
,,,EAST LANSING,EAST LANSING,,FOREIGN PROFIT CORPORATION,801995416,60840T,601 ABBOT ROAD,,CSC-LAWYERS INCORPORATING SERVICE (COMPANY),MI,MI,601 ABBOT ROAD,Perpetual,,https://cofs.lara.state.mi.us/CorpWeb/CorpSearch/CorpSummary.aspx?ID=801995416&SEARCH_TYPE=1,48823,48823,11/28/2016,2019,2019,"WALGREENS.COM, INC.",,,2010,,,,,,,,,,,,
,,,EAST LANSING,EAST LANSING,,FOREIGN PROFIT CORPORATION,800988281,607183,601 ABBOT ROAD,,"THE PRENTICE-HALL CORPORATION SYSTEM, INC.",MI,MI,601 ABBOT ROAD,Perpetual,,https://cofs.lara.state.mi.us/CorpWeb/CorpSearch/CorpSummary.aspx?ID=800988281&SEARCH_TYPE=1,48823,48823,04/23/1927,2019,2019,WALGREEN CO.,,,2010,,,,,,,,,,,,
023-1993 Michigan Limited Liability Company Act,,,SOUTHFIELD,,02/03/2015,DOMESTIC LIMITED LIABILITY COMPANY,801805601,E58723,,All Purpose Clause,BRANDON HANNA,MI,,2 TOWN SQUARE STE 450,Perpetual,ESSEXVILLE RITE AID LLC,https://cofs.lara.state.mi.us/CorpWeb/CorpSearch/CorpSummary.aspx?ID=801805601&SEARCH_TYPE=1,48076,,,,,,,,2022,,,,,,,,,,,,
023-1993 Michigan Limited Liability Company Act,STE 201,,BLOOMFIELD HILLS,,05/31/2006,DOMESTIC LIMITED LIABILITY COMPANY,801371311,D03046,,All Purpose Clause,ARKAN F JONNA,MI,,4036 TELEGRAPH RD,Perpetual,"FLAT ROCK RITE AID, LLC",https://cofs.lara.state.mi.us/CorpWeb/CorpSearch/CorpSummary.aspx?ID=801371311&SEARCH_TYPE=1,48302,,,,,,,,2022,,,,,,,,,,,,
023-1993 Michigan Limited Liability Company Act,,,SOUTHFIELD,,01/15/2015,DOMESTIC LIMITED LIABILITY COMPANY,801747663,E5762D,,All Purpose Clause,BRANDON HANNA,MI,,2 TOWNE SQ STE 450,Perpetual,FORD RD RITE AID LLC,https://cofs.lara.state.mi.us/CorpWeb/CorpSearch/CorpSummary.aspx?ID=801747663&SEARCH_TYPE=1,48076,,,,,,,,2022,,,,,,,,,,,,
023-1993 Michigan Limited Liability Company Act,,,SOUTHFIELD,,02/03/2015,DOMESTIC LIMITED LIABILITY COMPANY,801800533,E58841,,All Purpose Clause,BRANDON HANNA,MI,,2 TOWN SQUARE STE 450,Perpetual,GARDEN CITY RITE AID LLC,https://cofs.lara.state.mi.us/CorpWeb/CorpSearch/CorpSummary.aspx?ID=801800533&SEARCH_TYPE=1,48076,,,,,,,,2022,,,,,,,,,,,,
023-1993 Michigan Limited Liability Company Act,,,BLOOMFIELD HILLS,,04/18/2007,DOMESTIC LIMITED LIABILITY COMPANY,801412955,D17525,,01/23/2009,ARKAN JONNA,MI,,4036 TELEGRAPH RD STE 201,Perpetual,"GRAND BLANC RITE AID, LLC",https://cofs.lara.state.mi.us/CorpWeb/CorpSearch/CorpSummary.aspx?ID=801412955&SEARCH_TYPE=1,48302,,,,,,,,2022,,,,,,,,,,,,
023-1993 Michigan Limited Liability Company Act,,,ANN ARBOR,,11/15/2006,DOMESTIC LIMITED LIABILITY COMPANY,801391128,D1099C,,All Purpose Clause,MIKE JABORO,MI,,2424 WEST STADIUM BLVD.,Perpetual,"HOLLY RITE AID, LLC",https://cofs.lara.state.mi.us/CorpWeb/CorpSearch/CorpSummary.aspx?ID=801391128&SEARCH_TYPE=1,48103,,,,,,,,2022,,,,,,,,,,,,
023-1993 Michigan Limited Liability Company Act,,,BLOOMFIELD HILLS,,04/18/2007,DOMESTIC LIMITED LIABILITY COMPANY,801411304,D17487,,01/23/2009,ARKAN JONNA,MI,,4036 TELEGRAPH RD STE 201,Perpetual,"INDEPENDENCE RITE AID, LLC",https://cofs.lara.state.mi.us/CorpWeb/CorpSearch/CorpSummary.aspx?ID=801411304&SEARCH_TYPE=1,48302,,,,,,,,2022,,,,,,,,,,,,
023-1993 Michigan Limited Liability Company Act,,,BLOOMFIELD HILLS,,04/18/2007,DOMESTIC LIMITED LIABILITY COMPANY,801411305,D17488,,02/15/2011,ARKAN JONNA,MI,,4036 TELEGRAPH RD STE 201,Perpetual,"IONIA RITE AID, LLC",https://cofs.lara.state.mi.us/CorpWeb/CorpSearch/CorpSummary.aspx?ID=801411305&SEARCH_TYPE=1,48302,,,,,,,,2022,,,,,,,,,,,,
023-1993 Michigan Limited Liability Company Act,,,BLOOMFIELD HILLS,,05/31/2006,DOMESTIC LIMITED LIABILITY COMPANY,801371310,D03405,,All Purpose Clause,ARKAN F JONNA,MI,,4036 TELEGRAPH RD STE 201,Perpetual,"MACOMB RITE AID, LLC",https://cofs.lara.state.mi.us/CorpWeb/CorpSearch/CorpSummary.aspx?ID=801371310&SEARCH_TYPE=1,48302,,,,,,,,2022,,,,,,,,,,,,
023-1993 Michigan Limited Liability Company Act,,,PLYMOUTH,,04/19/2006,DOMESTIC LIMITED LIABILITY COMPANY,801362103,D0215F,,All Purpose Clause,THE CORPORATION COMPANY,MI,,40600 ANN ARBOR RD E STE 201,Perpetual,MANN MILFORD RITE AID LLC,https://cofs.lara.state.mi.us/CorpWeb/CorpSearch/CorpSummary.aspx?ID=801362103&SEARCH_TYPE=1,48170,,,,,,,,2022,,,,,,,,,,,,
023-1993 Michigan Limited Liability Company Act,,,BLOOMFIELD HILLS,,04/18/2007,DOMESTIC LIMITED LIABILITY COMPANY,801411306,D17489,,01/23/2009,ARKAN JONNA,MI,,4036 TELEGRAPH RD STE 201,Perpetual,"NOVI RITE AID, LLC",https://cofs.lara.state.mi.us/CorpWeb/CorpSearch/CorpSummary.aspx?ID=801411306&SEARCH_TYPE=1,48302,,,,,,,,2022,,,,,,,,,,,,
327-1931 Michigan General Corporation Act,,,EAST LANSING,,,DOMESTIC PROFIT CORPORATION,800013236,006917,,05/15/1988,SIDNEY ROSENBERG,MI,,211 1/2 E. GRAND RIVER,07/06/1994,,https://cofs.lara.state.mi.us/CorpWeb/CorpSearch/CorpSummary.aspx?ID=800013236&SEARCH_TYPE=1,48823,,,,1987,,07/06/1964,"M N S WHOLESALE DISTRIBUTORS, INC.",2022,,,,,,,,,,,,
232-1903 Manufacturing and Mercantile Companies,,,PLYMOUTH,,,DOMESTIC PROFIT CORPORATION,800058320,055154,,All Purpose Clause,THE CORPORATION COMPANY,MI,,40600 ANN ARBOR RD E STE 201,Perpetual,,https://cofs.lara.state.mi.us/CorpWeb/CorpSearch/CorpSummary.aspx?ID=800058320&SEARCH_TYPE=1,48170,,,2019,2019,,05/06/1920,"PERRY DRUG STORES, INC.",2022,,,,,,,,,,,,"35,000,000"
284-1972 Business Corporation Act,,,FENTON,,,DOMESTIC PROFIT CORPORATION,800106506,102735,,05/15/1988,DONALD E. LEFANOWICZ,MI,,1210 N. LEROY ST.,Perpetual,,https://cofs.lara.state.mi.us/CorpWeb/CorpSearch/CorpSummary.aspx?ID=800106506&SEARCH_TYPE=1,48430,,,,1985,,10/01/1975,"DON LEFANOWICZ DRUG STORE, INC.",2022,,,,,,,,,,,,
327-1931 Michigan General Corporation Act,,,DETROIT,,,DOMESTIC PROFIT CORPORATION,800114103,112369,,05/15/1991,THE CORPORATION COMPANY,MI,,615 GRISWOLD,02/19/1995,,https://cofs.lara.state.mi.us/CorpWeb/CorpSearch/CorpSummary.aspx?ID=800114103&SEARCH_TYPE=1,48226,,,,1988,,02/19/1965,"MIDLAND-VALLEY DRUG, INC.",2022,,,,,,,,,,,,
327-1931 Michigan General Corporation Act,,,FLINT,,,DOMESTIC PROFIT CORPORATION,800145234,140287,,05/15/1988,JACK H. HERRLICH,MI,,116 W. FIRST AVE.,Perpetual,,https://cofs.lara.state.mi.us/CorpWeb/CorpSearch/CorpSummary.aspx?ID=800145234&SEARCH_TYPE=1,48502,,,,1985,,03/28/1956,"JACK H. HERRLICH, INC.",2022,,,,,,,,,,,,
327-1931 Michigan General Corporation Act,,,,,,DOMESTIC PROFIT CORPORATION,800176561,170691,,05/15/1991,,,,,07/22/1996,,https://cofs.lara.state.mi.us/CorpWeb/CorpSearch/CorpSummary.aspx?ID=800176561&SEARCH_TYPE=1,,,,,1988,,07/22/1966,"REMES DRUG STORES, INCORPORATED",2022,,,,,,,,,,,,
284-1972 Business Corporation Act,,,PLYMOUTH,PLYMOUTH,,DOMESTIC PROFIT CORPORATION,800301257,293646,40600 ANN ARBOR RD E STE 201,,THE CORPORATION COMPANY,MI,MI,40600 ANN ARBOR RD E STE 201,Perpetual,,https://cofs.lara.state.mi.us/CorpWeb/CorpSearch/CorpSummary.aspx?ID=800301257&SEARCH_TYPE=1,48170,48170,,2019,2019,,05/27/1982,"APEX DRUG STORES, INC.",2022,,,,,,,,,,,,
284-1972 Business Corporation Act,,,PLYMOUTH,,,DOMESTIC PROFIT CORPORATION,800338323,334136,,All Purpose Clause,THE CORPORATION COMPANY,MI,,40600 ANN ARBOR RD E STE 201,Perpetual,,https://cofs.lara.state.mi.us/CorpWeb/CorpSearch/CorpSummary.aspx?ID=800338323&SEARCH_TYPE=1,48170,,,2019,2019,,06/19/1984,"RITE AID OF MICHIGAN, INC.",2022,,,,,,,,,,,,"1,000"
284-1972 Business Corporation Act,,,PLYMOUTH,,,DOMESTIC PROFIT CORPORATION,800243164,241090,,All Purpose Clause,THE CORPORATION COMPANY,MI,,40600 ANN ARBOR RD E STE 201,Perpetual,,https://cofs.lara.state.mi.us/CorpWeb/CorpSearch/CorpSummary.aspx?ID=800243164&SEARCH_TYPE=1,48170,,,2019,2019,,06/15/1990,"PDS-1 MICHIGAN, INC.",2022,,,,,,,,,,,,"60,000"
284-1972 Business Corporation Act,,,PLYMOUTH,,,DOMESTIC PROFIT CORPORATION,800338323,334136,,All Purpose Clause,THE CORPORATION COMPANY,MI,,40600 ANN ARBOR RD E STE 201,Perpetual,,https://cofs.lara.state.mi.us/CorpWeb/CorpSearch/CorpSummary.aspx?ID=800338323&SEARCH_TYPE=1,48170,,,2019,2019,,06/19/1984,"RITE AID OF MICHIGAN, INC.",2022,,,,,,,,,,,,"1,000"
284-1972 Business Corporation Act,,,PLYMOUTH,,,DOMESTIC PROFIT CORPORATION,800338323,334136,,All Purpose Clause,THE CORPORATION COMPANY,MI,,40600 ANN ARBOR RD E STE 201,Perpetual,,https://cofs.lara.state.mi.us/CorpWeb/CorpSearch/CorpSummary.aspx?ID=800338323&SEARCH_TYPE=1,48170,,,2019,2019,,06/19/1984,"RITE AID OF MICHIGAN, INC.",2022,,,,,,,,,,,,"1,000"
284-1972 Business Corporation Act,,,PLYMOUTH,,,DOMESTIC PROFIT CORPORATION,800338323,334136,,All Purpose Clause,THE CORPORATION COMPANY,MI,,40600 ANN ARBOR RD E STE 201,Perpetual,,https://cofs.lara.state.mi.us/CorpWeb/CorpSearch/CorpSummary.aspx?ID=800338323&SEARCH_TYPE=1,48170,,,2019,2019,,06/19/1984,"RITE AID OF MICHIGAN, INC.",2022,,,,,,,,,,,,"1,000"
284-1972 Business Corporation Act,,,PLYMOUTH,,,DOMESTIC PROFIT CORPORATION,800338323,334136,,All Purpose Clause,THE CORPORATION COMPANY,MI,,40600 ANN ARBOR RD E STE 201,Perpetual,,https://cofs.lara.state.mi.us/CorpWeb/CorpSearch/CorpSummary.aspx?ID=800338323&SEARCH_TYPE=1,48170,,,2019,2019,,06/19/1984,"RITE AID OF MICHIGAN, INC.",2022,,,,,,,,,,,,"1,000"
,,,BINGHAM FARMS,,,FOREIGN PROFIT CORPORATION,801006138,623553,,12/10/2002,THE CORPORATION COMPANY,MI,,30600 TELEGRAPH ROAD,Perpetual,,https://cofs.lara.state.mi.us/CorpWeb/CorpSearch/CorpSummary.aspx?ID=801006138&SEARCH_TYPE=1,48025,,05/08/1985,2001,2002,"RITE AID DRUG PALACE, INC.",,,2022,,,,,,,,,,,,
284-1972 Business Corporation Act,,,MT PLEASANT,,,DOMESTIC PROFIT CORPORATION,800495165,476268,,All Purpose Clause,GREG MCCARTHY,MI,,121 E BROADWAY,Perpetual,,https://cofs.lara.state.mi.us/CorpWeb/CorpSearch/CorpSummary.aspx?ID=800495165&SEARCH_TYPE=1,48858,,,2018,2019,,09/10/1997,"WILLIAM MCCARTHY, INC.",2037,,,,,,,,,,,,
284-1972 Business Corporation Act,,,MT PLEASANT,,,DOMESTIC PROFIT CORPORATION,800495165,476268,,All Purpose Clause,GREG MCCARTHY,MI,,121 E BROADWAY,Perpetual,,https://cofs.lara.state.mi.us/CorpWeb/CorpSearch/CorpSummary.aspx?ID=800495165&SEARCH_TYPE=1,48858,,,2018,2019,,09/10/1997,"WILLIAM MCCARTHY, INC.",2037,,,,,,,,,,,,
284-1972 Business Corporation Act,,,MANISTEE,,,DOMESTIC PROFIT CORPORATION,800250283,240745,,All Purpose Clause,WILLIAM T. BARZ,MI,,3244 CRESCENT BEACH RD,Perpetual,,https://cofs.lara.state.mi.us/CorpWeb/CorpSearch/CorpSummary.aspx?ID=800250283&SEARCH_TYPE=1,49660,,,2018,2019,,03/04/1982,THE BARZ OPEN INC.,2037,,,,,,,,,,,,
284-1972 Business Corporation Act,,,L'ANSE,,,DOMESTIC PROFIT CORPORATION,800643026,44198D,,All Purpose Clause,MICHAEL LYTIKAINEN,MI,,801 N MAIN ST,Perpetual,,https://cofs.lara.state.mi.us/CorpWeb/CorpSearch/CorpSummary.aspx?ID=800643026&SEARCH_TYPE=1,49946,,,2016,2016,,12/07/2004,"LUTES' CORNER STORE, INC.",2040,,,,,,,,,,,,
