address,block,countyfp,lat,lon,match,matchtype,parsed,side,statefp,tigerlineid,tract,matchsource,Coordinates,On Tribe Land,Assoc Tribe,Assoc Res,FDA_match,id,FDA_dist_miles,FDA_coord,Niel_id,TDLinx Store Code,File Date,Store Status Indicator,bizname,Store Number,paddress1,pcity,pstate,pzip,Store Place Name,Store State FIPS Code ,Store County FIPS Code ,Store Country Name,Trade Channel Code,Sub-Channel Code,Number of Stores/Outlets Code,Chain Indicator,Area Code,Phone Number,Store Volume ,Weekly Volume (000s),Area of Selling Space ,Full Time Employee Equivalents,Number of Checkouts,TDLinx Account Code for the Owner/Company,Retail Family Code for the Owner/Company,Owner Name,Owner City,Owner State ,Owner State FIPS Code,Owner County FIPS Code,TDLinx Account Code for the Marketing Group ,Marketing Group Name,Non-Corporate Owned,paddress2,FDA_id
"125 Goddard Ave, Ignacio, CO, 81137",2036.0,67.0,37.119125,-107.63311000000002,True,Exact,"125 GODDARD AVE, IGNACIO, CO, 81137",L,8.0,91702445.0,940300.0,Census,POINT (-107.63311 37.119125),True,Southern Ute,Southern Ute Reservation,True,,0.0028927593672792634,GEOMETRYCOLLECTION EMPTY,1424206.0,1424206,20181116,O-Open Store,PINON LIQUORS,,125 GODDARD AVE,IGNACIO,CO,81137,Ignacio,8,67,USA,02-Liquor,2-Conventional Liquor,A-1 Store,I-Independent Store,970.0,5634083.0,"05-$2,000,001 to $4,000,000",40,3,0,0,999999,99999,Independent,,,,,555555,No Group Assignment,N,,386.0
"900 S California Ave, Parker, AZ, 85344",2145.0,12.0,34.151245,-114.2897,True,Non_Exact,"900 S CALIFORNIA AVE, PARKER, AZ, 85344",L,4.0,129736081.0,940200.0,Census,POINT (-114.2897 34.151245),True,Colorado River,Colorado River Indian Reservation,True,,0.00860651654922284,GEOMETRYCOLLECTION EMPTY,769408.0,769408,20181116,O-Open Store,LITTLE BROWN JUG,,900 S CALIFORNIA AVE,PARKER,AZ,85344,Parker,4,12,USA,02-Liquor,2-Conventional Liquor,A-1 Store,I-Independent Store,928.0,6698284.0,"02-$500,001 to $1,000,000",15,2,0,0,999999,99999,Independent,,,,,555555,No Group Assignment,N,,21.0
"113 Main St, McLaughlin, SD, 57642",,,45.8152915,-100.8110564,True,RANGE_INTERPOLATED,,,,,,Google,POINT (-100.8110564 45.8152915),True,Standing Rock,Standing Rock Reservation,True,,0.029709331962302868,GEOMETRYCOLLECTION EMPTY,1413901.0,1413901,20181116,O-Open Store,MCLAUGHLIN LIQUOR STORE,,113 MAIN ST,MCLAUGHLIN,SD,57642,McLaughlin,46,31,USA,02-Liquor,2-Conventional Liquor,A-1 Store,I-Independent Store,605.0,8234425.0,"03-$1,000,001 to $1,500,000",25,1,0,0,999999,99999,Independent,,,,,555555,No Group Assignment,N,,1599.0
"555 Goddard Ave, Ignacio, CO, 81137",,,37.1155279,-107.63345100000001,True,RANGE_INTERPOLATED,,,,,,Google,POINT (-107.633451 37.1155279),True,Southern Ute,Southern Ute Reservation,True,,0.008926725679116723,GEOMETRYCOLLECTION EMPTY,3869665.0,3869665,20181116,O-Open Store,WELLS LIQUOR,,555 GODDARD AVE,IGNACIO,CO,81137,Ignacio,8,67,USA,02-Liquor,2-Conventional Liquor,A-1 Store,I-Independent Store,970.0,5633633.0,"05-$2,000,001 to $4,000,000",40,3,0,0,999999,99999,Independent,,,,,555555,No Group Assignment,N,,378.0
"347 Main St, New Town, ND, 58763",,,47.9795206,-102.4860018,True,ROOFTOP,,,,,,Google,POINT (-102.4860018 47.9795206),True,Fort Berthold,Fort Berthold Reservation,True,,0.03793107411108054,GEOMETRYCOLLECTION EMPTY,1411154.0,1411154,20181116,O-Open Store,CORNER LIQUOR,,347 MAIN ST,NEW TOWN,ND,58763,New Town,38,61,USA,02-Liquor,2-Conventional Liquor,A-1 Store,I-Independent Store,701.0,6274448.0,"02-$500,001 to $1,000,000",10,4,0,0,999999,99999,Independent,,,,,555555,No Group Assignment,N,,842.0
"601 W Bridge St, Yerington, NV, 89447",1036.0,19.0,38.982964,-119.17022,True,Exact,"601 W BRIDGE ST, YERINGTON, NV, 89447",L,32.0,140352175.0,960900.0,Census,POINT (-119.17022 38.982964),True,Yerington,Yerington Colony,True,,0.12307751700943093,GEOMETRYCOLLECTION EMPTY,1535142.0,1535142,20181116,O-Open Store,PAIUTE TRIBE SMOKE SHOP,,601 W BRIDGE ST,YERINGTON,NV,89447,Yerington,32,19,USA,04-Cigarette Outlet,4-Conventional Cigarette Outlet,A-1 Store,I-Independent Store,775.0,4633670.0,,0,0,0,0,999999,99999,Independent,,,,,555555,No Group Assignment,N,,1016.0
"852 Bloomingdale Rd, Basom, NY, 14013",1015.0,37.0,43.0628,-78.41897,True,Exact,"852 BLOOMINGDALE RD, BASOM, NY, 14013",R,36.0,48146031.0,940100.0,Census,POINT (-78.41897 43.0628),True,Tonawanda,Tonawanda Reservation,True,,0.14922202006507032,GEOMETRYCOLLECTION EMPTY,1522063.0,1522063,20181116,O-Open Store,ARROWHAWK SMOKE SHOP,,852 BLOOMINGDALE RD,BASOM,NY,14013,Basom,36,37,USA,04-Cigarette Outlet,4-Conventional Cigarette Outlet,A-1 Store,I-Independent Store,716.0,5426212.0,,0,0,0,0,999999,99999,Independent,,,,,555555,No Group Assignment,N,,1170.0
"76 Beaver Meadow Rd, Hogansburg, NY, 13655",2012.0,33.0,44.955635,-74.57517,True,Exact,"76 BEAVER MEADOW RD, HOGANSBURG, NY, 13655",R,36.0,173850156.0,940000.0,Census,POINT (-74.57517 44.955635),True,St. Regis Mohawk,St. Regis Mohawk Reservation,True,,0.05047892982017183,GEOMETRYCOLLECTION EMPTY,2246693.0,2246693,20181116,O-Open Store,ANOTHER DAMN CIGARETTE STORE,,76 BEAVER MEADOW RD,HOGANSBURG,NY,13655,Hogansburg,36,33,USA,04-Cigarette Outlet,4-Conventional Cigarette Outlet,A-1 Store,I-Independent Store,518.0,3582800.0,,0,0,0,0,999999,99999,Independent,,,,,555555,No Group Assignment,N,,1064.0
"4900 Indian Hill Rd, Lewiston, NY, 14092",1001.0,63.0,43.176876,-78.983986,True,Exact,"4900 INDIAN HILL RD, LEWISTON, NY, 14092",L,36.0,605139021.0,940001.0,Census,POINT (-78.983986 43.176876),True,Tuscarora Nation,Tuscarora Nation Reservation,True,,0.046643428391126,GEOMETRYCOLLECTION EMPTY,7587072.0,7587072,20181116,O-Open Store,SMOKIN JOES,3,4900 INDIAN HILL RD,LEWISTON,NY,14092,Lewiston,36,63,USA,04-Cigarette Outlet,4-Conventional Cigarette Outlet,D-6-10 Stores,C-Chain Store,716.0,2619348.0,,0,0,0,0,115467,323,Smokin Joes HQ,Sanborn,NY,36.0,63.0,555555,No Group Assignment,N,,1107.0
"5446 Walmore Rd, Lewiston, NY, 14092",2005.0,63.0,43.155429999999996,-78.93542,True,Exact,"5446 WALMORE RD, LEWISTON, NY, 14092",R,36.0,634252567.0,940001.0,Census,POINT (-78.93541999999999 43.15543),True,Tuscarora Nation,Tuscarora Nation Reservation,True,,0.10723127511681152,GEOMETRYCOLLECTION EMPTY,1529990.0,1529990,20181116,O-Open Store,JAYS PLACE,,5446 WALMORE RD,LEWISTON,NY,14092,Lewiston,36,63,USA,04-Cigarette Outlet,4-Conventional Cigarette Outlet,A-1 Store,I-Independent Store,716.0,2985324.0,,0,0,0,0,999999,99999,Independent,,,,,555555,No Group Assignment,N,,1177.0
"4996 W Rogers Blvd, Skiatook, OK, 74070",2064.0,113.0,36.368595,-96.03971,True,Exact,"4996 W ROGERS BLVD, SKIATOOK, OK, 74070",L,40.0,82388180.0,940010.0,Census,POINT (-96.03971 36.368595),True,Osage,Osage Reservation,True,,0.563946021185852,GEOMETRYCOLLECTION EMPTY,1581255.0,1581255,20181116,O-Open Store,OSAGE TRADING CO,,4996 W ROGERS BLVD,SKIATOOK,OK,74070,Skiatook,40,113,USA,04-Cigarette Outlet,4-Conventional Cigarette Outlet,A-1 Store,I-Independent Store,918.0,3963675.0,,0,0,0,0,999999,99999,Independent,,,,,555555,No Group Assignment,N,,1414.0
"109 S Main St, Kooskia, ID, 83539",3012.0,49.0,46.138863,-115.97876000000001,True,Exact,"109 MAIN ST, KOOSKIA, ID, 83539",R,16.0,195883245.0,940000.0,Census,POINT (-115.97876 46.138863),True,Nez Perce,Nez Perce Reservation,True,,0.006758757236848523,GEOMETRYCOLLECTION EMPTY,1526473.0,1526473,20181116,O-Open Store,PURPLE FEATHER SMOKE SHOP,,109 S MAIN ST,KOOSKIA,ID,83539,Kooskia,16,49,USA,04-Cigarette Outlet,4-Conventional Cigarette Outlet,A-1 Store,I-Independent Store,208.0,9267356.0,,0,0,0,0,999999,99999,Independent,,,,,555555,No Group Assignment,N,,494.0
"5318 Chief Brown Ln, Darrington, WA, 98241",,,48.3200381,-121.55297759999998,True,ROOFTOP,,,,,,Google,POINT (-121.5529776 48.3200381),True,Sauk-Suiattle,Sauk-Suiattle Reservation,True,,0.08020242570247439,GEOMETRYCOLLECTION EMPTY,2227294.0,2227294,20181116,O-Open Store,TWO RIVERS SMOKE SHOP,,5318 CHIEF BROWN LN,DARRINGTON,WA,98241,Darrington,53,57,USA,04-Cigarette Outlet,4-Conventional Cigarette Outlet,A-1 Store,I-Independent Store,360.0,4362105.0,,0,0,0,0,999999,99999,Independent,,,,,555555,No Group Assignment,N,,1736.0
"597 Peace Pipe Rd, Lac du Flambeau, WI, 54538",1258.0,125.0,45.970515999999996,-89.89248,True,Exact,"597 PEACE PIPE RD, LAC DU FLAMBEAU, WI, 54538",L,55.0,165565869.0,940000.0,Census,POINT (-89.89248000000001 45.970516),True,Lac du Flambeau,Lac du Flambeau Reservation,True,,0.2514071483429645,GEOMETRYCOLLECTION EMPTY,2075374.0,2075374,20181116,O-Open Store,LDF SMOKE SHOP,,597 PEACE PIPE RD,LAC DU FLAMBEAU,WI,54538,Lac du Flambeau,55,125,USA,04-Cigarette Outlet,4-Conventional Cigarette Outlet,A-1 Store,I-Independent Store,715.0,5889510.0,,0,0,0,0,999999,99999,Independent,,,,,555555,No Group Assignment,N,,1880.0
"2990 S Curry St, Carson City, NV, 89703",2016.0,510.0,39.13982,-119.77045,True,Non_Exact,"2990 S CURRY ST, CARSON CITY, NV, 89703",R,32.0,640435849.0,300.0,Census,POINT (-119.77045 39.13982),True,Carson,Carson Colony,True,,0.006955836455403261,GEOMETRYCOLLECTION EMPTY,1471801.0,1471801,20181116,O-Open Store,WASHOE ONE STOP,62,2990 S CURRY ST,CARSON CITY,NV,89703,Carson City,32,510,USA,04-Cigarette Outlet,4-Conventional Cigarette Outlet,A-1 Store,I-Independent Store,775.0,8859550.0,,0,0,0,0,999999,99999,Independent,,,,,555555,No Group Assignment,N,,1014.0
"10 Havasu Lake Rd, Needles, CA, 92363",2103.0,71.0,34.504073999999996,-114.39858000000001,True,Exact,"10 HAVASU LAKE RD, NEEDLES, CA, 92363",R,6.0,625707352.0,25100.0,Census,POINT (-114.39858 34.504074),True,Chemehuevi,Chemehuevi Reservation,True,,7805.497760270316,GEOMETRYCOLLECTION EMPTY,3569850.0,3569850,20181116,O-Open Store,HAVASU LANDING MARKET,,10 HAVASU LAKE RD,NEEDLES,CA,92363,Needles,6,71,USA,05-Grocery,4-Superette,A-1 Store,I-Independent Store,760.0,8584593.0,"03-$1,000,001 to $1,500,000",27,3,11,2,999999,99999,Independent,,,,,555555,No Group Assignment,N,,353.0
"449 Shanks Rd, Basom, NY, 14013",1022.0,37.0,43.05065,-78.445114,True,Exact,"449 SHANKS RD, BASOM, NY, 14013",L,36.0,48146127.0,940100.0,Census,POINT (-78.445114 43.05065),True,Tonawanda,Tonawanda Reservation,True,,0.01803525255388184,GEOMETRYCOLLECTION EMPTY,2911985.0,2911985,20181116,O-Open Store,SMOKE RINGS,,449 SHANKS RD,BASOM,NY,14013,Basom,36,37,USA,04-Cigarette Outlet,4-Conventional Cigarette Outlet,A-1 Store,I-Independent Store,716.0,5424169.0,,0,0,0,0,999999,99999,Independent,,,,,555555,No Group Assignment,N,,1174.0
"1535 E Hubbard Rd, Ponca City, OK, 74604",1164.0,71.0,36.753025,-97.0649,True,Non_Exact,"1535 E HUBBARD RD, PONCA CITY, OK, 74604",R,40.0,115898001.0,600.0,Census,POINT (-97.06489999999999 36.753025),True,Kaw/Ponca,Kaw/Ponca joint-use OTSA,True,,0.06128418979318912,GEOMETRYCOLLECTION EMPTY,1615737.0,1615737,20181116,O-Open Store,KAW SMOKE SHOP,,1535 E HUBBARD RD,PONCA CITY,OK,74604,Ponca City,40,71,USA,04-Cigarette Outlet,4-Conventional Cigarette Outlet,A-1 Store,I-Independent Store,580.0,7630722.0,,0,0,0,0,999999,99999,Independent,,,,,555555,No Group Assignment,N,,1232.0
"11404 Erie Rd, Irving, NY, 14081",,,42.579133,-79.1070676,True,RANGE_INTERPOLATED,,,,,,Google,POINT (-79.10706759999999 42.579133),True,Cattaraugus,Cattaraugus Reservation,True,,0.09705452265791545,GEOMETRYCOLLECTION EMPTY,1532792.0,1532792,20181116,O-Open Store,FIRST AMERICAN TOBACCO,,11404 ERIE RD,IRVING,NY,14081,Irving,36,29,USA,04-Cigarette Outlet,4-Conventional Cigarette Outlet,A-1 Store,I-Independent Store,716.0,9347032.0,,0,0,0,0,999999,99999,Independent,,,,,555555,No Group Assignment,N,,1187.0
"8001 E Mckellips Rd, Scottsdale, AZ, 85257",,,33.4506126,-111.90841999999999,True,ROOFTOP,,,,,,Google,POINT (-111.90842 33.4506126),True,Salt River,Salt River Reservation,True,,0.04202958413609783,GEOMETRYCOLLECTION EMPTY,846075.0,846075,20181116,O-Open Store,ON AUK MOR INDIAN SMOKE SHOP,2,8001 E MCKELLIPS RD,SCOTTSDALE,AZ,85257,Scottsdale,4,13,USA,04-Cigarette Outlet,4-Conventional Cigarette Outlet,D-6-10 Stores,C-Chain Store,480.0,9490971.0,,0,0,0,0,103071,24270,On Auk Mor,Scottsdale,AZ,4.0,13.0,555555,No Group Assignment,N,,159.0
"200 W State St, Salamanca, NY, 14779",4004.0,9.0,42.162777,-78.72126,True,Exact,"200 W STATE ST, SALAMANCA, NY, 14779",R,36.0,122025546.0,940300.0,Census,POINT (-78.72126 42.162777),True,Allegany,Allegany Reservation,True,,1.7940582646959908,GEOMETRYCOLLECTION EMPTY,7364463.0,7364463,20181116,O-Open Store,SENECA ADVANTAGE,,200 W STATE ST,SALAMANCA,NY,14779,Salamanca,36,9,USA,04-Cigarette Outlet,4-Conventional Cigarette Outlet,A-1 Store,I-Independent Store,716.0,9451200.0,,0,0,0,0,999999,99999,Independent,,,,,555555,No Group Assignment,N,,1196.0
"1031 Ledge Rd, Basom, NY, 14013",1027.0,37.0,43.04524,-78.415146,True,Exact,"1031 LEDGE RD, BASOM, NY, 14013",L,36.0,48146132.0,940100.0,Census,POINT (-78.41514599999999 43.04524),True,Tonawanda,Tonawanda Reservation,True,,0.027464186316554173,GEOMETRYCOLLECTION EMPTY,1469065.0,1469065,20181116,O-Open Store,TOTEM POLE SMOKE,,1031 LEDGE RD,BASOM,NY,14013,Basom,36,37,USA,04-Cigarette Outlet,4-Conventional Cigarette Outlet,A-1 Store,I-Independent Store,716.0,5421183.0,,0,0,0,0,999999,99999,Independent,,,,,555555,No Group Assignment,N,,1175.0
"9716 W F St, Worley, ID, 83876",,,47.4005625,-116.91723219999999,True,ROOFTOP,,,,,,Google,POINT (-116.9172322 47.4005625),True,Coeur d'Alene,Coeur d'Alene Reservation,True,,0.01244726733787248,GEOMETRYCOLLECTION EMPTY,1665144.0,1665144,20181116,O-Open Store,CHEAP SMOKES,,9716 W F ST,WORLEY,ID,83876,Worley,16,55,USA,04-Cigarette Outlet,4-Conventional Cigarette Outlet,A-1 Store,I-Independent Store,208.0,6867071.0,,0,0,0,0,999999,99999,Independent,,,,,555555,No Group Assignment,N,,465.0
"597 Milestrip Rd, Irving, NY, 14081",1011.0,29.0,42.573741999999996,-79.08485,True,Exact,"597 MILESTRIP RD, IRVING, NY, 14081",R,36.0,48323333.0,940000.0,Census,POINT (-79.08485 42.573742),True,Cattaraugus,Cattaraugus Reservation,True,,0.1281297604170876,GEOMETRYCOLLECTION EMPTY,1469267.0,1469267,20181116,O-Open Store,BIG INDIAN SMOKE SHOP,,597 MILESTRIP RD,IRVING,NY,14081,Irving,36,29,USA,04-Cigarette Outlet,4-Conventional Cigarette Outlet,A-1 Store,I-Independent Store,716.0,9340370.0,,0,0,0,0,999999,99999,Independent,,,,,555555,No Group Assignment,N,,1133.0
"7060 Poodry Rd, Basom, NY, 14013",1003.0,37.0,43.07255,-78.43034,True,Exact,"7060 POODRY RD, BASOM, NY, 14013",L,36.0,48146009.0,940100.0,Census,POINT (-78.43034 43.07255),True,Tonawanda,Tonawanda Reservation,True,,0.03638359498692002,GEOMETRYCOLLECTION EMPTY,2222792.0,2222792,20181116,O-Open Store,WOLVES DEN,,7060 POODRY RD,BASOM,NY,14013,Basom,36,37,USA,04-Cigarette Outlet,4-Conventional Cigarette Outlet,A-1 Store,I-Independent Store,716.0,5429347.0,,0,0,0,0,999999,99999,Independent,,,,,555555,No Group Assignment,N,,1110.0
"316 Center St, Salamanca, NY, 14779",4026.0,9.0,42.16484000000001,-78.744644,True,Exact,"316 CENTER ST, SALAMANCA, NY, 14779",R,36.0,122063027.0,940300.0,Census,POINT (-78.74464399999999 42.16484000000001),True,Allegany,Allegany Reservation,True,,0.4761904244815304,GEOMETRYCOLLECTION EMPTY,1541936.0,1541936,20181116,O-Open Store,BROAD STREET SMOKE SHOP,,316 CENTER ST,SALAMANCA,NY,14779,Salamanca,36,9,USA,04-Cigarette Outlet,4-Conventional Cigarette Outlet,A-1 Store,I-Independent Store,716.0,9459900.0,,0,0,0,0,999999,99999,Independent,,,,,555555,No Group Assignment,N,,1069.0
"1919 Main Ave, Saint Maries, ID, 83861",2032.0,9.0,47.316044,-116.58013000000001,True,Exact,"1919 MAIN AVE, ST MARIES, ID, 83861",L,16.0,192859559.0,940000.0,Census,POINT (-116.58013 47.316044),True,Coeur d'Alene,Coeur d'Alene Reservation,True,,0.04753104635492398,GEOMETRYCOLLECTION EMPTY,1469881.0,1469881,20181116,O-Open Store,THE SMOKE SHOP,,1919 MAIN AVE,SAINT MARIES,ID,83861,Saint Maries,16,9,USA,04-Cigarette Outlet,4-Conventional Cigarette Outlet,A-1 Store,I-Independent Store,208.0,2454720.0,,0,0,0,0,999999,99999,Independent,,,,,555555,No Group Assignment,N,,506.0
"1325 Upper Mountain Rd, Lewiston, NY, 14092",1001.0,63.0,43.171436,-78.982445,True,Exact,"1325 UPPER MOUNTAIN RD, LEWISTON, NY, 14092",L,36.0,48685683.0,940001.0,Census,POINT (-78.982445 43.171436),True,Tuscarora Nation,Tuscarora Nation Reservation,True,,0.8900777060929583,GEOMETRYCOLLECTION EMPTY,1468557.0,1468557,20181116,O-Open Store,RANDYS SMOKE SHOP,,1325 UPPER MOUNTAIN RD,LEWISTON,NY,14092,Lewiston,36,63,USA,04-Cigarette Outlet,4-Conventional Cigarette Outlet,A-1 Store,I-Independent Store,716.0,2975636.0,,0,0,0,0,999999,99999,Independent,,,,,555555,No Group Assignment,N,,1178.0
"2293 Saunders Settlement Rd, Sanborn, NY, 14132",2007.0,63.0,43.143238000000004,-78.922775,True,Exact,"2293 SAUNDERS SETTLEMENT RD, SANBORN, NY, 14132",L,36.0,48688073.0,940001.0,Census,POINT (-78.922775 43.143238),True,Tuscarora Nation,Tuscarora Nation Reservation,True,,1.805932171215141,GEOMETRYCOLLECTION EMPTY,971080.0,971080,20181116,O-Open Store,SMOKIN JOES,9,2293 SAUNDERS SETTLEMENT RD,SANBORN,NY,14132,Sanborn,36,63,USA,04-Cigarette Outlet,4-Conventional Cigarette Outlet,D-6-10 Stores,C-Chain Store,716.0,2619293.0,,0,0,0,0,115467,323,Smokin Joes HQ,Sanborn,NY,36.0,63.0,555555,No Group Assignment,N,,1179.0
"986 Bloomingdale Rd, Basom, NY, 14013",1016.0,37.0,43.067474,-78.41696999999998,True,Exact,"986 BLOOMINGDALE RD, BASOM, NY, 14013",R,36.0,48146067.0,940100.0,Census,POINT (-78.41696999999998 43.067474),True,Tonawanda,Tonawanda Reservation,True,,0.029575306638996487,GEOMETRYCOLLECTION EMPTY,1497537.0,1497537,20181116,O-Open Store,THE REZ SMOKE SHOP,,986 BLOOMINGDALE RD,BASOM,NY,14013,Basom,36,37,USA,04-Cigarette Outlet,4-Conventional Cigarette Outlet,A-1 Store,I-Independent Store,716.0,5422887.0,,0,0,0,0,999999,99999,Independent,,,,,555555,No Group Assignment,N,,1172.0
"10115 E Mcdowell Rd, Scottsdale, AZ, 85256",3000.0,13.0,33.46578,-111.86336499999999,True,Exact,"10115 E MCDOWELL RD, SCOTTSDALE, AZ, 85256",R,4.0,128233470.0,941300.0,Census,POINT (-111.863365 33.46578),True,Salt River,Salt River Reservation,True,,0.07606964040730264,GEOMETRYCOLLECTION EMPTY,846069.0,846069,20181116,O-Open Store,ON AUK MOR INDIAN SMOKE SHOP,1,10115 E MCDOWELL RD,SCOTTSDALE,AZ,85256,Scottsdale,4,13,USA,04-Cigarette Outlet,4-Conventional Cigarette Outlet,D-6-10 Stores,C-Chain Store,480.0,9454116.0,,0,0,0,0,103071,24270,On Auk Mor,Scottsdale,AZ,4.0,13.0,555555,No Group Assignment,N,,158.0
"525 S 8th St, Fairfax, OK, 74637",5115.0,113.0,36.565709999999996,-96.71036,True,Exact,"525 S 8TH ST, FAIRFAX, OK, 74637",L,40.0,82319694.0,940003.0,Census,POINT (-96.71035999999999 36.56571),True,Osage,Osage Reservation,True,,0.022085733369228915,GEOMETRYCOLLECTION EMPTY,1528190.0,1528190,20181116,O-Open Store,FAIRFAX SMOKE SHOP,,525 S 8TH ST,FAIRFAX,OK,74637,Fairfax,40,113,USA,04-Cigarette Outlet,4-Conventional Cigarette Outlet,A-1 Store,I-Independent Store,918.0,6423845.0,,0,0,0,0,999999,99999,Independent,,,,,555555,No Group Assignment,N,,1451.0
"4231 W Riggs Rd, Chandler, AZ, 85248",,,33.2187088,-111.91498899999999,True,ROOFTOP,,,,,,Google,POINT (-111.914989 33.2187088),True,Gila River,Gila River Indian Reservation,True,,3.1709232485669245,GEOMETRYCOLLECTION EMPTY,700028.0,700028,20181116,O-Open Store,AKIMEL SMOKE SHOP,,4231 W RIGGS RD,CHANDLER,AZ,85248,Sun Lakes,4,13,USA,04-Cigarette Outlet,4-Conventional Cigarette Outlet,A-1 Store,I-Independent Store,520.0,7962171.0,,0,0,0,0,999999,99999,Independent,,,,,555555,No Group Assignment,N,,42.0
"103 Rooseveltown Rd, Hogansburg, NY, 13655",1030.0,33.0,44.97714600000001,-74.71505,True,Exact,"103 ROOSEVELTOWN RD, HOGANSBURG, NY, 13655",L,36.0,639214197.0,940000.0,Census,POINT (-74.71505000000001 44.97714600000001),True,St. Regis Mohawk,St. Regis Mohawk Reservation,True,,5696.802758466976,GEOMETRYCOLLECTION EMPTY,1772377.0,1772377,20181116,O-Open Store,KEEGANS TOBACCO SHOP,,103 ROOSEVELTOWN RD,HOGANSBURG,NY,13655,Hogansburg,36,33,USA,04-Cigarette Outlet,4-Conventional Cigarette Outlet,A-1 Store,I-Independent Store,518.0,3584463.0,,0,0,0,0,999999,99999,Independent,,,,,555555,No Group Assignment,N,,1125.0
"702 Broad St, Salamanca, NY, 14779",6007.0,9.0,42.159237,-78.74176999999997,True,Exact,"702 BROAD ST, SALAMANCA, NY, 14779",R,36.0,122025276.0,940300.0,Census,POINT (-78.74176999999997 42.159237),True,Allegany,Allegany Reservation,True,,0.06291257981796916,GEOMETRYCOLLECTION EMPTY,1625202.0,1625202,20181116,O-Open Store,SENEKA SMOKE SHOP,,702 BROAD ST,SALAMANCA,NY,14779,Salamanca,36,9,USA,04-Cigarette Outlet,4-Conventional Cigarette Outlet,A-1 Store,I-Independent Store,716.0,9450576.0,,0,0,0,0,999999,99999,Independent,,,,,555555,No Group Assignment,N,,1149.0
"1225 N Main St, Las Vegas, NV, 89101",2002.0,3.0,36.185226,-115.13752,True,Non_Exact,"1225 N MAIN ST, LAS VEGAS, NV, 89101",L,32.0,201936594.0,401.0,Census,POINT (-115.13752 36.185226),True,Las Vegas,Las Vegas Indian Colony,True,,0.10985662873749218,GEOMETRYCOLLECTION EMPTY,744050.0,744050,20181116,O-Open Store,PAIUTE MINI MART,,1225 N MAIN ST,LAS VEGAS,NV,89101,Las Vegas,32,3,USA,04-Cigarette Outlet,4-Conventional Cigarette Outlet,A-1 Store,I-Independent Store,702.0,3876433.0,,0,0,0,0,999999,99999,Independent,,,,,555555,No Group Assignment,N,,1051.0
"318 Main St, Kamiah, ID, 83536",,,46.2283211,-116.02837759999998,True,ROOFTOP,,,,,,Google,POINT (-116.0283776 46.2283211),True,Nez Perce,Nez Perce Reservation,True,,0.04264297610715036,GEOMETRYCOLLECTION EMPTY,1804190.0,1804190,20181116,O-Open Store,KAMIAH DRUG,,318 MAIN ST,KAMIAH,ID,83536,Kamiah,16,61,USA,03-Drug,3-Conventional Drug,A-1 Store,I-Independent Store,208.0,9352301.0,"03-$1,000,001 to $1,500,000",20,7,0,0,999999,99999,Independent,,,,,555555,No Group Assignment,N,,478.0
"44 Frontier Dr, Cherokee, NC, 28719",,,35.4690709,-83.30667,True,ROOFTOP,,,,,,Google,POINT (-83.30667 35.4690709),True,Eastern Cherokee,Eastern Cherokee Reservation,True,,1.9523148471886889,GEOMETRYCOLLECTION EMPTY,7482941.0,7482941,20181116,O-Open Store,RICK SMOKE SHOP,,44 FRONTIER DR,CHEROKEE,NC,28719,Cherokee,37,99,USA,04-Cigarette Outlet,4-Conventional Cigarette Outlet,A-1 Store,I-Independent Store,828.0,4973556.0,,0,0,0,0,999999,99999,Independent,,,,,555555,No Group Assignment,N,,819.0
"334 Main St, New Town, ND, 58763",2059.0,61.0,47.979668,-102.48715,True,Exact,"334 MAIN ST, NEW TOWN, ND, 58763",L,38.0,200598157.0,940400.0,Census,POINT (-102.48715 47.979668),True,Fort Berthold,Fort Berthold Reservation,True,,0.020398911673242204,GEOMETRYCOLLECTION EMPTY,2016007.0,2016007,20181116,O-Open Store,LARSEN SERVICE DRUG,1103,334 MAIN ST,NEW TOWN,ND,58763,New Town,38,61,USA,03-Drug,3-Conventional Drug,A-1 Store,I-Independent Store,701.0,6272410.0,"05-$2,000,001 to $4,000,000",60,1,0,0,999999,99999,Independent,,,,,555555,No Group Assignment,N,,844.0
"1130 Michigan Ave, Orofino, ID, 83544",4006.0,35.0,46.4837,-116.24231,True,Exact,"1130 MICHIGAN AVE, OROFINO, ID, 83544",L,16.0,637450009.0,940000.0,Census,POINT (-116.24231 46.4837),True,Nez Perce,Nez Perce Reservation,True,,0.02365824328901841,GEOMETRYCOLLECTION EMPTY,111278.0,111278,20181116,O-Open Store,GLENWOOD IGA MARKET,,1130 MICHIGAN AVE,OROFINO,ID,83544,Orofino,16,35,USA,05-Grocery,5-Supermarket-Conventional,B-2-3 Stores,C-Chain Store,208.0,4763011.0,"05-$2,000,001 to $4,000,000",50,13,35,4,999999,99999,Independent,,,,,85104,IGA,Y,,487.0
"117 Hwy 249, Fort Thompson, SD, 57339",,,44.0684281,-99.4371455,True,ROOFTOP,,,,,,Google,POINT (-99.4371455 44.0684281),True,Crow Creek,Crow Creek Reservation,True,,0.2429593829578372,GEOMETRYCOLLECTION EMPTY,80340.0,80340,20181116,O-Open Store,LYNNS DAKOTAMART,,117 HWY 249,FORT THOMPSON,SD,57339,Fort Thompson,46,15,USA,05-Grocery,5-Supermarket-Conventional,E-11-25 Stores,C-Chain Store,605.0,2452292.0,"07-$6,000,001 to $8,000,000",150,4,12,3,11901,24080,Lynns Inc,Rapid City,SD,46.0,103.0,162469,Lynns Dakotamart,N,,1512.0
"369 Main St, New Town, ND, 58763",,,47.9796505,-102.4849521,True,ROOFTOP,,,,,,Google,POINT (-102.4849521 47.9796505),True,Fort Berthold,Fort Berthold Reservation,True,,0.057772337724601865,GEOMETRYCOLLECTION EMPTY,80903.0,80903,20181116,O-Open Store,KENNBECKS JACK & JILL,,369 MAIN ST,NEW TOWN,ND,58763,New Town,38,61,USA,05-Grocery,5-Supermarket-Conventional,A-1 Store,C-Chain Store,701.0,6274424.0,"05-$2,000,001 to $4,000,000",50,6,10,3,999999,99999,Independent,,,,,154202,Jack & Jill,Y,,843.0
"2405 N 14th St, Ponca City, OK, 74601",,,36.732859499999996,-97.06555809999999,True,ROOFTOP,,,,,,Google,POINT (-97.06555809999999 36.7328595),True,Kaw/Ponca,Kaw/Ponca joint-use OTSA,True,,8.514436270633889,GEOMETRYCOLLECTION EMPTY,339884.0,339884,20181116,O-Open Store,PONCA CITY DISCOUNT FOODS,19,2405 N 14TH ST,PONCA CITY,OK,74601,Ponca City,40,71,USA,05-Grocery,5-Supermarket-Conventional,G-51-100 Stores,C-Chain Store,580.0,7653445.0,"08-$8,000,001 to $12,000,000",175,34,46,9,197496,31070,RPCS Inc,Rogersville,MO,29.0,77.0,555555,No Group Assignment,N,,1392.0
"223 Main St, Hot Springs, MT, 59845",2305.0,89.0,47.608463,-114.67021000000001,True,Exact,"223 MAIN ST, HOT SPRINGS, MT, 59845",L,30.0,204459506.0,940300.0,Census,POINT (-114.67021 47.608463),True,Flathead,Flathead Reservation,True,,0.05519984058418631,GEOMETRYCOLLECTION EMPTY,7423233.0,7423233,20181116,O-Open Store,BUCKS GROCERY,,223 MAIN ST,HOT SPRINGS,MT,59845,Hot Springs,30,89,USA,05-Grocery,4-Superette,A-1 Store,I-Independent Store,406.0,7412125.0,"03-$1,000,001 to $1,500,000",28,2,7,2,999999,99999,Independent,,,,,555555,No Group Assignment,N,,774.0
"535 Goddard Ave, Ignacio, CO, 81137",,,37.115606299999996,-107.6335781,True,ROOFTOP,,,,,,Google,POINT (-107.6335781 37.1156063),True,Southern Ute,Southern Ute Reservation,True,,0.009851480835473072,GEOMETRYCOLLECTION EMPTY,110545.0,110545,20181116,O-Open Store,FARMERS FRESH MARKET & DELI,,535 GODDARD AVE,IGNACIO,CO,81137,Ignacio,8,67,USA,05-Grocery,5-Supermarket-Conventional,A-1 Store,I-Independent Store,970.0,5634400.0,"06-$4,000,001 to $6,000,000",90,9,21,4,999999,99999,Independent,,,,,555555,No Group Assignment,N,,377.0
"213 Main St, McLaughlin, SD, 57642",1068.0,31.0,45.814365,-100.81069000000001,True,Non_Exact,"213 MAIN ST, MC LAUGHLIN, SD, 57642",L,46.0,197306352.0,941100.0,Census,POINT (-100.81069 45.814365),True,Standing Rock,Standing Rock Reservation,True,,0.07568369922740228,GEOMETRYCOLLECTION EMPTY,332641.0,332641,20181116,O-Open Store,MOSERS MAIN STREET MARKET,,213 MAIN ST,MCLAUGHLIN,SD,57642,McLaughlin,46,31,USA,05-Grocery,4-Superette,A-1 Store,I-Independent Store,605.0,8234405.0,"03-$1,000,001 to $1,500,000",24,4,7,2,999999,99999,Independent,,,,,555555,No Group Assignment,N,,1600.0
"218 College Ave, Orofino, ID, 83544",,,46.479091499999996,-116.2531487,True,RANGE_INTERPOLATED,,,,,,Google,POINT (-116.2531487 46.4790915),True,Nez Perce,Nez Perce Reservation,True,,0.014865899218756648,GEOMETRYCOLLECTION EMPTY,308304.0,308304,20181116,O-Open Store,FRONTIER FOODS,,218 COLLEGE AVE,OROFINO,ID,83544,Orofino,16,35,USA,05-Grocery,4-Superette,A-1 Store,I-Independent Store,208.0,4765215.0,"04-$1,500,001 to $2,000,000",32,5,9,1,999999,99999,Independent,,,,,555555,No Group Assignment,N,,485.0
"501 Old Abe Rd, Lac du Flambeau, WI, 54538",1258.0,125.0,45.97316,-89.89246999999996,True,Non_Exact,"501 OLD ABE RD, LAC DU FLAMBEAU, WI, 54538",R,55.0,165546012.0,940000.0,Census,POINT (-89.89246999999996 45.97316),True,Lac du Flambeau,Lac du Flambeau Reservation,True,,0.19463192695578485,GEOMETRYCOLLECTION EMPTY,533298.0,533298,20181116,O-Open Store,LDF COUNTRY MARKET,,501 OLD ABE RD,LAC DU FLAMBEAU,WI,54538,Lac du Flambeau,55,125,USA,05-Grocery,5-Supermarket-Conventional,A-1 Store,I-Independent Store,715.0,5883447.0,"08-$8,000,001 to $12,000,000",175,14,21,7,999999,99999,Independent,,,,,555555,No Group Assignment,N,,1880.0
"122 Main St, Walthill, NE, 68067",2058.0,173.0,42.148373,-96.48601,True,Exact,"122 MAIN ST, WALTHILL, NE, 68067",L,31.0,193826659.0,940100.0,Census,POINT (-96.48600999999999 42.148373),True,Omaha,Omaha Reservation,True,,0.0031855134040269916,GEOMETRYCOLLECTION EMPTY,390666.0,390666,20181116,O-Open Store,HERITAGE FOOD TOWN,147,122 MAIN ST,WALTHILL,NE,68067,Walthill,31,173,USA,05-Grocery,5-Supermarket-Conventional,D-6-10 Stores,C-Chain Store,402.0,8465511.0,"05-$2,000,001 to $4,000,000",40,1,7,2,402775,1647,Ho Chunk Inc/Gro Div,Winnebago,NE,31.0,173.0,555555,No Group Assignment,N,,873.0
"112 Yates St, Fort Yates, ND, 58538",,,46.088328600000004,-100.62885940000001,True,ROOFTOP,,,,,,Google,POINT (-100.6288594 46.0883286),True,Standing Rock,Standing Rock Reservation,True,,0.011302188926816377,GEOMETRYCOLLECTION EMPTY,80821.0,80821,20181116,O-Open Store,WHITE BUFFALO,,112 YATES ST,FORT YATES,ND,58538,Fort Yates,38,85,USA,05-Grocery,5-Supermarket-Conventional,A-1 Store,I-Independent Store,701.0,8543423.0,"05-$2,000,001 to $4,000,000",40,10,22,3,999999,99999,Independent,,,,,555555,No Group Assignment,N,,841.0
"45000 Pechanga Pkwy, Temecula, CA, 92592",,,33.4560541,-117.1067437,True,ROOFTOP,,,,,,Google,POINT (-117.1067437 33.4560541),True,Pechanga,Pechanga Reservation,True,,0.2671764699229451,GEOMETRYCOLLECTION EMPTY,7502113.0,7502113,20181116,O-Open Store,PECHANGA SERVICE STATION,,45000 PECHANGA PKWY,TEMECULA,CA,92592,Temecula,6,65,USA,07-Convenience Store,1-Gas Station/Kiosk,A-1 Store,I-Independent Store,,,,0,0,0,0,999999,99999,Independent,,,,,555555,No Group Assignment,N,,334.0
"116 N Main St, Saint Ignatius, MT, 59865",,,47.319271,-114.09623090000001,True,ROOFTOP,,,,,,Google,POINT (-114.0962309 47.319271),True,Flathead,Flathead Reservation,True,,0.08666000660798437,GEOMETRYCOLLECTION EMPTY,81473.0,81473,20181116,O-Open Store,RODS HARVEST FOODS,,116 N MAIN ST,SAINT IGNATIUS,MT,59865,Saint Ignatius,30,47,USA,05-Grocery,5-Supermarket-Conventional,D-6-10 Stores,C-Chain Store,406.0,7454275.0,"05-$2,000,001 to $4,000,000",60,18,17,3,42657,25665,Moodys Market Inc,Polson,MT,30.0,47.0,206983,Harvest Foods,Y,,797.0
"545 Broad St, Salamanca, NY, 14779",6046.0,9.0,42.15821500000001,-78.73566,True,Exact,"545 BROAD ST, SALAMANCA, NY, 14779",L,36.0,638552860.0,940300.0,Census,POINT (-78.73566 42.15821500000001),True,Allegany,Allegany Reservation,True,,0.003248520187790833,GEOMETRYCOLLECTION EMPTY,18636.0,18636,20181116,O-Open Store,SANDERS PARKVIEW,780,545 BROAD ST,SALAMANCA,NY,14779,Salamanca,36,9,USA,05-Grocery,5-Supermarket-Conventional,D-6-10 Stores,C-Chain Store,716.0,9452731.0,"07-$6,000,001 to $8,000,000",150,20,58,8,89153,27310,Olean Retail Grocery CoOp/Retail,Olean,NY,36.0,9.0,555555,No Group Assignment,N,,1143.0
"8001 E Mckellips Rd, Scottsdale, AZ, 85257",,,33.4506126,-111.90841999999999,True,ROOFTOP,,,,,,Google,POINT (-111.90842 33.4506126),True,Salt River,Salt River Reservation,True,,0.04202958413609783,GEOMETRYCOLLECTION EMPTY,1634557.0,1634557,20181116,O-Open Store,ON AUK MOR,2,8001 E MCKELLIPS RD,SCOTTSDALE,AZ,85257,Scottsdale,4,13,USA,07-Convenience Store,1-Gas Station/Kiosk,D-6-10 Stores,C-Chain Store,480.0,9490971.0,,0,0,0,0,402793,24270,On Auk Mor/Fuel Division,Scottsdale,AZ,4.0,13.0,555555,No Group Assignment,N,,159.0
"101 Central Ave, Salamanca, NY, 14779",3014.0,9.0,42.16064,-78.695915,True,Exact,"101 CENTRAL AVE, SALAMANCA, NY, 14779",L,36.0,122025267.0,940300.0,Census,POINT (-78.695915 42.16064),True,Allegany,Allegany Reservation,True,,0.045967477718834644,GEOMETRYCOLLECTION EMPTY,1535163.0,1535163,20181116,O-Open Store,ANTONES GAS,1,101 CENTRAL AVE,SALAMANCA,NY,14779,Salamanca,36,9,USA,07-Convenience Store,1-Gas Station/Kiosk,A-1 Store,I-Independent Store,716.0,9452472.0,,0,0,0,0,999999,99999,Independent,,,,,555555,No Group Assignment,N,,1132.0
"1800 Golden Acorn Way, Campo, CA, 91906",,,32.7022714,-116.3548239,True,ROOFTOP,,,,,,Google,POINT (-116.3548239 32.7022714),True,Campo,Campo Indian Reservation,True,,0.03543533932742116,GEOMETRYCOLLECTION EMPTY,2225946.0,2225946,20181116,O-Open Store,GOLDEN ACORN QUICK CENTER,,1800 GOLDEN ACORN WAY,CAMPO,CA,91906,Campo,6,73,USA,07-Convenience Store,7-Conventional Convenience,A-1 Store,I-Independent Store,619.0,9386000.0,"05-$2,000,001 to $4,000,000",50,1,0,0,999999,99999,Independent,,,,,555555,No Group Assignment,N,,270.0
"216 W Riverside Dr, Parker, AZ, 85344",2038.0,12.0,34.15381,-114.281,True,Exact,"216 RIVERSIDE DR, PARKER, AZ, 85344",L,4.0,129736030.0,940200.0,Census,POINT (-114.281 34.15381),True,Colorado River,Colorado River Indian Reservation,True,,0.008333882102986016,GEOMETRYCOLLECTION EMPTY,682396.0,682396,20181116,O-Open Store,USA GAS,,216 W RIVERSIDE DR,PARKER,AZ,85344,Parker,4,12,USA,07-Convenience Store,7-Conventional Convenience,A-1 Store,C-Chain Store,928.0,6695595.0,"04-$1,500,001 to $2,000,000",35,2,0,0,999999,99999,Independent,,,,,194848,USA Gas,Y,,151.0
"1516 S California Ave, Parker, AZ, 85344",1111.0,12.0,34.145206,-114.28596999999999,True,Non_Exact,"1516 S CALIFORNIA AVE, PARKER, AZ, 85344",L,4.0,129602995.0,940200.0,Census,POINT (-114.28597 34.145206),True,Colorado River,Colorado River Indian Reservation,True,,5.583220439867392,GEOMETRYCOLLECTION EMPTY,302671.0,302671,20181116,O-Open Store,CIRCLE K,1483,1516 S CALIFORNIA AVE,PARKER,AZ,85344,Parker,4,12,USA,07-Convenience Store,7-Conventional Convenience,K-501+ Stores,C-Chain Store,928.0,6695444.0,"04-$1,500,001 to $2,000,000",30,3,0,0,202682,1917,Circle K/AZ Region Div 3120,Tempe,AZ,4.0,13.0,95622,Circle K,N,,68.0
"10180 N Fort Mcdowell Rd, Fort McDowell, AZ, 85264",1055.0,13.0,33.579426,-111.67772,True,Non_Exact,"10180 N FORT MCDOWELL RD, FORT MCDOWELL, AZ, 85264",L,4.0,642857910.0,941200.0,Census,POINT (-111.67772 33.579426),True,Fort McDowell Yavapai Nation,Fort McDowell Yavapai Nation Reservation,True,,0.02254098369473315,GEOMETRYCOLLECTION EMPTY,689942.0,689942,20181116,O-Open Store,BAJA GAS STATION,,10180 N FORT MCDOWELL RD,FORT MCDOWELL,AZ,85264,Fort McDowell,4,13,USA,07-Convenience Store,7-Conventional Convenience,A-1 Store,I-Independent Store,480.0,8373506.0,"05-$2,000,001 to $4,000,000",40,2,0,0,999999,99999,Independent,,,,,555555,No Group Assignment,N,,44.0
"2293 Saunders Settlement Rd, Sanborn, NY, 14132",2007.0,63.0,43.143238000000004,-78.922775,True,Exact,"2293 SAUNDERS SETTLEMENT RD, SANBORN, NY, 14132",L,36.0,48688073.0,940001.0,Census,POINT (-78.922775 43.143238),True,Tuscarora Nation,Tuscarora Nation Reservation,True,,1.805932171215141,GEOMETRYCOLLECTION EMPTY,1915361.0,1915361,20181116,O-Open Store,SMOKIN JOES GAS STATION,7,2293 SAUNDERS SETTLEMENT RD,SANBORN,NY,14132,Sanborn,36,63,USA,07-Convenience Store,1-Gas Station/Kiosk,D-6-10 Stores,C-Chain Store,716.0,2970251.0,,0,0,0,0,401799,323,Smokin Joes Gas Station,Sanborn,NY,36.0,63.0,401856,Smokin Joes Gas Station,N,,1179.0
"2323 Saunders Settlement Rd, Sanborn, NY, 14132",2007.0,63.0,43.143253,-78.92184,True,Exact,"2323 SAUNDERS SETTLEMENT RD, SANBORN, NY, 14132",L,36.0,48688073.0,940001.0,Census,POINT (-78.92184 43.143253),True,Tuscarora Nation,Tuscarora Nation Reservation,True,,1.78975154967402,GEOMETRYCOLLECTION EMPTY,7391394.0,7391394,20181116,O-Open Store,SMOKIN JOES GAS STATION,2,2323 SAUNDERS SETTLEMENT RD,SANBORN,NY,14132,Sanborn,36,63,USA,07-Convenience Store,1-Gas Station/Kiosk,D-6-10 Stores,C-Chain Store,,,,0,0,0,0,401799,323,Smokin Joes Gas Station,Sanborn,NY,36.0,63.0,401856,Smokin Joes Gas Station,N,,1179.0
"921 S California Ave, Parker, AZ, 85344",2146.0,12.0,34.151077,-114.28958,True,Non_Exact,"921 S CALIFORNIA AVE, PARKER, AZ, 85344",R,4.0,129736081.0,940200.0,Census,POINT (-114.28958 34.151077),True,Colorado River,Colorado River Indian Reservation,True,,0.09527437203625581,GEOMETRYCOLLECTION EMPTY,2153665.0,2153665,20181116,O-Open Store,TERRIBLE HERBST,258,921 S CALIFORNIA AVE,PARKER,AZ,85344,Parker,4,12,USA,07-Convenience Store,7-Conventional Convenience,H-101-200 Stores,C-Chain Store,928.0,6695856.0,"02-$500,001 to $1,000,000",15,2,0,0,81560,35707,Terrible Herbst Inc,Las Vegas,NV,32.0,3.0,161086,Terrible Herbst,N,,19.0
"11979 S Western Blvd, Irving, NY, 14081",,,42.568904700000004,-79.1021868,True,ROOFTOP,,,,,,Google,POINT (-79.1021868 42.5689047),True,Cattaraugus,Cattaraugus Reservation,True,,5868.0062932188075,GEOMETRYCOLLECTION EMPTY,675797.0,675797,20181116,O-Open Store,SENECA HAWK GAS,,11979 S WESTERN BLVD,IRVING,NY,14081,Irving,36,29,USA,07-Convenience Store,1-Gas Station/Kiosk,A-1 Store,I-Independent Store,716.0,9344219.0,,0,0,0,0,999999,99999,Independent,,,,,555555,No Group Assignment,N,,1186.0
"1001 S Fiesta Ave, Parker, AZ, 85344",1005.0,12.0,34.15191,-114.28513999999998,True,Non_Exact,"1001 S FIESTA AVE, PARKER, AZ, 85344",R,4.0,129602847.0,940200.0,Census,POINT (-114.28514 34.15191),True,Colorado River,Colorado River Indian Reservation,True,,12.979999999621128,GEOMETRYCOLLECTION EMPTY,277447.0,277447,20181116,O-Open Store,WOODYS FOOD STORE,107,1001 S FIESTA AVE,PARKER,AZ,85344,Parker,4,12,USA,07-Convenience Store,7-Conventional Convenience,E-11-25 Stores,C-Chain Store,928.0,6698792.0,"05-$2,000,001 to $4,000,000",40,2,0,0,27403,63040,Woodys Enterprises Ltd,Wickenburg,AZ,4.0,13.0,170211,Woodys Food Store,N,,18.0
"1 Main St, Whiteriver, AZ, 85941",,,33.82422879999999,-109.97905379999999,True,GEOMETRIC_CENTER,,,,,,Google,POINT (-109.9790538 33.82422879999999),True,Fort Apache,Fort Apache Reservation,True,,1.3331479683971912,GEOMETRYCOLLECTION EMPTY,619570.0,619570,20181116,O-Open Store,H MARKET,,1 MAIN ST,WHITERIVER,AZ,85941,Whiteriver,4,17,USA,07-Convenience Store,7-Conventional Convenience,A-1 Store,I-Independent Store,928.0,3384713.0,"06-$4,000,001 to $6,000,000",80,2,0,0,999999,99999,Independent,,,,,555555,No Group Assignment,N,,91.0
"2750 N Sierra Hwy, Bishop, CA, 93514",,,37.37557260000001,-118.42726709999998,True,ROOFTOP,,,,,,Google,POINT (-118.4272671 37.37557260000001),True,Bishop,Bishop Reservation,True,,0.2880605085695094,GEOMETRYCOLLECTION EMPTY,1597174.0,1597174,20181116,O-Open Store,BISHOP PAIUTE GAS,,2750 N SIERRA HWY,BISHOP,CA,93514,Bishop,6,27,USA,07-Convenience Store,7-Conventional Convenience,A-1 Store,I-Independent Store,760.0,8721224.0,"03-$1,000,001 to $1,500,000",20,2,0,0,999999,99999,Independent,,,,,555555,No Group Assignment,N,,328.0
"1054C Barona Rd, Lakeside, CA, 92040",1054.0,73.0,32.935066,-116.86833999999999,True,Exact,"1054 BARONA RD, LAKESIDE, CA, 92040",L,6.0,195332185.0,16902.0,Census,POINT (-116.86834 32.935066),True,Barona,Barona Reservation,True,,1.9002823190415032,GEOMETRYCOLLECTION EMPTY,1430931.0,1430931,20181116,O-Open Store,BARONA STATION,,1054C BARONA RD,LAKESIDE,CA,92040,Lakeside,6,73,USA,07-Convenience Store,7-Conventional Convenience,A-1 Store,I-Independent Store,619.0,4430592.0,"05-$2,000,001 to $4,000,000",60,2,0,0,999999,99999,Independent,,,,,555555,No Group Assignment,N,,272.0
"1001 S California Ave, Parker, AZ, 85344",1010.0,12.0,34.150227,-114.289055,True,Non_Exact,"1001 S CALIFORNIA AVE, PARKER, AZ, 85344",R,4.0,129602889.0,940200.0,Census,POINT (-114.289055 34.150227),True,Colorado River,Colorado River Indian Reservation,True,,0.036689218050014606,GEOMETRYCOLLECTION EMPTY,931057.0,931057,20181116,O-Open Store,TERRIBLE HERBST,201,1001 S CALIFORNIA AVE,PARKER,AZ,85344,Parker,4,12,USA,07-Convenience Store,7-Conventional Convenience,H-101-200 Stores,C-Chain Store,928.0,6696605.0,"02-$500,001 to $1,000,000",15,2,0,0,81560,35707,Terrible Herbst Inc,Las Vegas,NV,32.0,3.0,161086,Terrible Herbst,N,,19.0
"88740 70th Ave, Thermal, CA, 92274",,,33.5407221,-116.1193548,True,ROOFTOP,,,,,,Google,POINT (-116.1193548 33.5407221),True,Torres-Martinez,Torres-Martinez Reservation,True,,0.0022436047080386474,GEOMETRYCOLLECTION EMPTY,924794.0,924794,20181116,O-Open Store,LA CHICANITA MARKET,,88740 70TH AVE,THERMAL,CA,92274,Thermal,6,65,USA,07-Convenience Store,7-Conventional Convenience,A-1 Store,I-Independent Store,760.0,3974012.0,"04-$1,500,001 to $2,000,000",30,2,0,0,999999,99999,Independent,,,,,555555,No Group Assignment,N,,188.0
"4900 Indian Hill Rd, Lewiston, NY, 14092",1001.0,63.0,43.176876,-78.983986,True,Exact,"4900 INDIAN HILL RD, LEWISTON, NY, 14092",L,36.0,605139021.0,940001.0,Census,POINT (-78.983986 43.176876),True,Tuscarora Nation,Tuscarora Nation Reservation,True,,0.046643428391126,GEOMETRYCOLLECTION EMPTY,7386532.0,7386532,20181116,O-Open Store,SMOKIN JOES GAS STATION,8,4900 INDIAN HILL RD,LEWISTON,NY,14092,Lewiston,36,63,USA,07-Convenience Store,1-Gas Station/Kiosk,D-6-10 Stores,C-Chain Store,716.0,7544064.0,,0,0,0,0,401799,323,Smokin Joes Gas Station,Sanborn,NY,36.0,63.0,401856,Smokin Joes Gas Station,N,,1107.0
"208 Main St, Polson, MT, 59860",5002.0,47.0,47.694263,-114.16338,True,Exact,"208 MAIN ST, POLSON, MT, 59860",L,30.0,206887757.0,940303.0,Census,POINT (-114.16338 47.694263),True,Flathead,Flathead Reservation,True,,0.01943499359374931,GEOMETRYCOLLECTION EMPTY,1596318.0,1596318,20181116,O-Open Store,MAIN STREET MARKET,,208 MAIN ST,POLSON,MT,59860,Polson,30,47,USA,07-Convenience Store,7-Conventional Convenience,A-1 Store,I-Independent Store,406.0,8832102.0,"05-$2,000,001 to $4,000,000",50,1,0,0,999999,99999,Independent,,,,,555555,No Group Assignment,N,,787.0
"14685 Reservation Rd NE, Okeechobee, FL, 34974",,,27.042977399999998,-81.07032840000002,True,ROOFTOP,,,,,,Google,POINT (-81.07032840000002 27.0429774),True,Brighton,Brighton Reservation,True,,2.9873867004795653,GEOMETRYCOLLECTION EMPTY,1586960.0,1586960,20181116,O-Open Store,BRIGHTON SEMINOLE,,14685 RESERVATION RD NE,OKEECHOBEE,FL,34974,Okeechobee,12,43,USA,07-Convenience Store,7-Conventional Convenience,A-1 Store,I-Independent Store,863.0,3576644.0,"05-$2,000,001 to $4,000,000",40,1,0,0,999999,99999,Independent,,,,,555555,No Group Assignment,N,,424.0
"12285 150th Rd, Mayetta, KS, 66509",,,39.317839299999996,-95.7510064,True,ROOFTOP,,,,,,Google,POINT (-95.75100639999999 39.3178393),True,Prairie Band of Potawatomi Nation,Prairie Band of Potawatomi Nation Reservation,True,,0.04160965670860674,GEOMETRYCOLLECTION EMPTY,1535129.0,1535129,20181116,O-Open Store,NATION STATION,,12285 150TH RD,MAYETTA,KS,66509,Mayetta,20,85,USA,07-Convenience Store,7-Conventional Convenience,A-1 Store,I-Independent Store,785.0,9662719.0,"04-$1,500,001 to $2,000,000",35,2,0,0,999999,99999,Independent,,,,,555555,No Group Assignment,N,,516.0
"104 Main St, Charlo, MT, 59824",,,47.4365893,-114.1719193,True,RANGE_INTERPOLATED,,,,,,Google,POINT (-114.1719193 47.4365893),True,Flathead,Flathead Reservation,True,,0.15094494034867043,GEOMETRYCOLLECTION EMPTY,1832765.0,1832765,20181116,O-Open Store,COULTER AUTOMOTIVE,,104 MAIN ST,CHARLO,MT,59824,Charlo,30,47,USA,07-Convenience Store,7-Conventional Convenience,A-1 Store,I-Independent Store,406.0,6442215.0,"05-$2,000,001 to $4,000,000",40,2,0,0,999999,99999,Independent,,,,,555555,No Group Assignment,N,,776.0
"305 Joseph Ave, Winchester, ID, 83555",3115.0,61.0,46.239563000000004,-116.62411499999999,True,Exact,"305 JOSEPH AVE, WINCHESTER, ID, 83555",L,16.0,201754714.0,940002.0,Census,POINT (-116.624115 46.239563),True,Nez Perce,Nez Perce Reservation,True,,0.004205675681624987,GEOMETRYCOLLECTION EMPTY,683636.0,683636,20181116,O-Open Store,GATEWAY,,305 JOSEPH AVE,WINCHESTER,ID,83555,Winchester,16,61,USA,07-Convenience Store,7-Conventional Convenience,A-1 Store,I-Independent Store,208.0,9246831.0,"04-$1,500,001 to $2,000,000",35,1,0,0,999999,99999,Independent,,,,,555555,No Group Assignment,N,,486.0
"801 3rd St, Kamiah, ID, 83536",1077.0,61.0,46.230090000000004,-116.033875,True,Exact,"801 3RD ST, KAMIAH, ID, 83536",L,16.0,201758277.0,940001.0,Census,POINT (-116.033875 46.23009),True,Nez Perce,Nez Perce Reservation,True,,0.22212451494407773,GEOMETRYCOLLECTION EMPTY,1634292.0,1634292,20181116,O-Open Store,CONOCO,,801 3RD ST,KAMIAH,ID,83536,Kamiah,16,61,USA,07-Convenience Store,7-Conventional Convenience,A-1 Store,C-Chain Store,208.0,9350509.0,"06-$4,000,001 to $6,000,000",90,1,0,0,999999,99999,Independent,,,,,97826,Conoco,Y,,482.0
"300 10th St, Plummer, ID, 83851",,,47.334947899999996,-116.8876145,True,ROOFTOP,,,,,,Google,POINT (-116.8876145 47.3349479),True,Coeur d'Alene,Coeur d'Alene Reservation,True,,0.019076906648074626,GEOMETRYCOLLECTION EMPTY,1465090.0,1465090,20181116,O-Open Store,PLUMMER QUICK STOP,,300 10TH ST,PLUMMER,ID,83851,Plummer,16,9,USA,07-Convenience Store,7-Conventional Convenience,A-1 Store,I-Independent Store,208.0,6861953.0,"04-$1,500,001 to $2,000,000",35,1,0,0,999999,99999,Independent,,,,,555555,No Group Assignment,N,,470.0
"305 N Main St, Hiawatha, KS, 66434",3148.0,13.0,39.97766,-95.56396,True,Exact,"305 MAIN ST, HIAWATHA, KS, 66434",L,20.0,9766356.0,480600.0,Census,POINT (-95.56395999999999 39.97766),True,Sac and Fox Nation,Sac and Fox Nation Off-Reservation Trust Land,True,,3.4451335881639125,GEOMETRYCOLLECTION EMPTY,696217.0,696217,20181116,O-Open Store,SAC & FOX TRADING POST,,305 N MAIN ST,HIAWATHA,KS,66434,Hiawatha,20,13,USA,07-Convenience Store,7-Conventional Convenience,A-1 Store,I-Independent Store,785.0,7427471.0,"03-$1,000,001 to $1,500,000",20,2,0,0,999999,99999,Independent,,,,,555555,No Group Assignment,N,,510.0
"585 Ralph Darden Memorial Pkwy, Charenton, LA, 70523",,,29.868575500000002,-91.5419635,True,ROOFTOP,,,,,,Google,POINT (-91.54196349999999 29.8685755),True,Chitimacha,Chitimacha Reservation,True,,0.0003724047327048746,GEOMETRYCOLLECTION EMPTY,7329808.0,7329808,20181116,O-Open Store,TRADING POST,,585 RALPH DARDEN MEMORIAL PKWY,CHARENTON,LA,70523,Charenton,22,101,USA,07-Convenience Store,7-Conventional Convenience,A-1 Store,I-Independent Store,337.0,9237487.0,"03-$1,000,001 to $1,500,000",25,1,0,0,999999,99999,Independent,,,,,555555,No Group Assignment,N,,525.0
"2242 W Idaho Ave, Saint Maries, ID, 83861",,,47.31845720000001,-116.5853013,True,ROOFTOP,,,,,,Google,POINT (-116.5853013 47.31845720000001),True,Coeur d'Alene,Coeur d'Alene Reservation,True,,0.021503551541591805,GEOMETRYCOLLECTION EMPTY,696025.0,696025,20181116,O-Open Store,CABIN CITY,,2242 W IDAHO AVE,SAINT MARIES,ID,83861,Saint Maries,16,9,USA,07-Convenience Store,7-Conventional Convenience,A-1 Store,I-Independent Store,208.0,2452561.0,"05-$2,000,001 to $4,000,000",40,2,0,0,999999,99999,Independent,,,,,555555,No Group Assignment,N,,460.0
"101 S Main St, Kooskia, ID, 83539",3012.0,49.0,46.138946999999995,-115.97876000000001,True,Exact,"101 MAIN ST, KOOSKIA, ID, 83539",R,16.0,195883245.0,940000.0,Census,POINT (-115.97876 46.13894699999999),True,Nez Perce,Nez Perce Reservation,True,,0.006614529999024716,GEOMETRYCOLLECTION EMPTY,302229.0,302229,20181116,O-Open Store,KOOSKIA MART,,101 S MAIN ST,KOOSKIA,ID,83539,Kooskia,16,49,USA,07-Convenience Store,7-Conventional Convenience,A-1 Store,I-Independent Store,208.0,9264415.0,"03-$1,000,001 to $1,500,000",25,2,0,0,999999,99999,Independent,,,,,555555,No Group Assignment,N,,489.0
"17372 Nez Perce Rd, Lewiston, ID, 83501",,,46.4344922,-116.9113601,True,ROOFTOP,,,,,,Google,POINT (-116.9113601 46.4344922),True,Nez Perce,Nez Perce Reservation,True,,0.03244895598809721,GEOMETRYCOLLECTION EMPTY,853526.0,853526,20181116,O-Open Store,NEZ PERCE EXPRESS,,17372 NEZ PERCE RD,LEWISTON,ID,83501,Lewiston,16,69,USA,07-Convenience Store,7-Conventional Convenience,A-1 Store,I-Independent Store,208.0,7466225.0,"05-$2,000,001 to $4,000,000",60,2,0,0,999999,99999,Independent,,,,,555555,No Group Assignment,N,,490.0
"125 Michigan Ave, Orofino, ID, 83544",,,46.479392600000004,-116.25533870000001,True,GEOMETRIC_CENTER,,,,,,Google,POINT (-116.2553387 46.4793926),True,Nez Perce,Nez Perce Reservation,True,,0.026038886541718233,GEOMETRYCOLLECTION EMPTY,462948.0,462948,20181116,O-Open Store,SUNSET MART,3,125 MICHIGAN AVE,OROFINO,ID,83544,Orofino,16,35,USA,07-Convenience Store,7-Conventional Convenience,D-6-10 Stores,C-Chain Store,208.0,4767145.0,"04-$1,500,001 to $2,000,000",35,2,0,0,50678,35014,Busch Distributors Inc,Pullman,WA,53.0,75.0,169376,Sunset Mart,N,,495.0
"914 W 7th St, Pawhuska, OK, 74056",,,36.66651870000001,-96.3511934,True,RANGE_INTERPOLATED,,,,,,Google,POINT (-96.3511934 36.66651870000001),True,Osage,Osage Reservation,True,,0.09431298660344592,GEOMETRYCOLLECTION EMPTY,98039.0,98039,20181116,O-Open Store,MAVERIC MINI MART,26,914 W 7TH ST,PAWHUSKA,OK,74056,Pawhuska,40,113,USA,07-Convenience Store,7-Conventional Convenience,E-11-25 Stores,C-Chain Store,918.0,2873092.0,"05-$2,000,001 to $4,000,000",70,2,0,0,24994,24790,Maveric Mini Marts Inc,Cushing,OK,40.0,119.0,166889,Maveric Mini Mart,N,,1261.0
"102 W Rogers Blvd, Skiatook, OK, 74070",2081.0,113.0,36.36853,-96.00143,True,Exact,"102 W ROGERS BLVD, SKIATOOK, OK, 74070",R,40.0,640206394.0,940010.0,Census,POINT (-96.00143 36.36853),True,Osage,Osage Reservation,True,,0.013964700047524026,GEOMETRYCOLLECTION EMPTY,7421851.0,7421851,20181116,O-Open Store,CASEYS GENERAL STORE,3456,102 W ROGERS BLVD,SKIATOOK,OK,74070,Skiatook,40,113,USA,07-Convenience Store,7-Conventional Convenience,K-501+ Stores,C-Chain Store,918.0,3969855.0,"05-$2,000,001 to $4,000,000",60,2,0,0,403006,61420,Caseys Gen Stores/Wittenmyer,Ankeny,IA,19.0,153.0,96993,Caseys General Store,N,,1477.0
"1 Territory Rd, Oneida, NY, 13421",3034.0,53.0,43.04078,-75.62267,True,Exact,"1 TERRITORY RD, ONEIDA, NY, 13421",L,36.0,46525101.0,940103.0,Census,POINT (-75.62267 43.04078),True,Oneida Nation,Oneida Nation Reservation,True,,0.010648631675359574,GEOMETRYCOLLECTION EMPTY,1617140.0,1617140,20181116,O-Open Store,SAVON,11,1 TERRITORY RD,ONEIDA,NY,13421,Oneida,36,53,USA,07-Convenience Store,7-Conventional Convenience,E-11-25 Stores,C-Chain Store,315.0,8298246.0,"04-$1,500,001 to $2,000,000",30,1,0,0,202483,6369,Oneida Nation Enterprises LLC,Oneida,NY,36.0,53.0,202484,Savon,N,,1165.0
"745 Broad St, Salamanca, NY, 14779",6024.0,9.0,42.15935,-78.74379,True,Exact,"745 BROAD ST, SALAMANCA, NY, 14779",R,36.0,122063988.0,940300.0,Census,POINT (-78.74379 42.15935),True,Allegany,Allegany Reservation,True,,0.4574416564285464,GEOMETRYCOLLECTION EMPTY,1529746.0,1529746,20181116,O-Open Store,SENECA ONE STOP,50,745 BROAD ST,SALAMANCA,NY,14779,Salamanca,36,9,USA,07-Convenience Store,7-Conventional Convenience,C-4-5 Stores,C-Chain Store,716.0,9455400.0,"03-$1,000,001 to $1,500,000",20,1,0,0,400617,53177,Seneca One Stop HQ,Irving,NY,36.0,29.0,400618,Seneca One Stop,N,,1196.0
"2273 Saunders Settlement Rd, Sanborn, NY, 14132",2007.0,63.0,43.143223,-78.92339,True,Exact,"2273 SAUNDERS SETTLEMENT RD, SANBORN, NY, 14132",L,36.0,48688073.0,940001.0,Census,POINT (-78.92339 43.143223),True,Tuscarora Nation,Tuscarora Nation Reservation,True,,1.800270490897613,GEOMETRYCOLLECTION EMPTY,3822069.0,3822069,20181116,O-Open Store,GAILS TOBACCO & GAS,,2273 SAUNDERS SETTLEMENT RD,SANBORN,NY,14132,Sanborn,36,63,USA,07-Convenience Store,7-Conventional Convenience,A-1 Store,I-Independent Store,716.0,4622605.0,"03-$1,000,001 to $1,500,000",25,1,0,0,999999,99999,Independent,,,,,555555,No Group Assignment,N,,1176.0
"171 Campbell Ln, Yerington, NV, 89447",4041.0,19.0,39.06986,-119.210075,True,Exact,"171 CAMPBELL LN, YERINGTON, NV, 89447",L,32.0,140341779.0,960900.0,Census,POINT (-119.210075 39.06986),True,Campbell,Campbell Ranch,True,,1.560903149660751,GEOMETRYCOLLECTION EMPTY,744102.0,744102,20181116,O-Open Store,ARROWHEAD MARKET,,171 CAMPBELL LN,YERINGTON,NV,89447,Yerington,32,19,USA,07-Convenience Store,7-Conventional Convenience,A-1 Store,I-Independent Store,775.0,4634866.0,"04-$1,500,001 to $2,000,000",35,1,0,0,999999,99999,Independent,,,,,555555,No Group Assignment,N,,1041.0
"615 E Williams Ave, Fallon, NV, 89406",,,39.475452000000004,-118.7685,True,ROOFTOP,,,,,,Google,POINT (-118.7685 39.475452),True,Fallon Paiute-Shoshone (Colony),Fallon Paiute-Shoshone (Colony) Off-Reservation Trust Land,True,,0.004928178824724168,GEOMETRYCOLLECTION EMPTY,1454229.0,1454229,20181116,O-Open Store,FOX PEAK STATION SMOKESHOP,,615 E WILLIAMS AVE,FALLON,NV,89406,Fallon,32,1,USA,07-Convenience Store,7-Conventional Convenience,A-1 Store,I-Independent Store,775.0,4235655.0,"05-$2,000,001 to $4,000,000",70,2,0,0,999999,99999,Independent,,,,,555555,No Group Assignment,N,,1017.0
"501 E 1st St, Hominy, OK, 74035",5013.0,113.0,36.414406,-96.38747,True,Exact,"501 E 1ST ST, HOMINY, OK, 74035",R,40.0,82336814.0,940001.0,Census,POINT (-96.38746999999999 36.414406),True,Osage,Osage Reservation,True,,0.11540811274365075,GEOMETRYCOLLECTION EMPTY,1441394.0,1441394,20181116,O-Open Store,BILLY BS OF HOMINY,,501 E 1ST ST,HOMINY,OK,74035,Hominy,40,113,USA,07-Convenience Store,7-Conventional Convenience,A-1 Store,I-Independent Store,918.0,8856744.0,"03-$1,000,001 to $1,500,000",20,2,0,0,999999,99999,Independent,,,,,555555,No Group Assignment,N,,1249.0
"799 Tsali Blvd, Cherokee, NC, 28719",,,35.487741,-83.315324,True,ROOFTOP,,,,,,Google,POINT (-83.315324 35.487741),True,Eastern Cherokee,Eastern Cherokee Reservation,True,,0.007923628934930566,GEOMETRYCOLLECTION EMPTY,1998222.0,1998222,20181116,O-Open Store,SHELL,,799 TSALI BLVD,CHEROKEE,NC,28719,Cherokee,37,173,USA,07-Convenience Store,7-Conventional Convenience,A-1 Store,C-Chain Store,828.0,4974539.0,"03-$1,000,001 to $1,500,000",25,1,0,0,999999,99999,Independent,,,,,96959,Shell,Y,,820.0
"2280 Upper Mountain Rd, Sanborn, NY, 14132",1010.0,63.0,43.170288,-78.91906,True,Exact,"2280 UPPER MOUNTAIN RD, SANBORN, NY, 14132",R,36.0,48687974.0,940001.0,Census,POINT (-78.91906 43.170288),True,Tuscarora Nation,Tuscarora Nation Reservation,True,,0.10548096501190603,GEOMETRYCOLLECTION EMPTY,3873265.0,3873265,20181116,O-Open Store,GAILS TOBACCO & GAS OUTLET,,2280 UPPER MOUNTAIN RD,SANBORN,NY,14132,Sanborn,36,63,USA,07-Convenience Store,7-Conventional Convenience,A-1 Store,I-Independent Store,,,"04-$1,500,001 to $2,000,000",30,2,0,0,999999,99999,Independent,,,,,555555,No Group Assignment,N,,1176.0
"26 Hagen Rd, Algodones, NM, 87001",1181.0,43.0,35.417225,-106.404335,True,Non_Exact,"26 HAGON RD, ALGODONES, NM, 87001",R,35.0,611372060.0,940700.0,Census,POINT (-106.404335 35.417225),True,San Felipe,San Felipe Pueblo,True,,0.002331622436358943,GEOMETRYCOLLECTION EMPTY,1645171.0,1645171,20181116,O-Open Store,SAN FELIPE TRAVEL CENTER,,26 HAGEN RD,ALGODONES,NM,87001,Algodones,35,43,USA,07-Convenience Store,7-Conventional Convenience,A-1 Store,I-Independent Store,505.0,8679737.0,"05-$2,000,001 to $4,000,000",60,2,0,0,999999,99999,Independent,,,,,555555,No Group Assignment,N,,950.0
"20 Raquette Point Rd, Hogansburg, NY, 13655",1006.0,33.0,44.98093400000001,-74.719444,True,Exact,"20 RAQUETTE POINT RD, HOGANSBURG, NY, 13655",R,36.0,639211846.0,940000.0,Census,POINT (-74.719444 44.98093400000001),True,St. Regis Mohawk,St. Regis Mohawk Reservation,True,,0.1377494854595134,GEOMETRYCOLLECTION EMPTY,1663844.0,1663844,20181116,O-Open Store,BIG BOYS GAS,,20 RAQUETTE POINT RD,HOGANSBURG,NY,13655,Hogansburg,36,33,USA,07-Convenience Store,7-Conventional Convenience,A-1 Store,I-Independent Store,518.0,3586144.0,"03-$1,000,001 to $1,500,000",20,1,0,0,999999,99999,Independent,,,,,555555,No Group Assignment,N,,1200.0
"11403 Erie Rd, Irving, NY, 14081",,,42.579133,-79.1070676,True,RANGE_INTERPOLATED,,,,,,Google,POINT (-79.10706759999999 42.579133),True,Cattaraugus,Cattaraugus Reservation,True,,0.1432425497478453,GEOMETRYCOLLECTION EMPTY,3982976.0,3982976,20181116,O-Open Store,NATIVE PRIDE TOO,,11403 ERIE RD,IRVING,NY,14081,Irving,36,29,USA,07-Convenience Store,7-Conventional Convenience,A-1 Store,I-Independent Store,716.0,9347032.0,"04-$1,500,001 to $2,000,000",30,2,0,0,999999,99999,Independent,,,,,555555,No Group Assignment,N,,1184.0
"502 E Main St, Hominy, OK, 74035",,,36.4152336,-96.3891613,True,ROOFTOP,,,,,,Google,POINT (-96.3891613 36.4152336),True,Osage,Osage Reservation,True,,0.043475497302032255,GEOMETRYCOLLECTION EMPTY,681815.0,681815,20181116,O-Open Store,Z MART,,502 E MAIN ST,HOMINY,OK,74035,Hominy,40,113,USA,07-Convenience Store,7-Conventional Convenience,A-1 Store,I-Independent Store,918.0,8856420.0,"03-$1,000,001 to $1,500,000",20,2,0,0,999999,99999,Independent,,,,,555555,No Group Assignment,N,,1250.0
"161 S Main St, Fairfax, OK, 74637",,,36.5697134,-96.70453520000001,True,ROOFTOP,,,,,,Google,POINT (-96.70453520000001 36.5697134),True,Osage,Osage Reservation,True,,0.018821604100855923,GEOMETRYCOLLECTION EMPTY,681823.0,681823,20181116,O-Open Store,RED DEVIL SUPERETTE,,161 S MAIN ST,FAIRFAX,OK,74637,Fairfax,40,113,USA,07-Convenience Store,7-Conventional Convenience,A-1 Store,I-Independent Store,918.0,6425253.0,"03-$1,000,001 to $1,500,000",20,2,0,0,999999,99999,Independent,,,,,555555,No Group Assignment,N,,1234.0
"4128 Lake Rd, Ponca City, OK, 74604",1122.0,71.0,36.70939600000001,-97.0267,True,Exact,"4128 LAKE RD, PONCA CITY, OK, 74604",L,40.0,115903875.0,600.0,Census,POINT (-97.02670000000001 36.70939600000001),True,Kaw/Ponca,Kaw/Ponca joint-use OTSA,True,,0.039179846458372775,GEOMETRYCOLLECTION EMPTY,681826.0,681826,20181116,O-Open Store,WOODRIDGE MARKET,,4128 LAKE RD,PONCA CITY,OK,74604,Ponca City,40,71,USA,07-Convenience Store,7-Conventional Convenience,A-1 Store,I-Independent Store,580.0,7624025.0,"03-$1,000,001 to $1,500,000",20,2,0,0,999999,99999,Independent,,,,,555555,No Group Assignment,N,,1247.0
"5555 W Rogers Blvd, Skiatook, OK, 74070",,,36.3686184,-96.0449109,True,RANGE_INTERPOLATED,,,,,,Google,POINT (-96.0449109 36.3686184),True,Osage,Osage Reservation,True,,0.5639682078653651,GEOMETRYCOLLECTION EMPTY,1435021.0,1435021,20181116,O-Open Store,OSAGE TRAVEL PLAZA,,5555 W ROGERS BLVD,SKIATOOK,OK,74070,Skiatook,40,113,USA,07-Convenience Store,7-Conventional Convenience,A-1 Store,I-Independent Store,918.0,3962626.0,"03-$1,000,001 to $1,500,000",20,1,0,0,999999,99999,Independent,,,,,555555,No Group Assignment,N,,1253.0
"100 Bien Mur Dr NE, Albuquerque, NM, 87113",,,35.2020608,-106.56916899999999,True,ROOFTOP,,,,,,Google,POINT (-106.569169 35.2020608),True,Sandia,Sandia Pueblo,True,,0.037008507023041926,GEOMETRYCOLLECTION EMPTY,1742891.0,1742891,20181116,O-Open Store,BIEN MUR TRAVEL CENTER,,100 BIEN MUR DR NE,ALBUQUERQUE,NM,87113,Albuquerque,35,1,USA,07-Convenience Store,7-Conventional Convenience,A-1 Store,I-Independent Store,505.0,8215400.0,"06-$4,000,001 to $6,000,000",80,2,0,0,999999,99999,Independent,,,,,555555,No Group Assignment,N,,956.0
"100 Yates St, Fort Yates, ND, 58538",,,46.0885178,-100.6288625,True,RANGE_INTERPOLATED,,,,,,Google,POINT (-100.6288625 46.0885178),True,Standing Rock,Standing Rock Reservation,True,,0.04180368988851787,GEOMETRYCOLLECTION EMPTY,1624637.0,1624637,20181116,O-Open Store,HAGELS SERVICE,,100 YATES ST,FORT YATES,ND,58538,Fort Yates,38,85,USA,07-Convenience Store,7-Conventional Convenience,A-1 Store,I-Independent Store,701.0,8545511.0,"04-$1,500,001 to $2,000,000",30,1,0,0,999999,99999,Independent,,,,,555555,No Group Assignment,N,,838.0
"300 W Yates St, Fort Yates, ND, 58538",,,46.088229999999996,-100.6310213,True,ROOFTOP,,,,,,Google,POINT (-100.6310213 46.08823),True,Standing Rock,Standing Rock Reservation,True,,0.0177328301879307,GEOMETRYCOLLECTION EMPTY,1624640.0,1624640,20181116,O-Open Store,TIMS SERVICE,,300 W YATES ST,FORT YATES,ND,58538,Fort Yates,38,85,USA,07-Convenience Store,7-Conventional Convenience,A-1 Store,I-Independent Store,701.0,8547471.0,"04-$1,500,001 to $2,000,000",30,1,0,0,999999,99999,Independent,,,,,555555,No Group Assignment,N,,840.0
"7932 Highway 24, Fort Yates, ND, 58538",1136.0,85.0,46.262879999999996,-100.64822,True,Non_Exact,"7932 STATE HWY 24, FORT YATES, ND, 58538",L,38.0,197230255.0,940800.0,Census,POINT (-100.64822 46.26288),True,Standing Rock,Standing Rock Reservation,True,,17.54218667019523,GEOMETRYCOLLECTION EMPTY,1624641.0,1624641,20181116,O-Open Store,PRAIRIE KNIGHTS QUICK MART,,7932 HIGHWAY 24,FORT YATES,ND,58538,Fort Yates,38,85,USA,07-Convenience Store,7-Conventional Convenience,A-1 Store,I-Independent Store,701.0,8547362.0,"03-$1,000,001 to $1,500,000",25,2,0,0,999999,99999,Independent,,,,,555555,No Group Assignment,N,,828.0
"412 Spruce Ave, Barnsdall, OK, 74002",,,36.5572924,-96.1607915,True,ROOFTOP,,,,,,Google,POINT (-96.1607915 36.5572924),True,Osage,Osage Reservation,True,,0.06685526981832317,GEOMETRYCOLLECTION EMPTY,1431069.0,1431069,20181116,O-Open Store,GARRETTS COUNTRY STORE,,412 SPRUCE AVE,BARNSDALL,OK,74002,Barnsdall,40,113,USA,07-Convenience Store,7-Conventional Convenience,A-1 Store,I-Independent Store,918.0,8472272.0,"03-$1,000,001 to $1,500,000",25,2,0,0,999999,99999,Independent,,,,,555555,No Group Assignment,N,,1246.0
"200 N Main St, Fairfax, OK, 74637",,,36.57229870000001,-96.7039796,True,ROOFTOP,,,,,,Google,POINT (-96.7039796 36.57229870000001),True,Osage,Osage Reservation,True,,0.5838488603938831,GEOMETRYCOLLECTION EMPTY,628339.0,628339,20181116,O-Open Store,FAIRFAX ONE STOP,,200 N MAIN ST,FAIRFAX,OK,74637,Fairfax,40,113,USA,07-Convenience Store,7-Conventional Convenience,A-1 Store,I-Independent Store,918.0,6425588.0,"03-$1,000,001 to $1,500,000",20,2,0,0,999999,99999,Independent,,,,,555555,No Group Assignment,N,,1451.0
"1405 Cochiti Hwy, Cochiti Lake, NM, 87083",2386.0,43.0,35.647957,-106.33196000000001,True,Exact,"1405 COCHITI HWY, COCHITI LAKE, NM, 87083",R,35.0,194031904.0,11000.0,Census,POINT (-106.33196 35.647957),True,Cochiti,Pueblo de Cochiti,True,,0.018253385002888124,GEOMETRYCOLLECTION EMPTY,1735703.0,1735703,20181116,O-Open Store,COCHITI CONVENIENCE,,1405 COCHITI HWY,COCHITI LAKE,NM,87083,Cochiti Lake,35,43,USA,07-Convenience Store,7-Conventional Convenience,A-1 Store,I-Independent Store,505.0,4652682.0,"05-$2,000,001 to $4,000,000",60,2,0,0,999999,99999,Independent,,,,,555555,No Group Assignment,N,,999.0
"719 Seven Clans Ln, Cherokee, NC, 28719",,,35.4668358,-83.3213187,True,GEOMETRIC_CENTER,,,,,,Google,POINT (-83.32131870000001 35.4668358),True,Eastern Cherokee,Eastern Cherokee Reservation,True,,0.03990883718726141,GEOMETRYCOLLECTION EMPTY,628959.0,628959,20181116,O-Open Store,BIG BEAR EXXON,,719 SEVEN CLANS LN,CHEROKEE,NC,28719,Cherokee,37,173,USA,07-Convenience Store,7-Conventional Convenience,A-1 Store,C-Chain Store,828.0,4976569.0,"03-$1,000,001 to $1,500,000",25,2,0,0,999999,99999,Independent,,,,,95699,Exxon,Y,,814.0
"1660 Roy Ave NE, Albuquerque, NM, 87113",,,35.204251299999996,-106.58120729999999,True,ROOFTOP,,,,,,Google,POINT (-106.5812073 35.2042513),True,Sandia,Sandia Pueblo,True,,0.41487061407697573,GEOMETRYCOLLECTION EMPTY,684651.0,684651,20181116,O-Open Store,TIWA MART,,1660 ROY AVE NE,ALBUQUERQUE,NM,87113,Albuquerque,35,1,USA,07-Convenience Store,7-Conventional Convenience,A-1 Store,I-Independent Store,505.0,8971701.0,"05-$2,000,001 to $4,000,000",40,2,0,0,999999,99999,Independent,,,,,555555,No Group Assignment,N,,958.0
"1587 W Rogers Blvd, Skiatook, OK, 74070",1017.0,113.0,36.36855,-96.022194,True,Non_Exact,"1587 W ROGERS BLVD, SKIATOOK, OK, 74070",R,40.0,640207209.0,940010.0,Census,POINT (-96.022194 36.36855),True,Osage,Osage Reservation,True,,1.708166849227597,GEOMETRYCOLLECTION EMPTY,7294014.0,7294014,20181116,O-Open Store,OSAGE C STORE,,1587 W ROGERS BLVD,SKIATOOK,OK,74070,Skiatook,40,113,USA,07-Convenience Store,7-Conventional Convenience,A-1 Store,I-Independent Store,,,"05-$2,000,001 to $4,000,000",40,2,0,0,999999,99999,Independent,,,,,555555,No Group Assignment,N,,1414.0
"704 Broad St, Salamanca, NY, 14779",6007.0,9.0,42.159267,-78.74195,True,Exact,"704 BROAD ST, SALAMANCA, NY, 14779",R,36.0,122025276.0,940300.0,Census,POINT (-78.74195 42.159267),True,Allegany,Allegany Reservation,True,,0.14640603918635672,GEOMETRYCOLLECTION EMPTY,2226366.0,2226366,20181116,O-Open Store,GRAND CENTER STATION,,704 BROAD ST,SALAMANCA,NY,14779,Salamanca,36,9,USA,07-Convenience Store,7-Conventional Convenience,A-1 Store,I-Independent Store,716.0,9455111.0,"03-$1,000,001 to $1,500,000",20,1,0,0,999999,99999,Independent,,,,,555555,No Group Assignment,N,,1137.0
"241 Main St, New Town, ND, 58763",1035.0,61.0,47.97929,-102.4908,True,Exact,"241 MAIN ST, NEW TOWN, ND, 58763",R,38.0,200610547.0,940400.0,Census,POINT (-102.4908 47.97929),True,Fort Berthold,Fort Berthold Reservation,True,,0.833025764073158,GEOMETRYCOLLECTION EMPTY,1625411.0,1625411,20181116,O-Open Store,CENEX MAIN STATION,,241 MAIN ST,NEW TOWN,ND,58763,New Town,38,61,USA,07-Convenience Store,7-Conventional Convenience,A-1 Store,C-Chain Store,701.0,6273636.0,"03-$1,000,001 to $1,500,000",20,2,0,0,999999,99999,Independent,,,,,109190,Ampride/Cenex,Y,,827.0
"840 R C Hoag Dr, Salamanca, NY, 14779",,,42.1586013,-78.7486986,True,RANGE_INTERPOLATED,,,,,,Google,POINT (-78.7486986 42.1586013),True,Allegany,Allegany Reservation,True,,0.37620825665872915,GEOMETRYCOLLECTION EMPTY,7418182.0,7418182,20181116,O-Open Store,ALLEGANY GAS & SMOKES HARRY,,840 R C HOAG DR,SALAMANCA,NY,14779,Salamanca,36,9,USA,07-Convenience Store,7-Conventional Convenience,A-1 Store,I-Independent Store,716.0,9452096.0,"03-$1,000,001 to $1,500,000",25,1,0,0,999999,99999,Independent,,,,,555555,No Group Assignment,N,,1196.0
"2306 N Riverside Dr, Espanola, NM, 87532",,,36.0267883,-106.0634668,True,GEOMETRIC_CENTER,,,,,,Google,POINT (-106.0634668 36.0267883),True,Ohkay Owingeh,Ohkay Owingeh,True,,0.03955273973121585,GEOMETRYCOLLECTION EMPTY,1440106.0,1440106,20181116,O-Open Store,EXPRESS MART,,2306 N RIVERSIDE DR,ESPANOLA,NM,87532,Espanola,35,39,USA,07-Convenience Store,7-Conventional Convenience,A-1 Store,I-Independent Store,505.0,7479090.0,"05-$2,000,001 to $4,000,000",70,2,0,0,999999,99999,Independent,,,,,555555,No Group Assignment,N,,881.0
"806 W Petree Rd, Anadarko, OK, 73005",3022.0,15.0,35.05788,-98.22496,True,Non_Exact,"806 E PETREE RD, ANADARKO, OK, 73005",R,40.0,92464665.0,162100.0,Census,POINT (-98.22496 35.05788),True,Kiowa-Comanche-Apache-Ft Sill Apache/Caddo-Wichita-Delaware,Kiowa-Comanche-Apache-Ft Sill Apache/Caddo-Wichita-Delaware joint-use OTSA,True,,2.1201625203748873,GEOMETRYCOLLECTION EMPTY,1441887.0,1441887,20181116,O-Open Store,WARRIOR MART,,806 W PETREE RD,ANADARKO,OK,73005,Anadarko,40,15,USA,07-Convenience Store,7-Conventional Convenience,A-1 Store,I-Independent Store,405.0,2476771.0,"03-$1,000,001 to $1,500,000",20,2,0,0,999999,99999,Independent,,,,,555555,No Group Assignment,N,,1286.0
"1340 Tsali Blvd, Cherokee, NC, 28719",,,35.49579960000001,-83.3128707,True,RANGE_INTERPOLATED,,,,,,Google,POINT (-83.3128707 35.49579960000001),True,Eastern Cherokee,Eastern Cherokee Reservation,True,,0.15684184303719698,GEOMETRYCOLLECTION EMPTY,1731897.0,1731897,20181116,O-Open Store,CHEROKEE MINI MART,,1340 TSALI BLVD,CHEROKEE,NC,28719,Cherokee,37,173,USA,07-Convenience Store,7-Conventional Convenience,A-1 Store,I-Independent Store,828.0,4975524.0,"03-$1,000,001 to $1,500,000",25,1,0,0,999999,99999,Independent,,,,,555555,No Group Assignment,N,,817.0
"2208 N Riverside Dr, Espanola, NM, 87532",5051.0,39.0,36.02592999999999,-106.06388000000001,True,Non_Exact,"2208 N RIVERSIDE DR, ESPANOLA, NM, 87532",L,35.0,143201804.0,944100.0,Census,POINT (-106.06388 36.02592999999999),True,Ohkay Owingeh,Ohkay Owingeh,True,,0.009366033428707607,GEOMETRYCOLLECTION EMPTY,1766994.0,1766994,20181116,O-Open Store,EAGLE MART,,2208 N RIVERSIDE DR,ESPANOLA,NM,87532,Espanola,35,39,USA,07-Convenience Store,7-Conventional Convenience,A-1 Store,I-Independent Store,505.0,7478326.0,"05-$2,000,001 to $4,000,000",70,2,0,0,999999,99999,Independent,,,,,555555,No Group Assignment,N,,890.0
"881 Broad St, Salamanca, NY, 14779",6024.0,9.0,42.158854999999996,-78.74644,True,Exact,"881 BROAD ST, SALAMANCA, NY, 14779",R,36.0,122025278.0,940300.0,Census,POINT (-78.74644000000001 42.158855),True,Allegany,Allegany Reservation,True,,0.1624415615790181,GEOMETRYCOLLECTION EMPTY,1446024.0,1446024,20181116,O-Open Store,NAFCO QUICK STOP,,881 BROAD ST,SALAMANCA,NY,14779,Salamanca,36,9,USA,07-Convenience Store,7-Conventional Convenience,A-1 Store,I-Independent Store,716.0,9450056.0,"03-$1,000,001 to $1,500,000",20,1,0,0,999999,99999,Independent,,,,,555555,No Group Assignment,N,,1141.0
"125 Maple Rd, Odanah, WI, 54861",,,46.5917311,-90.64555770000001,True,ROOFTOP,,,,,,Google,POINT (-90.64555770000001 46.5917311),True,Bad River,Bad River Reservation,True,,0.00016654445920285678,GEOMETRYCOLLECTION EMPTY,1552999.0,1552999,20181116,O-Open Store,MOCCASIN TRAILS CENTER,,125 MAPLE RD,ODANAH,WI,54861,Odanah,55,3,USA,07-Convenience Store,7-Conventional Convenience,A-1 Store,I-Independent Store,715.0,6852786.0,"03-$1,000,001 to $1,500,000",20,1,0,0,999999,99999,Independent,,,,,555555,No Group Assignment,N,,1852.0
"490 Ocean Dr, La Push, WA, 98350",2052.0,9.0,47.904716,-124.63006599999999,True,Exact,"490 OCEAN DR, LA PUSH, WA, 98350",L,53.0,150842872.0,400.0,Census,POINT (-124.630066 47.904716),True,Quileute,Quileute Reservation,True,,0.002236337353007937,GEOMETRYCOLLECTION EMPTY,1436660.0,1436660,20181116,O-Open Store,LONESOME CREEK,,490 OCEAN DR,LA PUSH,WA,98350,La Push,53,9,USA,07-Convenience Store,7-Conventional Convenience,A-1 Store,I-Independent Store,360.0,3744338.0,"02-$500,001 to $1,000,000",15,1,0,0,999999,99999,Independent,,,,,555555,No Group Assignment,N,,1732.0
"931 Bayview Ave, Neah Bay, WA, 98357",,,48.366217299999995,-124.61686920000001,True,ROOFTOP,,,,,,Google,POINT (-124.6168692 48.3662173),True,Makah,Makah Indian Reservation,True,,0.00475742996530598,GEOMETRYCOLLECTION EMPTY,2253619.0,2253619,20181116,O-Open Store,MAKAH MINI MART,,931 BAYVIEW AVE,NEAH BAY,WA,98357,Neah Bay,53,9,USA,07-Convenience Store,7-Conventional Convenience,A-1 Store,I-Independent Store,360.0,6452802.0,"05-$2,000,001 to $4,000,000",70,3,0,0,999999,99999,Independent,,,,,555555,No Group Assignment,N,,1781.0
"302 Hwy 249, Fort Thompson, SD, 57339",,,44.0711067,-99.4334149,True,ROOFTOP,,,,,,Google,POINT (-99.4334149 44.0711067),True,Crow Creek,Crow Creek Reservation,True,,0.00039681373348662505,GEOMETRYCOLLECTION EMPTY,1832512.0,1832512,20181116,O-Open Store,SHELBYS,,302 HWY 249,FORT THOMPSON,SD,57339,Fort Thompson,46,17,USA,07-Convenience Store,7-Conventional Convenience,A-1 Store,I-Independent Store,605.0,2452788.0,"05-$2,000,001 to $4,000,000",40,2,0,0,999999,99999,Independent,,,,,555555,No Group Assignment,N,,1568.0
"9034 Highway 24, Fort Yates, ND, 58538",1083.0,85.0,46.115105,-100.67994,True,Non_Exact,"9034 STATE HWY 24, FORT YATES, ND, 58538",L,38.0,197237438.0,940900.0,Census,POINT (-100.67994 46.115105),True,Standing Rock,Standing Rock Reservation,True,,7.1880320267895215,GEOMETRYCOLLECTION EMPTY,3819533.0,3819533,20181116,O-Open Store,FAMILY DOLLAR,8207,9034 HIGHWAY 24,FORT YATES,ND,58538,Fort Yates,38,85,USA,08-Mass Merchandiser,3-Dollar Store,K-501+ Stores,C-Chain Store,701.0,3544139.0,"05-$2,000,001 to $4,000,000",50,8,0,0,34298,91525,Family Dollar Stores Inc,Matthews,NC,37.0,179.0,151647,Family Dollar,N,,829.0
"5318 Chief Brown Ln Ste B, Darrington, WA, 98241",,,48.3200381,-121.55297759999998,True,ROOFTOP,,,,,,Google,POINT (-121.5529776 48.3200381),True,Sauk-Suiattle,Sauk-Suiattle Reservation,True,,5.269838733513717,GEOMETRYCOLLECTION EMPTY,7592364.0,7592364,20181116,O-Open Store,MOUNTAIN LOOP COUNTRY STORE,,5318 CHIEF BROWN LN STE B,DARRINGTON,WA,98241,Darrington,53,57,USA,07-Convenience Store,7-Conventional Convenience,A-1 Store,I-Independent Store,,,"01-$1 to $500,000",7,1,0,0,999999,99999,Independent,,,,,555555,No Group Assignment,N,,1662.0
"597 Peace Pipe Rd, Lac du Flambeau, WI, 54538",1258.0,125.0,45.970515999999996,-89.89248,True,Exact,"597 PEACE PIPE RD, LAC DU FLAMBEAU, WI, 54538",L,55.0,165565869.0,940000.0,Census,POINT (-89.89248000000001 45.970516),True,Lac du Flambeau,Lac du Flambeau Reservation,True,,0.2514071483429645,GEOMETRYCOLLECTION EMPTY,7443510.0,7443510,20181116,O-Open Store,LDF COUNTRY MARKET,,597 PEACE PIPE RD,LAC DU FLAMBEAU,WI,54538,Lac du Flambeau,55,125,USA,07-Convenience Store,7-Conventional Convenience,A-1 Store,I-Independent Store,,,"03-$1,000,001 to $1,500,000",20,1,0,0,999999,99999,Independent,,,,,555555,No Group Assignment,N,,1880.0
"1001 S Veterans St, Flandreau, SD, 57028",2144.0,101.0,44.04379,-96.60793000000001,True,Exact,"1001 S VETERANS ST, FLANDREAU, SD, 57028",R,46.0,193668337.0,959700.0,Census,POINT (-96.60793000000001 44.04379),True,Flandreau,Flandreau Reservation,True,,0.024705381227815335,GEOMETRYCOLLECTION EMPTY,695358.0,695358,20181116,O-Open Store,FIRST AMERICAN MART,,1001 S VETERANS ST,FLANDREAU,SD,57028,Flandreau,46,101,USA,07-Convenience Store,7-Conventional Convenience,A-1 Store,I-Independent Store,605.0,9972870.0,"03-$1,000,001 to $1,500,000",25,2,0,0,999999,99999,Independent,,,,,555555,No Group Assignment,N,,1511.0
"12820 Yelm Hwy SE, Olympia, WA, 98513",,,47.001675799999994,-122.6713455,True,ROOFTOP,,,,,,Google,POINT (-122.6713455 47.00167579999999),True,Nisqually,Nisqually Reservation,True,,0.1545371568097403,GEOMETRYCOLLECTION EMPTY,934081.0,934081,20181116,O-Open Store,NISQUALLY REZ MART,,12820 YELM HWY SE,OLYMPIA,WA,98513,Olympia,53,67,USA,07-Convenience Store,7-Conventional Convenience,A-1 Store,I-Independent Store,360.0,4135892.0,"04-$1,500,001 to $2,000,000",35,2,0,0,999999,99999,Independent,,,,,555555,No Group Assignment,N,,1790.0
"4884 Haxton Way, Ferndale, WA, 98248",2005.0,73.0,48.81859,-122.62781499999998,True,Exact,"4884 HAXTON WAY, FERNDALE, WA, 98248",R,53.0,183807664.0,940000.0,Census,POINT (-122.627815 48.81859),True,Lummi,Lummi Reservation,True,,0.085970948502173,GEOMETRYCOLLECTION EMPTY,672084.0,672084,20181116,O-Open Store,LUMMI MINI MART,,4884 HAXTON WAY,FERNDALE,WA,98248,Ferndale,53,73,USA,07-Convenience Store,7-Conventional Convenience,A-1 Store,I-Independent Store,360.0,3802049.0,"05-$2,000,001 to $4,000,000",40,2,0,0,999999,99999,Independent,,,,,555555,No Group Assignment,N,,1779.0
"101 Main St, Manderson, SD, 57756",,,43.235278799999996,-102.4712262,True,ROOFTOP,,,,,,Google,POINT (-102.4712262 43.2352788),True,Pine Ridge,Pine Ridge Reservation,True,,0.0017132859490595162,GEOMETRYCOLLECTION EMPTY,1639679.0,1639679,20181116,O-Open Store,PINKYS,1,101 MAIN ST,MANDERSON,SD,57756,Manderson,46,102,USA,07-Convenience Store,7-Conventional Convenience,A-1 Store,I-Independent Store,605.0,8675184.0,"04-$1,500,001 to $2,000,000",35,2,0,0,999999,99999,Independent,,,,,555555,No Group Assignment,N,,1612.0
"501 N 8th St, Barnsdall, OK, 74002",2055.0,113.0,36.557735,-96.16585,True,Exact,"501 8TH ST, BARNSDALL, OK, 74002",R,40.0,82322722.0,940008.0,Census,POINT (-96.16585000000001 36.557735),True,Osage,Osage Reservation,True,,0.0009798616730968656,GEOMETRYCOLLECTION EMPTY,4038700.0,4038700,20181116,O-Open Store,DOLLAR GENERAL,13421,501 N 8TH ST,BARNSDALL,OK,74002,Barnsdall,40,113,USA,08-Mass Merchandiser,3-Dollar Store,K-501+ Stores,C-Chain Store,918.0,8472007.0,"04-$1,500,001 to $2,000,000",35,8,0,0,33781,91262,Dollar General/HQ,Goodlettsville,TN,47.0,37.0,151591,Dollar General,N,,1269.0
"544 N Main St, Fairfax, OK, 74637",,,36.574337299999996,-96.7039587,True,ROOFTOP,,,,,,Google,POINT (-96.7039587 36.5743373),True,Osage,Osage Reservation,True,,37.20460948684302,GEOMETRYCOLLECTION EMPTY,7448117.0,7448117,20181116,O-Open Store,DOLLAR GENERAL,7821,544 N MAIN ST,FAIRFAX,OK,74637,Fairfax,40,113,USA,08-Mass Merchandiser,3-Dollar Store,K-501+ Stores,C-Chain Store,918.0,6421328.0,"04-$1,500,001 to $2,000,000",35,9,0,0,33781,91262,Dollar General/HQ,Goodlettsville,TN,47.0,37.0,151591,Dollar General,N,,1276.0
"103 E Main St, Hominy, OK, 74035",4054.0,113.0,36.41555,-96.39392,True,Exact,"103 E MAIN ST, HOMINY, OK, 74035",R,40.0,82325358.0,940001.0,Census,POINT (-96.39391999999999 36.41555),True,Osage,Osage Reservation,True,,0.02247757021287379,GEOMETRYCOLLECTION EMPTY,1852430.0,1852430,20181116,O-Open Store,DOLLAR GENERAL,6633,103 E MAIN ST,HOMINY,OK,74035,Hominy,40,113,USA,08-Mass Merchandiser,3-Dollar Store,K-501+ Stores,C-Chain Store,918.0,8852289.0,"03-$1,000,001 to $1,500,000",25,7,0,0,33781,91262,Dollar General/HQ,Goodlettsville,TN,47.0,37.0,151591,Dollar General,N,,1275.0
"800 E 6th St, Pawhuska, OK, 74056",5013.0,113.0,36.66357,-96.32977,True,Non_Exact,"800 E 6TH ST, PAWHUSKA, OK, 74056",L,40.0,82356317.0,940002.0,Census,POINT (-96.32977 36.66357),True,Osage,Osage Reservation,True,,0.028713272491407055,GEOMETRYCOLLECTION EMPTY,2116869.0,2116869,20181116,O-Open Store,FAMILY DOLLAR,7400,800 E 6TH ST,PAWHUSKA,OK,74056,Pawhuska,40,113,USA,08-Mass Merchandiser,3-Dollar Store,K-501+ Stores,C-Chain Store,918.0,2873832.0,"04-$1,500,001 to $2,000,000",35,7,0,0,34298,91525,Family Dollar Stores Inc,Matthews,NC,37.0,179.0,151647,Family Dollar,N,,1438.0
"1 Main St, Needles, CA, 92363",,,34.4832501,-114.40355,True,ROOFTOP,,,,,,Google,POINT (-114.40355 34.4832501),True,Chemehuevi,Chemehuevi Reservation,True,,7805.4159088130655,GEOMETRYCOLLECTION EMPTY,7340956.0,7340956,20181116,O-Open Store,HAVASU LANDING BAR,,1 MAIN ST,NEEDLES,CA,92363,Needles,6,71,USA,51-Bar/Nightclub,1-Neighborhood Bar,A-1 Store,I-Independent Store,,,,0,0,0,0,999999,99999,Independent,,,,,555555,No Group Assignment,N,,353.0
"1003 Antwine Ave, Wynona, OK, 74084",,,36.5424681,-96.326815,True,RANGE_INTERPOLATED,,,,,,Google,POINT (-96.326815 36.5424681),True,Osage,Osage Reservation,True,,0.06324040734473949,GEOMETRYCOLLECTION EMPTY,3648331.0,3648331,20181116,O-Open Store,THE OFFICE,,1003 ANTWINE AVE,WYNONA,OK,74084,Wynona,40,113,USA,51-Bar/Nightclub,1-Neighborhood Bar,A-1 Store,I-Independent Store,,,,0,0,0,0,999999,99999,Independent,,,,,555555,No Group Assignment,N,,1423.0
"101 College Ave, Orofino, ID, 83544",,,46.4782868,-116.2548759,True,ROOFTOP,,,,,,Google,POINT (-116.2548759 46.4782868),True,Nez Perce,Nez Perce Reservation,True,,0.14939077958278763,GEOMETRYCOLLECTION EMPTY,7544143.0,7544143,20181116,O-Open Store,THE SHOT GLASS BAR,,101 COLLEGE AVE,OROFINO,ID,83544,Orofino,16,35,USA,51-Bar/Nightclub,1-Neighborhood Bar,A-1 Store,I-Independent Store,,,,0,0,0,0,999999,99999,Independent,,,,,555555,No Group Assignment,N,,462.0
"226 Johnson Ave, Orofino, ID, 83544",5041.0,35.0,46.477375,-116.252525,True,Exact,"226 JOHNSON AVE, OROFINO, ID, 83544",R,16.0,201684612.0,940000.0,Census,POINT (-116.252525 46.477375),True,Nez Perce,Nez Perce Reservation,True,,0.09606367594737676,GEOMETRYCOLLECTION EMPTY,3820714.0,3820714,20181116,O-Open Store,OROFINO YACHT CLUB,,226 JOHNSON AVE,OROFINO,ID,83544,Orofino,16,35,USA,51-Bar/Nightclub,1-Neighborhood Bar,A-1 Store,I-Independent Store,,,,0,0,0,0,999999,99999,Independent,,,,,555555,No Group Assignment,N,,491.0
"45000 Pechanga Pkwy, Temecula, CA, 92592",,,33.4560541,-117.1067437,True,ROOFTOP,,,,,,Google,POINT (-117.1067437 33.4560541),True,Pechanga,Pechanga Reservation,True,,0.2671764699229451,GEOMETRYCOLLECTION EMPTY,3980899.0,3980899,20181116,O-Open Store,PECHANGA EAGLES NEST,,45000 PECHANGA PKWY,TEMECULA,CA,92592,Temecula,6,65,USA,51-Bar/Nightclub,1-Neighborhood Bar,A-1 Store,I-Independent Store,,,,0,0,0,0,999999,99999,Independent,,,,,555555,No Group Assignment,N,,334.0
"238 Johnson Ave, Orofino, ID, 83544",5041.0,35.0,46.47737,-116.25251999999999,True,Exact,"238 JOHNSON AVE, OROFINO, ID, 83544",R,16.0,201684612.0,940000.0,Census,POINT (-116.25252 46.47737),True,Nez Perce,Nez Perce Reservation,True,,0.07471779189340179,GEOMETRYCOLLECTION EMPTY,5586405.0,5586405,20181116,O-Open Store,SHOT GLASS,,238 JOHNSON AVE,OROFINO,ID,83544,Orofino,16,35,USA,51-Bar/Nightclub,1-Neighborhood Bar,A-1 Store,I-Independent Store,208.0,4760243.0,,0,0,0,0,999999,99999,Independent,,,,,555555,No Group Assignment,N,,462.0
"45000 Pechanga Pkwy, Temecula, CA, 92592",,,33.4560541,-117.1067437,True,ROOFTOP,,,,,,Google,POINT (-117.1067437 33.4560541),True,Pechanga,Pechanga Reservation,True,,0.2671764699229451,GEOMETRYCOLLECTION EMPTY,3949886.0,3949886,20181116,O-Open Store,PECHANGA CABERET LOUNGE,,45000 PECHANGA PKWY,TEMECULA,CA,92592,Temecula,6,65,USA,51-Bar/Nightclub,2-Casual Nightclub,A-1 Store,I-Independent Store,,,,0,0,0,0,999999,99999,Independent,,,,,555555,No Group Assignment,N,,334.0
"1800 Golden Acorn Way, Campo, CA, 91906",,,32.7022714,-116.3548239,True,ROOFTOP,,,,,,Google,POINT (-116.3548239 32.7022714),True,Campo,Campo Indian Reservation,True,,0.03543533932742116,GEOMETRYCOLLECTION EMPTY,1639153.0,1639153,20181116,O-Open Store,GOLDEN ACORN CASINO,,1800 GOLDEN ACORN WAY,CAMPO,CA,91906,Campo,6,73,USA,53-Recreation,4-Casino/Gambling,A-1 Store,I-Independent Store,619.0,9386000.0,,0,0,0,0,999999,99999,Independent,,,,,555555,No Group Assignment,N,,269.0
"19400 Tuolumne Rd N, Tuolumne, CA, 95379",,,37.97382800000001,-120.240141,True,ROOFTOP,,,,,,Google,POINT (-120.240141 37.97382800000001),True,Tuolumne,Tuolumne Rancheria,True,,0.06478129927070393,GEOMETRYCOLLECTION EMPTY,1872418.0,1872418,20181116,O-Open Store,BLACK OAK CASINO,,19400 TUOLUMNE RD N,TUOLUMNE,CA,95379,Tuolumne,6,109,USA,53-Recreation,4-Casino/Gambling,A-1 Store,I-Independent Store,209.0,9289300.0,,0,0,0,0,999999,99999,Independent,,,,,555555,No Group Assignment,N,,343.0
"506 S 1st St, Immokalee, FL, 34142",,,26.4104578,-81.41673759999998,True,ROOFTOP,,,,,,Google,POINT (-81.41673759999998 26.4104578),True,Immokalee,Immokalee Reservation,True,,0.8390546515119857,GEOMETRYCOLLECTION EMPTY,882404.0,882404,20181116,O-Open Store,SEMINOLE CASINO,,506 S 1ST ST,IMMOKALEE,FL,34142,Immokalee,12,21,USA,53-Recreation,4-Casino/Gambling,G-51-100 Stores,C-Chain Store,239.0,6581313.0,,0,0,0,0,200678,99025,Seminole Casinos,Fort Lauderdale,FL,12.0,11.0,202922,Seminole Casino,N,,442.0
"48250 230th St, Flandreau, SD, 57028",2064.0,101.0,44.051582,-96.54420999999999,True,Exact,"48250 230TH ST, FLANDREAU, SD, 57028",L,46.0,624277786.0,959700.0,Census,POINT (-96.54420999999999 44.051582),True,Flandreau,Flandreau Reservation,True,,3.2162302605412068,GEOMETRYCOLLECTION EMPTY,1938129.0,1938129,20181116,O-Open Store,FLANDREAU GOLF COURSE,,48250 230TH ST,FLANDREAU,SD,57028,Flandreau,46,101,USA,53-Recreation,2-Golf/Country Club,A-1 Store,I-Independent Store,605.0,9973031.0,,0,0,0,0,999999,99999,Independent,,,,,555555,No Group Assignment,N,,1570.0
"832 Martin Luther King Blvd, Charenton, LA, 70523",,,29.8713848,-91.5385291,True,ROOFTOP,,,,,,Google,POINT (-91.53852910000001 29.8713848),True,Chitimacha,Chitimacha Reservation,True,,0.0003447355820111124,GEOMETRYCOLLECTION EMPTY,5211478.0,5211478,20181116,O-Open Store,CYPRESS BAYOU CASINO,,832 MARTIN LUTHER KING BLVD,CHARENTON,LA,70523,Charenton,22,101,USA,53-Recreation,4-Casino/Gambling,A-1 Store,I-Independent Store,337.0,9237284.0,,0,0,0,0,999999,99999,Independent,,,,,555555,No Group Assignment,N,,526.0
"17214 210th St, Onawa, IA, 51040",,,42.0567842,-96.2097136,True,ROOFTOP,,,,,,Google,POINT (-96.2097136 42.0567842),True,Omaha,Omaha Reservation,True,,0.07746283978825133,GEOMETRYCOLLECTION EMPTY,5554441.0,5554441,20181116,O-Open Store,BLACKBIRD BEND CASINO,,17214 210TH ST,ONAWA,IA,51040,Onawa,19,133,USA,53-Recreation,4-Casino/Gambling,A-1 Store,I-Independent Store,712.0,4239646.0,,0,0,0,0,999999,99999,Independent,,,,,555555,No Group Assignment,N,,451.0
"5005 Willows Rd Ste 101, Alpine, CA, 91901",1122.0,73.0,32.84062,-116.70787,True,Exact,"5005 WILLOWS RD, ALPINE, CA, 91901",R,6.0,195338238.0,21202.0,Census,POINT (-116.70787 32.84062),True,Viejas,Viejas Reservation,True,,0.049466702340872006,GEOMETRYCOLLECTION EMPTY,2276690.0,2276690,20181116,O-Open Store,VIEJAS BOWL,,5005 WILLOWS RD STE 101,ALPINE,CA,91901,Alpine,6,73,USA,53-Recreation,3-Billiard/Bowling/Arcade,A-1 Store,I-Independent Store,619.0,6598940.0,,0,0,0,0,999999,99999,Independent,,,,,555555,No Group Assignment,N,,274.0
"4876 Haxton Way, Ferndale, WA, 98248",2005.0,73.0,48.81842,-122.62782,True,Exact,"4876 HAXTON WAY, FERNDALE, WA, 98248",R,53.0,183807664.0,940000.0,Census,POINT (-122.62782 48.81842),True,Lummi,Lummi Reservation,True,,0.09499152349864085,GEOMETRYCOLLECTION EMPTY,1780607.0,1780607,20181116,O-Open Store,SILVER REEF CASINO,,4876 HAXTON WAY,FERNDALE,WA,98248,Ferndale,53,73,USA,53-Recreation,4-Casino/Gambling,A-1 Store,I-Independent Store,360.0,3847180.0,,0,0,0,0,999999,99999,Independent,,,,,555555,No Group Assignment,N,,1780.0
"45000 Pechanga Pkwy, Temecula, CA, 92592",,,33.4560541,-117.1067437,True,ROOFTOP,,,,,,Google,POINT (-117.1067437 33.4560541),True,Pechanga,Pechanga Reservation,True,,0.2671764699229451,GEOMETRYCOLLECTION EMPTY,1775020.0,1775020,20181116,O-Open Store,PECHANGA RESORT & CASINO,,45000 PECHANGA PKWY,TEMECULA,CA,92592,Temecula,6,65,USA,53-Recreation,4-Casino/Gambling,A-1 Store,I-Independent Store,951.0,6931819.0,,0,0,0,0,999999,99999,Independent,,,,,555555,No Group Assignment,N,,334.0
"510 Old Abe Rd, Lac du Flambeau, WI, 54538",2087.0,125.0,45.972683,-89.89475,True,Non_Exact,"510 OLD ABE RD, LAC DU FLAMBEAU, WI, 54538",L,55.0,640225070.0,940000.0,Census,POINT (-89.89475 45.972683),True,Lac du Flambeau,Lac du Flambeau Reservation,True,,0.1513561215249918,GEOMETRYCOLLECTION EMPTY,5045896.0,5045896,20181116,O-Open Store,LAKE OF THE TORCHES CASINO,,510 OLD ABE RD,LAC DU FLAMBEAU,WI,54538,Lac du Flambeau,55,125,USA,53-Recreation,4-Casino/Gambling,A-1 Store,I-Independent Store,715.0,5887070.0,,0,0,0,0,999999,99999,Independent,,,,,555555,No Group Assignment,N,,1879.0
"777 Casino Dr, Cherokee, NC, 28719",3000.0,99.0,35.469555,-83.299774,True,Exact,"777 CASINO DR, CHEROKEE, NC, 28719",L,37.0,634882985.0,940200.0,Census,POINT (-83.299774 35.469555),True,Eastern Cherokee,Eastern Cherokee Reservation,True,,0.04435088656816231,GEOMETRYCOLLECTION EMPTY,1972932.0,1972932,20181116,O-Open Store,HARRAHS,,777 CASINO DR,CHEROKEE,NC,28719,Cherokee,37,99,USA,53-Recreation,4-Casino/Gambling,G-51-100 Stores,C-Chain Store,828.0,4977777.0,,0,0,0,0,128450,1715,Caesars Entertainment/Recreation,Las Vegas,NV,32.0,3.0,113049,Harrahs,N,,818.0
"5200 Cochiti Hwy, Cochiti Lake, NM, 87083",2380.0,43.0,35.651024,-106.33386000000002,True,Exact,"5200 COCHITI HWY, COCHITI LAKE, NM, 87083",L,35.0,194014439.0,11000.0,Census,POINT (-106.33386 35.651024),True,Cochiti,Pueblo de Cochiti,True,,0.2537610356441008,GEOMETRYCOLLECTION EMPTY,1935746.0,1935746,20181116,O-Open Store,COCHITI GOLF COURSE,,5200 COCHITI HWY,COCHITI LAKE,NM,87083,Cochiti Lake,35,43,USA,53-Recreation,2-Golf/Country Club,A-1 Store,I-Independent Store,505.0,4652239.0,,0,0,0,0,999999,99999,Independent,,,,,555555,No Group Assignment,N,,999.0
"17735 Reservation Rd NE, Okeechobee, FL, 34974",,,27.0876564,-81.07137790000002,True,RANGE_INTERPOLATED,,,,,,Google,POINT (-81.07137790000002 27.0876564),True,Brighton,Brighton Reservation,True,,0.09166267531433937,GEOMETRYCOLLECTION EMPTY,5175630.0,5175630,20181116,O-Open Store,SEMINOLE CASINO,,17735 RESERVATION RD NE,OKEECHOBEE,FL,34974,Okeechobee,12,43,USA,53-Recreation,4-Casino/Gambling,G-51-100 Stores,C-Chain Store,863.0,4679998.0,,0,0,0,0,200678,99025,Seminole Casinos,Fort Lauderdale,FL,12.0,11.0,202922,Seminole Casino,N,,424.0
"7932 Highway 24, Fort Yates, ND, 58538",1136.0,85.0,46.262879999999996,-100.64822,True,Non_Exact,"7932 STATE HWY 24, FORT YATES, ND, 58538",L,38.0,197230255.0,940800.0,Census,POINT (-100.64822 46.26288),True,Standing Rock,Standing Rock Reservation,True,,7.943472411884171,GEOMETRYCOLLECTION EMPTY,1786456.0,1786456,20181116,O-Open Store,PRAIRIE KNIGHTS CASINO,,7932 HIGHWAY 24,FORT YATES,ND,58538,Fort Yates,38,85,USA,53-Recreation,4-Casino/Gambling,A-1 Store,I-Independent Store,701.0,8547777.0,,0,0,0,0,999999,99999,Independent,,,,,555555,No Group Assignment,N,,839.0
"607 S Veterans St, Flandreau, SD, 57028",2144.0,101.0,44.043877,-96.60793000000001,True,Exact,"607 S VETERANS ST, FLANDREAU, SD, 57028",R,46.0,193668337.0,959700.0,Census,POINT (-96.60793000000001 44.043877),True,Flandreau,Flandreau Reservation,True,,0.018743729949449856,GEOMETRYCOLLECTION EMPTY,1819542.0,1819542,20181116,O-Open Store,ROYAL RIVER CASINO,,607 S VETERANS ST,FLANDREAU,SD,57028,Flandreau,46,101,USA,53-Recreation,4-Casino/Gambling,A-1 Store,I-Independent Store,605.0,9973746.0,,0,0,0,0,999999,99999,Independent,,,,,555555,No Group Assignment,N,,1536.0
"15406 N Maricopa Rd, Maricopa, AZ, 85139",,,33.024727500000004,-112.0507482,True,ROOFTOP,,,,,,Google,POINT (-112.0507482 33.0247275),True,Maricopa (Ak Chin),Maricopa (Ak Chin) Indian Reservation,True,,0.18180021451580272,GEOMETRYCOLLECTION EMPTY,5544902.0,5544902,20181116,O-Open Store,HARRAHS,,15406 N MARICOPA RD,MARICOPA,AZ,85139,Maricopa,4,21,USA,53-Recreation,4-Casino/Gambling,G-51-100 Stores,C-Chain Store,480.0,8025000.0,,0,0,0,0,128450,1715,Caesars Entertainment/Recreation,Las Vegas,NV,32.0,3.0,113049,Harrahs,N,,92.0
"12305 150th Rd, Mayetta, KS, 66509",2136.0,85.0,39.318123,-95.75505,True,Exact,"12305 150TH RD, MAYETTA, KS, 66509",L,20.0,10123472.0,82800.0,Census,POINT (-95.75505 39.318123),True,Prairie Band of Potawatomi Nation,Prairie Band of Potawatomi Nation Reservation,True,,0.24594698031540077,GEOMETRYCOLLECTION EMPTY,5544904.0,5544904,20181116,O-Open Store,PRAIRIE BAND,,12305 150TH RD,MAYETTA,KS,66509,Mayetta,20,85,USA,53-Recreation,4-Casino/Gambling,A-1 Store,I-Independent Store,785.0,9667777.0,,0,0,0,0,999999,99999,Independent,,,,,555555,No Group Assignment,N,,517.0
"7989 NE Salish Ln, Kingston, WA, 98346",2016.0,35.0,47.839447,-122.54158000000001,True,Exact,"7989 NE SALISH LN, KINGSTON, WA, 98346",L,53.0,187662623.0,90101.0,Census,POINT (-122.54158 47.839447),True,Port Gamble,Port Gamble Reservation,True,,0.30944255041480967,GEOMETRYCOLLECTION EMPTY,1785549.0,1785549,20181116,O-Open Store,POINT NO POINT CASINO,,7989 NE SALISH LN,KINGSTON,WA,98346,Kingston,53,35,USA,53-Recreation,4-Casino/Gambling,A-1 Store,I-Independent Store,360.0,2970070.0,,0,0,0,0,999999,99999,Independent,,,,,555555,No Group Assignment,N,,1797.0
"30 Rainbow Rd NE, Albuquerque, NM, 87113",,,35.20634520000001,-106.5652501,True,ROOFTOP,,,,,,Google,POINT (-106.5652501 35.20634520000001),True,Sandia,Sandia Pueblo,True,,0.25739718991754784,GEOMETRYCOLLECTION EMPTY,1617221.0,1617221,20181116,O-Open Store,SANDIA CASINO,,30 RAINBOW RD NE,ALBUQUERQUE,NM,87113,Albuquerque,35,43,USA,53-Recreation,4-Casino/Gambling,A-1 Store,I-Independent Store,505.0,7967788.0,,0,0,0,0,999999,99999,Independent,,,,,555555,No Group Assignment,N,,957.0
"2755 Mission Rancheria Rd, Lakeport, CA, 95453",2055.0,33.0,39.026466,-122.88627,True,Exact,"2755 MISSION RANCHERIA RD, LAKEPORT, CA, 95453",L,6.0,67030128.0,1000.0,Census,POINT (-122.88627 39.026466),True,Big Valley,Big Valley Rancheria,True,,0.36260404613819647,GEOMETRYCOLLECTION EMPTY,1892145.0,1892145,20181116,O-Open Store,KONOCTI VISTA CASINO,,2755 MISSION RANCHERIA RD,LAKEPORT,CA,95453,Lakeport,6,33,USA,53-Recreation,4-Casino/Gambling,A-1 Store,I-Independent Store,707.0,2621900.0,,0,0,0,0,999999,99999,Independent,,,,,555555,No Group Assignment,N,,259.0
"3411 P St NW, Miami, OK, 74354",1009.0,115.0,36.91837,-94.89565,True,Exact,"3411 P ST NW, MIAMI, OK, 74354",L,40.0,56278967.0,574300.0,Census,POINT (-94.89565 36.91837),True,Miami/Peoria,Miami/Peoria joint-use OTSA,True,,4.304803489725212,GEOMETRYCOLLECTION EMPTY,7213638.0,7213638,20181116,O-Open Store,PRAIRIE MOON CASINO,,3411 P ST NW,MIAMI,OK,74354,Miami,40,115,USA,53-Recreation,4-Casino/Gambling,A-1 Store,I-Independent Store,918.0,5416453.0,,0,0,0,0,999999,99999,Independent,,,,,555555,No Group Assignment,N,,1386.0
"20885 Frontage Rd SE, Deming, NM, 88030",,,32.241239,-107.4200815,True,ROOFTOP,,,,,,Google,POINT (-107.4200815 32.241239),True,Fort Sill Apache,Fort Sill Apache Indian Reservation,True,,0.001210260293121739,GEOMETRYCOLLECTION EMPTY,3362498.0,3362498,20181116,O-Open Store,APACHE HOMELANDS CASINO,,20885 FRONTAGE RD SE,DEMING,NM,88030,Deming,35,29,USA,53-Recreation,4-Casino/Gambling,A-1 Store,I-Independent Store,575.0,5440073.0,,0,0,0,0,999999,99999,Independent,,,,,555555,No Group Assignment,N,,927.0
"15347 Suquamish Way NE, Suquamish, WA, 98392",2010.0,35.0,47.71455,-122.57087,True,Exact,"15347 SUQUAMISH WAY NE, SUQUAMISH, WA, 98392",L,53.0,617959712.0,940100.0,Census,POINT (-122.57087 47.71455),True,Port Madison,Port Madison Reservation,True,,1.1586561254757677,GEOMETRYCOLLECTION EMPTY,5628917.0,5628917,20181116,O-Open Store,SUQUAMISH CLEARWATER CASINO,,15347 SUQUAMISH WAY NE,SUQUAMISH,WA,98392,Suquamish,53,35,USA,53-Recreation,4-Casino/Gambling,A-1 Store,I-Independent Store,360.0,5986889.0,,0,0,0,0,999999,99999,Independent,,,,,555555,No Group Assignment,N,,1765.0
"12819 Yelm Hwy SE, Olympia, WA, 98513",,,47.00009960000001,-122.6675914,True,ROOFTOP,,,,,,Google,POINT (-122.6675914 47.00009960000001),True,Nisqually,Nisqually Reservation,True,,0.12570147403119092,GEOMETRYCOLLECTION EMPTY,5628914.0,5628914,20181116,O-Open Store,NISQUALLY RED WIND CASINO,,12819 YELM HWY SE,OLYMPIA,WA,98513,Olympia,53,67,USA,53-Recreation,4-Casino/Gambling,A-1 Store,I-Independent Store,360.0,4125000.0,,0,0,0,0,999999,99999,Independent,,,,,555555,No Group Assignment,N,,1790.0
"16300 Nyemii Pass Rd, Valley Center, CA, 92082",,,33.219761600000005,-116.97291659999999,True,ROOFTOP,,,,,,Google,POINT (-116.9729166 33.21976160000001),True,San Pasqual,San Pasqual Reservation,True,,0.11850580147186439,GEOMETRYCOLLECTION EMPTY,1755150.0,1755150,20181116,O-Open Store,VALLEY VIEW CASINO,,16300 NYEMII PASS RD,VALLEY CENTER,CA,92082,Valley Center,6,73,USA,53-Recreation,4-Casino/Gambling,A-1 Store,I-Independent Store,760.0,2915500.0,,0,0,0,0,999999,99999,Independent,,,,,555555,No Group Assignment,N,,288.0
"777 Seneca Allegany Blvd, Salamanca, NY, 14779",6054.0,9.0,42.152718,-78.74631,True,Exact,"777 SENECA ALLEGANY BLVD, SALAMANCA, NY, 14779",R,36.0,614672664.0,940300.0,Census,POINT (-78.74630999999999 42.152718),True,Allegany,Allegany Reservation,True,,0.04988713910970885,GEOMETRYCOLLECTION EMPTY,1859586.0,1859586,20181116,O-Open Store,SENECA ALLEGANY CASINO,,777 SENECA ALLEGANY BLVD,SALAMANCA,NY,14779,Salamanca,36,9,USA,53-Recreation,4-Casino/Gambling,A-1 Store,I-Independent Store,,,,0,0,0,0,999999,99999,Independent,,,,,555555,No Group Assignment,N,,1196.0
"2655 Everett Freeman Way, Corning, CA, 96021",,,39.8746219,-122.2028058,True,ROOFTOP,,,,,,Google,POINT (-122.2028058 39.8746219),True,Paskenta,Paskenta Rancheria,True,,0.16161167572535792,GEOMETRYCOLLECTION EMPTY,1754260.0,1754260,20181116,O-Open Store,ROLLING HILLS CASINO,,2655 EVERETT FREEMAN WAY,CORNING,CA,96021,Corning,6,103,USA,53-Recreation,4-Casino/Gambling,A-1 Store,I-Independent Store,530.0,5283500.0,,0,0,0,0,999999,99999,Independent,,,,,555555,No Group Assignment,N,,332.0
"321 Sitting Bull St, Lower Brule, SD, 57548",,,44.071461,-99.578632,True,ROOFTOP,,,,,,Google,POINT (-99.578632 44.071461),True,Lower Brule,Lower Brule Reservation,True,,0.13243169556246975,GEOMETRYCOLLECTION EMPTY,1931470.0,1931470,20181116,O-Open Store,GOLDEN BUFFALO CASINO,,321 SITTING BULL ST,LOWER BRULE,SD,57548,Lower Brule,46,85,USA,53-Recreation,4-Casino/Gambling,A-1 Store,I-Independent Store,605.0,4735577.0,,0,0,0,0,999999,99999,Independent,,,,,555555,No Group Assignment,N,,1604.0
"5000 Willows Rd, Alpine, CA, 91901",1106.0,73.0,32.841805,-116.70361000000001,True,Exact,"5000 WILLOWS RD, ALPINE, CA, 91901",L,6.0,637443391.0,21202.0,Census,POINT (-116.70361 32.841805),True,Viejas,Viejas Reservation,True,,0.33803490755243015,GEOMETRYCOLLECTION EMPTY,5240496.0,5240496,20181116,O-Open Store,VIEJAS CASINO & TURF,,5000 WILLOWS RD,ALPINE,CA,91901,Alpine,6,73,USA,53-Recreation,4-Casino/Gambling,A-1 Store,I-Independent Store,619.0,4455400.0,,0,0,0,0,999999,99999,Independent,,,,,555555,No Group Assignment,N,,274.0
"1 Main St, Needles, CA, 92363",,,34.4832501,-114.40355,True,ROOFTOP,,,,,,Google,POINT (-114.40355 34.4832501),True,Chemehuevi,Chemehuevi Reservation,True,,7805.4159088130655,GEOMETRYCOLLECTION EMPTY,2596649.0,2596649,20181116,O-Open Store,HAVASU LANDING CASINO,,1 MAIN ST,NEEDLES,CA,92363,Needles,6,71,USA,53-Recreation,4-Casino/Gambling,A-1 Store,I-Independent Store,760.0,8584593.0,,0,0,0,0,999999,99999,Independent,,,,,555555,No Group Assignment,N,,353.0
"460 N Riverside Dr Ste A, Espanola, NM, 87532",,,35.99599050000001,-106.068101,True,ROOFTOP,,,,,,Google,POINT (-106.068101 35.99599050000001),True,Santa Clara,Santa Clara Pueblo,True,,0.11224688391917619,GEOMETRYCOLLECTION EMPTY,1938910.0,1938910,20181116,O-Open Store,SANTA CLARAN HOTEL CASINO,,460 N RIVERSIDE DR STE A,ESPANOLA,NM,87532,Espanola,35,39,USA,53-Recreation,4-Casino/Gambling,A-1 Store,I-Independent Store,505.0,3674900.0,,0,0,0,0,999999,99999,Independent,,,,,555555,No Group Assignment,N,,960.0
"25 Hagon Rd, Algodones, NM, 87001",1180.0,43.0,35.417217,-106.40433999999999,True,Exact,"25 HAGON RD, ALGODONES, NM, 87001",L,35.0,611372060.0,940700.0,Census,POINT (-106.40434 35.417217),True,San Felipe,San Felipe Pueblo,True,,0.001960811780050159,GEOMETRYCOLLECTION EMPTY,1830895.0,1830895,20181116,O-Open Store,SAN FELIPE CASINO,,25 HAGON RD,ALGODONES,NM,87001,Algodones,35,43,USA,53-Recreation,4-Casino/Gambling,A-1 Store,I-Independent Store,505.0,8676700.0,,0,0,0,0,999999,99999,Independent,,,,,555555,No Group Assignment,N,,950.0
"524 N 92nd St, Scottsdale, AZ, 85256",3024.0,13.0,33.455505,-111.88328600000001,True,Non_Exact,"524 N 92ND ST, SCOTTSDALE, AZ, 85256",L,4.0,128922809.0,941300.0,Census,POINT (-111.883286 33.455505),True,Salt River,Salt River Reservation,True,,0.11832405728336737,GEOMETRYCOLLECTION EMPTY,5240681.0,5240681,20181116,O-Open Store,CASINO ARIZONA,,524 N 92ND ST,SCOTTSDALE,AZ,85256,Scottsdale,4,13,USA,53-Recreation,4-Casino/Gambling,A-1 Store,I-Independent Store,480.0,8507777.0,,0,0,0,0,999999,99999,Independent,,,,,555555,No Group Assignment,N,,62.0
"3089 Norm Niver Rd, Thermal, CA, 92274",,,33.352090600000004,-116.02180609999999,True,ROOFTOP,,,,,,Google,POINT (-116.0218061 33.3520906),True,Torres-Martinez,Torres-Martinez Reservation,True,,0.3221595599051522,GEOMETRYCOLLECTION EMPTY,2171828.0,2171828,20181116,O-Open Store,RED EARTH CASINO,,3089 NORM NIVER RD,THERMAL,CA,92274,Thermal,6,25,USA,53-Recreation,4-Casino/Gambling,A-1 Store,I-Independent Store,760.0,3951200.0,,0,0,0,0,999999,99999,Independent,,,,,555555,No Group Assignment,N,,338.0
"2742 N Sierra Hwy, Bishop, CA, 93514",,,37.3754366,-118.42616149999999,True,ROOFTOP,,,,,,Google,POINT (-118.4261615 37.3754366),True,Bishop,Bishop Reservation,True,,0.21673977931348706,GEOMETRYCOLLECTION EMPTY,1878452.0,1878452,20181116,O-Open Store,PAIUTE PALACE CASINO,,2742 N SIERRA HWY,BISHOP,CA,93514,Bishop,6,27,USA,53-Recreation,4-Casino/Gambling,A-1 Store,I-Independent Store,760.0,8726005.0,,0,0,0,0,999999,99999,Independent,,,,,555555,No Group Assignment,N,,328.0
"419 3rd St, Kamiah, ID, 83536",,,46.228643100000006,-116.02640159999999,True,ROOFTOP,,,,,,Google,POINT (-116.0264016 46.22864310000001),True,Nez Perce,Nez Perce Reservation,True,,0.05944269352805524,GEOMETRYCOLLECTION EMPTY,1834442.0,1834442,20181116,O-Open Store,ITSE YE YE CASINO,,419 3RD ST,KAMIAH,ID,83536,Kamiah,16,61,USA,53-Recreation,4-Casino/Gambling,A-1 Store,I-Independent Store,208.0,9357860.0,,0,0,0,0,999999,99999,Independent,,,,,555555,No Group Assignment,N,,488.0
"10201 W Rockford Bay Rd, Coeur D Alene, ID, 83814",2097.0,55.0,47.509209999999996,-116.90033999999999,True,Non_Exact,"10201 W ROCKFORD BAY RD, COEUR D ALENE, ID, 83814",R,16.0,192956988.0,940000.0,Census,POINT (-116.90034 47.50921),True,Coeur d'Alene,Coeur d'Alene Reservation,True,,0.018164314094236605,GEOMETRYCOLLECTION EMPTY,7234608.0,7234608,20181116,O-Open Store,MARINA AT BLACK ROCK,,10201 W ROCKFORD BAY RD,COEUR D ALENE,ID,83814,Coeur D Alene,16,55,USA,53-Recreation,9-Other Entertainment,A-1 Store,I-Independent Store,208.0,6646931.0,,0,0,0,0,999999,99999,Independent,,,,,555555,No Group Assignment,N,,458.0
