Agent Address,Agent Mailing Address,Agent Name,Business ID,Business Type,Formed in,Inactive Date,Initial Filing Date,Name,Next Annual Report Due Date,Principal Office,Status,Term of Duration,URL,Mailing Address,Shares of Stock,Managed By,Expiration Date,Mailing Address2,Mailing Address3,Owner Name,Owner Name2,Physical Address,Physical Address2,IMPAQ_ID
"BOX 67
FT. THOMPSON, SD 57339-0067 USA","BOX 67
FT. THOMPSON, SD 57339-0067 USA",LARRY T. WOFFORD,CH003106,Nonprofit Church,SOUTH DAKOTA,,01/08/1982,CROW CREEK BIBLE BAPTIST CHURCH OF FT. THOMPSON,01/01/2008,,Cancelled,Perpetual,https://sosenterprise.sd.gov/BusinessServices/Business/FilingDetail.aspx?CN=211069040232082231154248107230179067172086184105,,,,,,,,,,,3039
"N HWY 47
FORT THOMPSON, SD 57339 USA","PO BOX 368
FORT THOMPSON, SD 57339-0368 USA",WILFRED KEEBLE,CH003586,Nonprofit Church,SOUTH DAKOTA,,02/04/2010,NATIVE AMERICAN CHURCH OF CROW CREEK AGENCY,02/01/2020,"22623 HWY 34/47 PO box 368
FORT THOMPSON, SD 57339 USA",Good Standing,Perpetual,https://sosenterprise.sd.gov/BusinessServices/Business/FilingDetail.aspx?CN=131255158142126037128046111183250214076197154011,"22623 HWY 34/47 PO box 368
FORT THOMPSON, SD 57339 USA",,,,,,,,,,3039
"3435 WEST MAIN
RAPID CITY, SD 57702 USA",SD,DONALD P FEIST,DB015215,,SOUTH DAKOTA,01/07/2019,04/21/1978,"LYNN'S CROW CREEK TRADING POST, INC.",04/01/2019,"3435 WEST MAIN
RAPID CITY, SD 57702 USA",Merged,Perpetual,https://sosenterprise.sd.gov/BusinessServices/Business/FilingDetail.aspx?CN=005175006076081191014047006016065005215110098166,"3435 WEST MAIN
RAPID CITY, SD 57702 USA","20,000 @ 25",,,,,,,,,3039
"PO BOX 186
108 W BEEBE
CHAMBERLAIN, SD 57325-0186 USA","PO BOX 186
108 W. BEEBE
CHAMBERLAIN, SD 57325-0186 USA",PAUL A. MUELLER,DB025862,,SOUTH DAKOTA,,11/21/1986,"CROW CREEK CATTLE COMPANY, INC.",11/01/1988,,Cancelled,Perpetual,https://sosenterprise.sd.gov/BusinessServices/Business/FilingDetail.aspx?CN=124135047008131201063081186064091241183150038190,,"100,000 AT $1",,,,,,,,,3039
"765 VANDER HORCK
PO BOX A
BRITTON, SD 57430-0318 USA","765 VANDER HORCK
PO BOX A
BRITTON, SD 57430-0318 USA",DANNY R. SMEINS,DB037220,,SOUTH DAKOTA,,05/14/1996,"MARSHALL-BROWN CROW CREEK LANDOWNERS ASSN., INC.",05/01/1998,,Cancelled,Perpetual,https://sosenterprise.sd.gov/BusinessServices/Business/FilingDetail.aspx?CN=143045143190007246076114253178113095151206241226,,250 @ $100.,,,,,,,,,3039
"10164 W HIGHWAY 14
SPEARFISH, SD 57783-6600 USA",,CRIS D. MILLER,DL023335,,SOUTH DAKOTA,,12/29/2010,"MILLER'S CROW CREEK RANCH, L.L.C.",12/01/2019,"10164 W HIGHWAY 14
SPEARFISH, SD 57783-6600 USA",Good Standing,Perpetual,https://sosenterprise.sd.gov/BusinessServices/Business/FilingDetail.aspx?CN=157043211043211125013021248024207109113008079212,"10164 W HIGHWAY 14
SPEARFISH, SD 57783-6600 USA",,Member-Managed,,,,,,,,3039
"11051 430TH AVE
BRITTON, SD 57430 USA",,BRANDON PETERS,DL046490,,SOUTH DAKOTA,,12/31/2015,"Crow Creek Ranch, LLC",12/01/2019,"43016 SD Hwy 10
Britton, SD 57430 USA",Good Standing,Perpetual,https://sosenterprise.sd.gov/BusinessServices/Business/FilingDetail.aspx?CN=068136226034067047211223028242085018213003007143,"43016 SD Hwy 10
Britton, SD 57430 USA",,Member-Managed,,,,,,,,3039
"100 DRIFTING GOOSE
FORT THOMPSON, SD 57339 USA","100 DRIFTING GOOSE
FORT THOMPSON, SD 57339",Paul McMenaman,DL166383,,South Dakota,,06/21/2019,"Crow Creek Sioux Wind Farm, LLC",06/01/2020,"100 Drifting Goose
Fort Thompson, SD 57339 USA",Good Standing,Perpetual,https://sosenterprise.sd.gov/BusinessServices/Business/FilingDetail.aspx?CN=144079125252078089229100021184059048109009016245,"1136 Ulysses Street
Golden, CO 80401 USA",,Manager-Managed,,,,,,,,3039
"503 SOUTH PIERRE STREET
PIERRE, SD 57501-4522 USA",,"THE PRENTICE-HALL CORPORATION SYSTEM, INC.",DP000299,,SOUTH DAKOTA,,11/24/1992,"YELLOWHAMMER/CROW CREEK CASINO MANAGEMENT, LIMITED PARTNERSHIP",,,Active,Expires - 12/31/2041,https://sosenterprise.sd.gov/BusinessServices/Business/FilingDetail.aspx?CN=248064027042111160099225032054078119141177203132,,,,,,,,,,,3039
"1718 NORTH SANBORN BLVD
MITCHELL, SD 57301 USA","PO BOX 1025
MITCHELL, SD 57301",DON E. PETERSEN,DR000867,,SOUTH DAKOTA,05/04/2018,01/07/2005,"CROW CREEK PROPERTIES, LLP",01/01/2017,"6005 NORTH WESTERN AVENUE
SIOUX FALLS, SD 57107-0850 USA",Dissolved (Administrative),Perpetual,https://sosenterprise.sd.gov/BusinessServices/Business/FilingDetail.aspx?CN=090106143180185012093085063245147168005248026100,,,,,,,,,,,3039
"503 SOUTH PIERRE STREET
PIERRE, SD 57501-4522 USA",,"THE PRENTICE-HALL CORPORATION SYSTEM, INC.",FB015690,,DELAWARE,,11/24/1992,"YELLOWHAMMER/CROW CREEK CASINO MANAGEMENT, INC.",11/01/1998,"1013 CENTRE ROAD
WILMINGTON, DE 19805 USA",Revoked (Administrative),Perpetual,https://sosenterprise.sd.gov/BusinessServices/Business/FilingDetail.aspx?CN=168070027007141050171161158121074206193087012028,"1013 CENTRE ROAD
WILMINGTON, DE 19805 USA","20,000 CM .01â€º",,,,,,,,,3039
"AGENT RESIGNED OR INVALID
PIERRE, SD 57501 USA",USA,NO AGENT,FL006992,,DELAWARE,,07/23/2013,CROW CREEK ENERGY LLC,07/01/2016,"ONE SOUTH WACKER DR STE 1800
CHICAGO, IL 60606-4644 USA",Cancelled,Perpetual,https://sosenterprise.sd.gov/BusinessServices/Business/FilingDetail.aspx?CN=005158218009041168054130137229201075192016206038,,,,,,,,,,,3039
"BOX 593
FT. THOMPSON, SD 57339 USA","BOX 593
FT. THOMPSON, SD 57339 USA",THERESA RED BEAR,NS005780,,SOUTH DAKOTA,,05/30/1975,"CROW CREEK COMMISSION ON ALCOHOL AND DRUG ABUSE, INC.",05/01/1990,,Cancelled,Perpetual,https://sosenterprise.sd.gov/BusinessServices/Business/FilingDetail.aspx?CN=134109193109012095131189107073138083146193075225,,,,,,,,,,,3039
"103 CHIEFTAIN ROAD
STEPHAN, SD 57346 USA","103 CHIEFTAIN ROAD
FORT THOMPSON, SD 57346 USA",Ronnette Renee Kirkie,NS006657,,SOUTH DAKOTA,,02/01/1979,CROW CREEK TRIBAL SCHOOLS,02/01/2020,"103 Chieftain Road
STEPHAN, SD 57346-6120 USA",Good Standing,Perpetual,https://sosenterprise.sd.gov/BusinessServices/Business/FilingDetail.aspx?CN=226199113093048145240186162192117224127131214075,"103 Chieftain Road
STEPHAN, SD 57346-6120 USA",,,,,,,,,,3039
"131 S MAIN ST
CHAMBERLAIN, SD 57325-1363 USA","PO BOX 131
CHAMBERLAIN, SD 57325-0131 USA",DAVID J. LARSON,NS012737,,SOUTH DAKOTA,,01/28/2005,CROW CREEK FAMILY AND YOUTH SERVICES CORPORATION,01/01/2006,,Cancelled,Perpetual,https://sosenterprise.sd.gov/BusinessServices/Business/FilingDetail.aspx?CN=149235152178149115161184023048182092194147175134,,,,,,,,,,,3039
"106 WHITE GHOST DRIVE
FORT THOMPSON, SD 57339 USA","106 WHITE GHOST DRIVE
FORT THOMPSON, SD 57339 USA",WANDA WELLS CROWE,NS012842,,SOUTH DAKOTA,,05/13/2005,CROW CREEK HISTORICAL SOCIETY,05/01/2006,,Cancelled,Perpetual,https://sosenterprise.sd.gov/BusinessServices/Business/FilingDetail.aspx?CN=107219164103139053109198174224102024178156083110,,,,,,,,,,,3039
"N HWY 47
FORT THOMPSON, SD 57339 USA","PO BOX 368
FORT THOMPSON, SD 57339-0368 USA",WILFRED KEEBLE,NS014252,,SOUTH DAKOTA,05/04/2018,03/01/2010,"MANKATO MEMORIAL RIDERS OF CROW CREEK, INC.",03/01/2014,,Dissolved (Administrative),Perpetual,https://sosenterprise.sd.gov/BusinessServices/Business/FilingDetail.aspx?CN=186008121139019037185012010162112084244216215093,,,,,,,,,,,3039
"23525 346TH AVE
PUKWANA, SD 57370-5100 USA",,GILBERT PICKNER,NS014728,,SOUTH DAKOTA,,12/08/2011,"CROW CREEK DISTRICT BUSINESS COMMITTEE, INC.",12/01/2013,,Dissolved (Administrative),Perpetual,https://sosenterprise.sd.gov/BusinessServices/Business/FilingDetail.aspx?CN=212137255225188054198114134111179016039190213080,,,,,,,,,,,3039
,,,UB142550,,,,01/13/2018,Crow Creek Cattle Company,,"19855 Whitewood Valley Road
Whitewood, SD 57793 USA",Active,,https://sosenterprise.sd.gov/BusinessServices/Business/FictitiousDetail.aspx?CN=026046159105092195138088047184189065233198006061,"19855 Whitewood Valley Road
Whitewood, SD 57793 USA",,,01/13/2023,"19855 Whitewood Valley Road
Whitewood, SD 57793
USA","19855 Whitewood Valley Road
Whitewood, SD 57793
USA",Jon Richard Aldren,Heidi Ann Aldren,"19855 Whitewood Valley Road
Whitewood, SD 57793
USA","19855 Whitewood Valley Road
Whitewood, SD 57793
USA",3039
,,,UB946873,,,02/09/2014,02/09/2009,Crow Creek Consulting,,"248 Houston St.
Lead, SD 57754 USA",Expired,,https://sosenterprise.sd.gov/BusinessServices/Business/FictitiousDetail.aspx?CN=229047127063113071154195011141140149026212252030,USA,,,02/09/2014,,,Sean E. Roberts,,"248 Houston St.
Lead, SD 57754
USA",,3039
,,,UB964083,,,,12/03/2014,Crow Creek Guest Ranch,,"17816 Prairie Winds Ln
Belle Fourche, SD 57717 USA",Active,,https://sosenterprise.sd.gov/BusinessServices/Business/FictitiousDetail.aspx?CN=153136034040202169185126197041020021225009123104,USA,,,12/03/2019,,,Todd Larsen,,"17816 Prairie Winds Ln
Belle Fourche, SD 57717
USA",,3039
,,,UB964623,,,,02/09/2015,"Crow Creek Holdings, LLC",,"210 Sam Boy Drive
Fort Thompson, SD 57339 USA",Active,,https://sosenterprise.sd.gov/BusinessServices/Business/FictitiousDetail.aspx?CN=172171074242069021030018227247241232012202067154,USA,,,02/09/2020,,,Crow Creek Sioux Tribe,,"210 Sam Boy Drive
Fort Thompson, SD 57339
USA",,3039
,,,UB967751,,,,01/21/2016,Crow Creek Telecom,,"253 Ree Circle
Fort Thompson, SD 57339 USA",Active,,https://sosenterprise.sd.gov/BusinessServices/Business/FictitiousDetail.aspx?CN=186029048097184066138186240240154032141114158104,"P.O. Box 2316
Sioux Falls, SD 57101
USA",,,01/21/2021,,,"Native American Telecom, LLC",,"253 Ree Circle
Fort Thompson, SD 57339
USA",,3039
,,,WD000023,Water District,SOUTH DAKOTA,,10/19/1970,LOWER CROW CREEK WATERSHED DISTRICT,,,Active,Perpetual,https://sosenterprise.sd.gov/BusinessServices/Business/FilingDetail.aspx?CN=070116155116076121015192143118082220135028035255,,,,,,,,,,,3039
,,,WD000039,Water District,SOUTH DAKOTA,,06/24/1968,UPPER CROW CREEK WATERSHED DISTRICT,,,Active,Perpetual,https://sosenterprise.sd.gov/BusinessServices/Business/FilingDetail.aspx?CN=017036238171086063205039064175212180069059008028,,,,,,,,,,,3039
"22285 SD HWY 44
WANBLEE, SD 57577 USA","PO BOX 140
WANBLEE, SD 57577-0140 USA",DONDEE KROLIKOWSKI,DB045937,,SOUTH DAKOTA,,09/30/2002,"WANBLEE MART, INC.",09/01/2019,"22285 SD HWY 44 PO Box 140
WANBLEE, SD 57577 USA",Good Standing,Perpetual,https://sosenterprise.sd.gov/BusinessServices/Business/FilingDetail.aspx?CN=147233128130037175069065218012218131216136230056,"22285 SD HWY 44 PO Box 140
WANBLEE, SD 57577 USA","50,000 @ $1.",,,,,,,,,3045
,,,UB966686,,,,09/16/2015,Clifford LLC dba Porcupine Store,,"16 BIA 23
Porcupine, SD 57772 USA",Active,,https://sosenterprise.sd.gov/BusinessServices/Business/FictitiousDetail.aspx?CN=060145068079175009104092110235094170022078244183,USA,,,09/16/2020,,,Emma I. Clifford,,"PO Box 260
Manderson, SD 57756
USA",,3047
"319 S COTEAU ST
PIERRE, SD 57501-3187 USA",,C T CORPORATION SYSTEM,DB026848,,SOUTH DAKOTA,,10/29/1987,"FAMILY DOLLAR STORES OF SOUTH DAKOTA, INC.",10/01/2016,"10401 MONROE ROAD
MATTHEWS, NC 28105-5349 USA",Inactive (Other),Perpetual,https://sosenterprise.sd.gov/BusinessServices/Business/FilingDetail.aspx?CN=085241241151209069057085176093120182228176051127,"PO BOX 1017
CHARLOTTE, NC 28201-1017 USA","2,500 COM @ $10",,,,,,,,,3048
"319 S COTEAU ST
PIERRE, SD 57501-3187 USA",,C T CORPORATION SYSTEM,FB039118,,VIRGINIA,02/21/2017,02/11/2016,"Family Dollar Stores of South Dakota, Inc.",02/01/2017,"500 VOLVO PARKWAY
CHESAPEAKE , VA 23320 USA",Withdrawn,Perpetual,https://sosenterprise.sd.gov/BusinessServices/Business/FilingDetail.aspx?CN=133117050111238047008076015213062081018054087174,(Same as principal office address),,,,,,,,,,3048
"503 S PIERRE ST
PIERRE, SD 57501-4522 USA",,CORPORATION SERVICE COMPANY,FL130843,,VIRGINIA,,02/21/2017,"Family Dollar Stores of South Dakota, LLC",02/01/2020,"500 VOLVO PKWY
CHESAPEAKE, VA 23320-1604 USA",Good Standing,Perpetual,https://sosenterprise.sd.gov/BusinessServices/Business/FilingDetail.aspx?CN=110223194141010128000154023052121166169077140215,"500 VOLVO PKWY
CHESAPEAKE, VA 23320-1604 USA",,Member-Managed,,,,,,,,3048
,,,UB945564,,,07/30/2013,07/30/2008,Dollar General,,"100 Mission Ridge
Goodlettsville, TN 37072-0000 USA",Expired,,https://sosenterprise.sd.gov/BusinessServices/Business/FictitiousDetail.aspx?CN=045232012052056153210141013248020009239184218053,USA,,,07/30/2013,,,"Dolgencorp, Inc",,"100 Mission Ridge
Goodlettsville, TN 37072-0000
USA",,3054
,,,UB968851,,,,05/05/2016,Dollar General,,"100 Mission Ridge
Goodlettsville, TN 37072 USA",Active,,https://sosenterprise.sd.gov/BusinessServices/Business/FictitiousDetail.aspx?CN=170193197033141130149031248018105124075210067250,USA,,,05/05/2021,,,"Dolgen Midwest, LLC",,"100 Mission Ridge
Goodlettsville, TN 37072
USA",,3054
,,,UB149702,,,,06/15/2018,Yesway,,"138 Conant Street
Beverly, MA 01915 USA",Active,,https://sosenterprise.sd.gov/BusinessServices/Business/FictitiousDetail.aspx?CN=227237176218082052004152169110043136252086192081,"138 Conant Street
Beverly, MA 01915 USA",,,06/15/2023,"138 Conant Street
Beverly, MA 01915
USA",,"BW Gas & Conveniecne Retail, LLC - FL148030",,"138 Conant Street
Beverly, MA 01915
USA",,3067
"19098 CHALK BUTTE RD
UNION CENTER, SD 57787-8416 USA",,CHARLES SPRING,DA000672,Farm,SOUTH DAKOTA,,12/29/1995,"SPRING BROS. LAND, L.L.C.",12/01/2013,"19098 CHALK BUTTE RD
UNION CENTER, SD 57787-8416 USA",Dissolved (Administrative),Expires - 12/29/2025,https://sosenterprise.sd.gov/BusinessServices/Business/FilingDetail.aspx?CN=034196064160226050210150091077108166205135199016,,,,,,,,,,,3075
"19098 CHALK BUTTE RD
UNION CENTER, SD 57787-8416 USA",,CHARLES SPRING,DA000673,Farm,SOUTH DAKOTA,,12/29/1995,"SPRING BROS. LAND AND CATTLE, L.L.C.",12/01/2013,"19098 CHALK BUTTE RD
UNION CENTER, SD 57787-8416 USA",Dissolved (Administrative),Expires - 12/29/2025,https://sosenterprise.sd.gov/BusinessServices/Business/FilingDetail.aspx?CN=107037239243179223017172255031127122044063139004,,,,,,,,,,,3075
"44549 152ND ST
WAUBAY, SD 57273-9449 USA",,GREG J. ZUBKE,DA001042,Farm,SOUTH DAKOTA,,11/26/1996,"ZUBKE BROS., L.L.C.",11/01/2019,"44549 152nd st.
waubay, SD 57273 USA",Good Standing,Expires - 11/26/2026,https://sosenterprise.sd.gov/BusinessServices/Business/FilingDetail.aspx?CN=051186100048189137046196177221149080141175064251,"44549 152ND ST
WAUBAY, SD 57273 USA",,Manager-Managed,,,,,,,,3075
"27677 452 AVE
PARKER, SD 57053 USA",SD USA,RICHARD LEBER,DA026774,Farm,SOUTH DAKOTA,,01/05/2012,LEBER BROS. LLC,01/01/2020,"27677 452 ave
PARKER, SD 57053 USA",Good Standing,Perpetual,https://sosenterprise.sd.gov/BusinessServices/Business/FilingDetail.aspx?CN=081054030085034052225076194011125153243195052148,"27677 452 Ave
PARKER, SD 57053 USA",,Manager-Managed,,,,,,,,3075
"319 COTEAU ST
PIERRE, SD 57501-3187 USA",SD,"NATIONAL REGISTERED AGENTS, INC.",DB000162,,SOUTH DAKOTA,06/09/2017,06/23/1958,THOMPSON BROS. INC.,06/01/2018,"3809 ROUNDTOP DR
NORTH LITTLE ROCK, AR 72117 USA",Merged,Perpetual,https://sosenterprise.sd.gov/BusinessServices/Business/FilingDetail.aspx?CN=014098116133081141210180210164211057239185130116,"3809 ROUNDTOP DR
NORTH LITTLE ROCK, AR 72117 USA",,,,,,,,,,3075
"47304 225TH STREET
47304 225TH STREET
FLANDREAU, SD 57028 USA","47304 225TH STREET
FLANDREAU, SD 57028 USA",Treasurer,DB000491,,SOUTH DAKOTA,,03/24/1959,"WEELBORG BROS., INC.",03/01/2019,"47304 225th street
Flandreau, SD 57028 USA",Dissolved,Perpetual,https://sosenterprise.sd.gov/BusinessServices/Business/FilingDetail.aspx?CN=145100249187061172224174190166112191167111098212,"PO BOX 31
DELL RAPIDS, SD 57022-0031 USA","5,000 AT $100",,,,,,,,,3075
"21 SO BROADWAY
WATERTOWN, SD 57201-3537 USA","PO BOX 316
WATERTOWN, SD 57201-0316 USA",JIM C. REDLINGER,DB000568,,SOUTH DAKOTA,,05/14/1959,REDLINGER BROS. PLUMBING & HEATING CO.,05/01/2020,"21 S. Broadway PO Box 316
Watertown, SD 57201 USA",Good Standing,Perpetual,https://sosenterprise.sd.gov/BusinessServices/Business/FilingDetail.aspx?CN=194007014021148235076194238040214136187035253151,"P.O. Box 316
Watertown, SD 57201 USA","2,500 @ 100",,,,,,,,,3075
"221 S FRANKLIN AVE
SIOUX FALLS, SD 57103-1685 USA","221 S. FRANKLIN AVE.
SIOUX FALLS, SD 57103-1685 USA",KENNETH R. MUNCE,DB000734,,SOUTH DAKOTA,,09/23/1959,MUNCE BROS. TRANSFER & STORAGE CO.,09/01/1988,,Dissolved,Perpetual,https://sosenterprise.sd.gov/BusinessServices/Business/FilingDetail.aspx?CN=054022115034218083130193060186101132157097252061,,"1,000 @ 100",,,,,,,,,3075
"803 E RICE
SIOUX FALLS, SD 57103 USA","803 E RICE
SIOUX FALLS, SD 57103 USA",THOMAS C. DONOHUE,DB000802,,SOUTH DAKOTA,,12/07/1959,RICE BROS.,12/01/2006,,Cancelled,Perpetual,https://sosenterprise.sd.gov/BusinessServices/Business/FilingDetail.aspx?CN=078044065118008106156163177177143211233011222152,,250 @ 100,,,,,,,,,3075
"PO BOX 100
WEST I-90 EXIT 2
SPEARFISH, SD 57783-0100 USA","PO BOX 100
WEST I-90 EXIT 2
SPEARFISH, SD 57783-0100 USA",LELAND JOHNSON,DB002819,,SOUTH DAKOTA,,01/02/1956,JOHNSON BROS. COMPANY,01/01/1988,,Dissolved,Perpetual,https://sosenterprise.sd.gov/BusinessServices/Business/FilingDetail.aspx?CN=098097247185008087111227016142223188026092144001,,,,,,,,,,,3075
"11203 SD HWY 27
BRITTON, SD 57430-5619 USA","PO BOX Q
BRITTON, SD 57430-0629 USA",KEITH S. ANDERSON,DB002943,,SOUTH DAKOTA,05/04/2018,10/15/1962,LIKNESS BROS. IMPLEMENT CO.,10/01/2015,"11203 SD HWY 27
BRITTON, SD 57430-5619 USA",Dissolved (Administrative),Perpetual,https://sosenterprise.sd.gov/BusinessServices/Business/FilingDetail.aspx?CN=067118159159197212222150006034033204017171023067,"PO BOX Q
BRITTON, SD 57430-0629 USA",,,,,,,,,,3075
"6404 W THATCHER
SIOUX FALLS, SD 57106-5336 USA",,DWAINE BECKER,DB005334,,SOUTH DAKOTA,,03/22/1966,"BECKER BROS., INC.",03/01/2010,"6404 W THATCHER
SIOUX FALLS, SD 57106-5336 USA",Dissolved,Perpetual,https://sosenterprise.sd.gov/BusinessServices/Business/FilingDetail.aspx?CN=120109059055225056069115093090071160038221053054,,"5,000 AT $100",,,,,,,,,3075
"311 W 5TH
WINNER, SD 57580-1611 USA","311 W. 5TH
WINNER, SD 57580-1611 USA",LEON W. MILLER,DB005522,,SOUTH DAKOTA,,03/02/1939,"MILLER BROS. AUTO CO., INC.",03/01/1988,,Dissolved,Perpetual,https://sosenterprise.sd.gov/BusinessServices/Business/FilingDetail.aspx?CN=169115118227001191017025004027092104088156145225,,,,,,,,,,,3075
"4301 W 12TH STREET
BOX 1526
SIOUX FALLS, SD 57101-1526 USA","4301 W 12TH STREET
BOX 1526
SIOUX FALLS, SD 57101-1526 USA",RICHARD T DEVANEY,DB005888,,SOUTH DAKOTA,,01/23/1948,"GAGE BROS. CONCRETE MATERIALS, INC.",01/01/2006,,Cancelled,Perpetual,https://sosenterprise.sd.gov/BusinessServices/Business/FilingDetail.aspx?CN=032194084053210073071075158090134089129049105007,,"5,000 @ 100",,,,,,,,,3075
"4301 W 12TH ST
SIOUX FALLS, SD 57106-0303 USA","PO BOX 1028
SIOUX FALLS, SD 57101-1028 USA",DAVID HONNER,DB005889,,SOUTH DAKOTA,,08/23/1946,"GAGE BROS. CONCRETE PRODUCTS, INC.",08/01/2019,"4301 WEST 12TH STREET
SIOUX FALLS, SD 57106-0303 USA",Good Standing,Perpetual,https://sosenterprise.sd.gov/BusinessServices/Business/FilingDetail.aspx?CN=082080108177122062000198144176204132106050102139,"4301 WEST 12TH STREET
SIOUX FALLS, SD 57106-0303 USA","1,000,000 COMMON $.50",,,,,,,,,3075
"700 S MARION RD
SIOUX FALLS, SD 57106-0235 USA",,M.W. RICH,DB006194,,SOUTH DAKOTA,,02/17/1954,RICH BROS. INTERSTATE DISPLAY FIREWORKS CO.,02/01/2011,"700 S MARION RD
SIOUX FALLS, SD 57106-0235 USA",Dissolved,Perpetual,https://sosenterprise.sd.gov/BusinessServices/Business/FilingDetail.aspx?CN=039149068180003230180024157160154201020206137001,,"1,000 @ 100",,,,,,,,,3075
"410 VETERANS AVE
SISSETON, SD 57262-1402 USA","410 VETERANS AVE
SISSETON, SD 57262-1402 USA",BRENT A BAINBRIDGE,DB006426,,SOUTH DAKOTA,,01/28/1950,"STAVIG BROS., INC.",01/01/2000,,Cancelled,Perpetual,https://sosenterprise.sd.gov/BusinessServices/Business/FilingDetail.aspx?CN=135012224078064091219032183059082067145131247120,,"3,200 @ $ 100.",,,,,,,,,3075
"BOX 690
121 W THIRD ST
YANKTON, SD 57078-0690 USA","BOX 690
121 W. THIRD ST.
YANKTON, SD 57078-0690 USA",J. CHARLES LEVINGER,DB006816,,SOUTH DAKOTA,,06/15/1955,FANTLE BROS. CO.,06/01/1988,,Cancelled,Perpetual,https://sosenterprise.sd.gov/BusinessServices/Business/FilingDetail.aspx?CN=168014196129247019030236047067132106025228242201,,"5,000 @ 100",,,,,,,,,3075
"1601 GRAY GOOSE
SIOUX FALLS, SD 57103-3970 USA","1601 GRAY GOOSE
SIOUX FALLS, SD 57103-3970 USA","RENO L., JR. PETERSON",DB010549,,SOUTH DAKOTA,,04/27/1971,"PEDERSON BROS., INC.",04/01/2003,,Cancelled,Perpetual,https://sosenterprise.sd.gov/BusinessServices/Business/FilingDetail.aspx?CN=141118187041133090110251209180255173217088037035,,"500,000 @ 1",,,,,,,,,3075
"PO BOX 429
112 W ROSE
ELK POINT, SD 57025-0429 USA","PO BOX 429
112 W. ROSE
ELK POINT, SD 57025-0429 USA",DONALD NICKLES,DB010894,,SOUTH DAKOTA,,01/05/1972,"NICKLES BROS., INC.",01/01/1988,,Cancelled,Perpetual,https://sosenterprise.sd.gov/BusinessServices/Business/FilingDetail.aspx?CN=095078193029038239243012254116182181184023203239,,500 @ 100,,,,,,,,,3075
"PO BOX 177
3617 S HAWTHORNE AVE
SIOUX FALLS, SD 57101-0177 USA","PO BOX 177
3617 S. HAWTHORNE AVE.
SIOUX FALLS, SD 57101-0177 USA",JOHN E. STEECE,DB011382,,SOUTH DAKOTA,,11/30/1972,"STEECE BROS., INC.",11/01/1988,,Dissolved,Perpetual,https://sosenterprise.sd.gov/BusinessServices/Business/FilingDetail.aspx?CN=249196118063009076018196213026255138080204242066,,,,,,,,,,,3075
"7401 WEST ROCKY RIDGE CIRCLE
SIOUX FALLS, SD 57106-7742 USA",,STEVE MELLEGARD,DB011491,,SOUTH DAKOTA,,01/24/1973,MELLEGARD BROS. INC.,01/01/2013,"6308 W 12TH ST
SIOUX FALLS, SD 57107-0467 USA",Dissolved (Administrative),Perpetual,https://sosenterprise.sd.gov/BusinessServices/Business/FilingDetail.aspx?CN=137104049011065149219077127007028011081110071135,,"5,000 @ 100",,,,,,,,,3075
"915 FOURTH ST
BROOKINGS, SD 57006-2159 USA","915 FOURTH ST.
BROOKINGS, SD 57006-2159 USA",ARTHUR V. BEHREND,DB012827,,SOUTH DAKOTA,,04/04/1975,"BEHREND BROS., INC.",04/01/1997,,Cancelled,Perpetual,https://sosenterprise.sd.gov/BusinessServices/Business/FilingDetail.aspx?CN=201008107036110075161115069069013246122105195167,,"1,000 AT $100",,,,,,,,,3075
"BOX 70
RR # 1
SALEM, SD 57058-0070 USA","BOX 70
RR #1
SALEM, SD 57058-0070 USA",RONALD H. ECKLEIN,DB020093,,SOUTH DAKOTA,,10/16/1980,"ECKLEIN BROS., INC.",10/01/1998,,Dissolved,Perpetual,https://sosenterprise.sd.gov/BusinessServices/Business/FilingDetail.aspx?CN=138150009035013105223060235100251020193027006150,,1000 @ 100,,,,,,,,,3075
"17229 US HWY 212
FAITH, SD 57626 USA",,C. J. MCTIGHE,DB021181,,SOUTH DAKOTA,,12/21/1981,"MCTIGHE BROS., INC.",12/01/2019,"17229 US HWY 212
FAITH, SD 57626-7011 USA",Good Standing,Perpetual,https://sosenterprise.sd.gov/BusinessServices/Business/FilingDetail.aspx?CN=001050104059144226193117169038246247074172250185,"17229 US HWY 212
FAITH, SD 57626-7011 USA","20,000 @ 100",,,,,,,,,3075
"9 DOMAR WAY
SIOUX FALLS, SD 57106-3801 USA","9 DOMAR WAY
SIOUX FALLS, SD 57106-3801 USA",TERRENCE W. GRAVES,DB021866,,SOUTH DAKOTA,,10/18/1982,"GRAVES BROS., INC.",10/01/1995,,Dissolved,Perpetual,https://sosenterprise.sd.gov/BusinessServices/Business/FilingDetail.aspx?CN=116131085109181195218147071191176018251251084121,,"1,000,000 @ 1",,,,,,,,,3075
"PO BOX 117A
RR 1
LETCHER, SD 57359-0117 USA","PO BOX 117A
RR 1
LETCHER, SD 57359-0117 USA",DONALD L. MARTIN,DB022741,,SOUTH DAKOTA,,09/21/1983,MARTIN BROS. CO.,09/01/1988,,Dissolved,Perpetual,https://sosenterprise.sd.gov/BusinessServices/Business/FilingDetail.aspx?CN=038236221216145012052014216221006103118019109079,,,,,,,,,,,3075
"23645 CLUBHOUSE DRIVE
RAPID CITY, SD 57702 USA",,GENE ADDINK,DB022832,,SOUTH DAKOTA,,10/25/1983,DUININCK BROS. & GILCHRIST LAND CO.,10/01/2019,"23645 CLUBHOUSE DRIVE
RAPID CITY, SD 57702 USA",Good Standing,Perpetual,https://sosenterprise.sd.gov/BusinessServices/Business/FilingDetail.aspx?CN=003056110008145202160164049005182029095189023034,"23645 CLUBHOUSE DRIVE
RAPID CITY, SD 57702 USA","25,000 @ 1",,,,,,,,,3075
"RR 1
CONDE, SD 57434 USA","RR 1
CONDE, SD 57434 USA",LARRY J. HEARNEN,DB025094,,SOUTH DAKOTA,,02/04/1986,HEARNEN BROS. TRUCKING INC.,02/01/2003,,Cancelled,Perpetual,https://sosenterprise.sd.gov/BusinessServices/Business/FilingDetail.aspx?CN=191241129237188094035117021106066121177126055184,,"10,000 @ $100",,,,,,,,,3075
"2306 W MADISON
SIOUX FALLS, SD 57104-1920 USA","2306 W. MADISON
SIOUX FALLS, SD 57104-1920 USA",NANCY STARK,DB025506,,SOUTH DAKOTA,,06/23/1986,"BENSON BROS., INC.",06/01/1998,,Cancelled,Perpetual,https://sosenterprise.sd.gov/BusinessServices/Business/FilingDetail.aspx?CN=231046103146215227046102162090245102174245007209,,"20,000 AT $25",,,,,,,,,3075
,,,UB149702,,,,06/15/2018,Yesway,,"138 Conant Street
Beverly, MA 01915 USA",Active,,https://sosenterprise.sd.gov/BusinessServices/Business/FictitiousDetail.aspx?CN=227237176218082052004152169110043136252086192081,"138 Conant Street
Beverly, MA 01915 USA",,,06/15/2023,"138 Conant Street
Beverly, MA 01915
USA",,"BW Gas & Conveniecne Retail, LLC - FL148030",,"138 Conant Street
Beverly, MA 01915
USA",,3079
,,,UB945564,,,07/30/2013,07/30/2008,Dollar General,,"100 Mission Ridge
Goodlettsville, TN 37072-0000 USA",Expired,,https://sosenterprise.sd.gov/BusinessServices/Business/FictitiousDetail.aspx?CN=045232012052056153210141013248020009239184218053,USA,,,07/30/2013,,,"Dolgencorp, Inc",,"100 Mission Ridge
Goodlettsville, TN 37072-0000
USA",,3083
,,,UB968851,,,,05/05/2016,Dollar General,,"100 Mission Ridge
Goodlettsville, TN 37072 USA",Active,,https://sosenterprise.sd.gov/BusinessServices/Business/FictitiousDetail.aspx?CN=170193197033141130149031248018105124075210067250,USA,,,05/05/2021,,,"Dolgen Midwest, LLC",,"100 Mission Ridge
Goodlettsville, TN 37072
USA",,3083
"319 S COTEAU ST
PIERRE, SD 57501-3187 USA",,C T CORPORATION SYSTEM,DB026848,,SOUTH DAKOTA,,10/29/1987,"FAMILY DOLLAR STORES OF SOUTH DAKOTA, INC.",10/01/2016,"10401 MONROE ROAD
MATTHEWS, NC 28105-5349 USA",Inactive (Other),Perpetual,https://sosenterprise.sd.gov/BusinessServices/Business/FilingDetail.aspx?CN=085241241151209069057085176093120182228176051127,"PO BOX 1017
CHARLOTTE, NC 28201-1017 USA","2,500 COM @ $10",,,,,,,,,3085
"319 S COTEAU ST
PIERRE, SD 57501-3187 USA",,C T CORPORATION SYSTEM,FB039118,,VIRGINIA,02/21/2017,02/11/2016,"Family Dollar Stores of South Dakota, Inc.",02/01/2017,"500 VOLVO PARKWAY
CHESAPEAKE , VA 23320 USA",Withdrawn,Perpetual,https://sosenterprise.sd.gov/BusinessServices/Business/FilingDetail.aspx?CN=133117050111238047008076015213062081018054087174,(Same as principal office address),,,,,,,,,,3085
"503 S PIERRE ST
PIERRE, SD 57501-4522 USA",,CORPORATION SERVICE COMPANY,FL130843,,VIRGINIA,,02/21/2017,"Family Dollar Stores of South Dakota, LLC",02/01/2020,"500 VOLVO PKWY
CHESAPEAKE, VA 23320-1604 USA",Good Standing,Perpetual,https://sosenterprise.sd.gov/BusinessServices/Business/FilingDetail.aspx?CN=110223194141010128000154023052121166169077140215,"500 VOLVO PKWY
CHESAPEAKE, VA 23320-1604 USA",,Member-Managed,,,,,,,,3085
"3229 TEEWINOT DRIVE
RAPID CITY, SD 57701-6322 USA","3229 TEEWINOT DRIVE
RAPID CITY, SD 57701-6322 USA",GLORIA G. KOZAK,DB036198,,SOUTH DAKOTA,,08/30/1995,"VALLEY CONVENIENCE MART, INC.",08/01/1996,,Dissolved,Perpetual,https://sosenterprise.sd.gov/BusinessServices/Business/FilingDetail.aspx?CN=102136113234110196129027126127229102110205230173,,"5,000 @ $100.",,,,,,,,,3086
"319 S COTEAU ST
PIERRE, SD 57501-3187 USA",,C T CORPORATION SYSTEM,DB026848,,SOUTH DAKOTA,,10/29/1987,"FAMILY DOLLAR STORES OF SOUTH DAKOTA, INC.",10/01/2016,"10401 MONROE ROAD
MATTHEWS, NC 28105-5349 USA",Inactive (Other),Perpetual,https://sosenterprise.sd.gov/BusinessServices/Business/FilingDetail.aspx?CN=085241241151209069057085176093120182228176051127,"PO BOX 1017
CHARLOTTE, NC 28201-1017 USA","2,500 COM @ $10",,,,,,,,,3087
"319 S COTEAU ST
PIERRE, SD 57501-3187 USA",,C T CORPORATION SYSTEM,FB039118,,VIRGINIA,02/21/2017,02/11/2016,"Family Dollar Stores of South Dakota, Inc.",02/01/2017,"500 VOLVO PARKWAY
CHESAPEAKE , VA 23320 USA",Withdrawn,Perpetual,https://sosenterprise.sd.gov/BusinessServices/Business/FilingDetail.aspx?CN=133117050111238047008076015213062081018054087174,(Same as principal office address),,,,,,,,,,3087
"503 S PIERRE ST
PIERRE, SD 57501-4522 USA",,CORPORATION SERVICE COMPANY,FL130843,,VIRGINIA,,02/21/2017,"Family Dollar Stores of South Dakota, LLC",02/01/2020,"500 VOLVO PKWY
CHESAPEAKE, VA 23320-1604 USA",Good Standing,Perpetual,https://sosenterprise.sd.gov/BusinessServices/Business/FilingDetail.aspx?CN=110223194141010128000154023052121166169077140215,"500 VOLVO PKWY
CHESAPEAKE, VA 23320-1604 USA",,Member-Managed,,,,,,,,3087
"319 S COTEAU ST
PIERRE, SD 57501-3187 USA",,C T CORPORATION SYSTEM,DB026848,,SOUTH DAKOTA,,10/29/1987,"FAMILY DOLLAR STORES OF SOUTH DAKOTA, INC.",10/01/2016,"10401 MONROE ROAD
MATTHEWS, NC 28105-5349 USA",Inactive (Other),Perpetual,https://sosenterprise.sd.gov/BusinessServices/Business/FilingDetail.aspx?CN=085241241151209069057085176093120182228176051127,"PO BOX 1017
CHARLOTTE, NC 28201-1017 USA","2,500 COM @ $10",,,,,,,,,3100
"319 S COTEAU ST
PIERRE, SD 57501-3187 USA",,C T CORPORATION SYSTEM,FB039118,,VIRGINIA,02/21/2017,02/11/2016,"Family Dollar Stores of South Dakota, Inc.",02/01/2017,"500 VOLVO PARKWAY
CHESAPEAKE , VA 23320 USA",Withdrawn,Perpetual,https://sosenterprise.sd.gov/BusinessServices/Business/FilingDetail.aspx?CN=133117050111238047008076015213062081018054087174,(Same as principal office address),,,,,,,,,,3100
"503 S PIERRE ST
PIERRE, SD 57501-4522 USA",,CORPORATION SERVICE COMPANY,FL130843,,VIRGINIA,,02/21/2017,"Family Dollar Stores of South Dakota, LLC",02/01/2020,"500 VOLVO PKWY
CHESAPEAKE, VA 23320-1604 USA",Good Standing,Perpetual,https://sosenterprise.sd.gov/BusinessServices/Business/FilingDetail.aspx?CN=110223194141010128000154023052121166169077140215,"500 VOLVO PKWY
CHESAPEAKE, VA 23320-1604 USA",,Member-Managed,,,,,,,,3100
"207 E CAPITAL # 7
PIERRE, SD 57501-3193 USA",,RICK D JENSEN,DA009013,Farm,SOUTH DAKOTA,,04/12/2005,"HALF BAR DIAMOND RANCH, L.L.C.",04/01/2013,"207 E CAPITAL #7
PIERRE, SD 57501-3193 USA",Dissolved (Administrative),Perpetual,https://sosenterprise.sd.gov/BusinessServices/Business/FilingDetail.aspx?CN=106078082179000071129056147213234218042133007219,,,,,,,,,,,3210
"11699 SD HWY 79
PRAIRIE CITY, SD 57649-4501 USA",,ALAN KAITFORS,DA010062,Farm,SOUTH DAKOTA,,10/26/2005,"L BAR F RANCH, LLC",10/01/2019,"11699 SD HWY 79
PRAIRIE CITY, SD 57649-4501 USA",Good Standing,Perpetual,https://sosenterprise.sd.gov/BusinessServices/Business/FilingDetail.aspx?CN=023052199167208052237248076213163017216236096202,"11699 SD HWY 79
PRAIRIE CITY, SD 57649-4501 USA",,Member-Managed,,,,,,,,3210
"18758 BAR 69 RANCH LANE
BELLE FOURCHE, SD 57717 USA",SD,DEBORAH KUKUCHKA,DA029432,Farm,SOUTH DAKOTA,,09/17/2012,"BAR 69 RANCH, LLC",09/01/2019,"18758 BAR 69 RANCH LANE
BELLE FOURCHE, SD 57717 USA",Good Standing,Perpetual,https://sosenterprise.sd.gov/BusinessServices/Business/FilingDetail.aspx?CN=137129066241041082045143191195174177198130092143,"18758 BAR 69 RANCH LANE
BELLE FOURCHE, SD 57717 USA",,Member-Managed,,,,,,,,3210
"114 N 1ST STREET
PARKSTON, SD 57366 USA","PO BOX 569
PARKSTON, SD 57366",BARBARA BRALEY,DA154089,Farm,SOUTH DAKOTA,,09/19/2018,"Lazy J 3 Bar Ranch, LLC",09/01/2019,"1281 DUNBERRY LANE
EAGAN, MN 55123 USA",Good Standing,Perpetual,https://sosenterprise.sd.gov/BusinessServices/Business/FilingDetail.aspx?CN=057043097162016179125170199246217071059127057049,,,Member-Managed,,,,,,,,3210
"530 S PHILLIPS
SIOUX FALLS, SD 57102-0984 USA","530 S. PHILLIPS
SIOUX FALLS, SD 57102-0984 USA",FRED ASSAM,DB001044,,SOUTH DAKOTA,,05/27/1960,"ALL GIRL BAR, INC.",05/01/1988,,Cancelled,Perpetual,https://sosenterprise.sd.gov/BusinessServices/Business/FilingDetail.aspx?CN=176109047131182136167071170108243147045159122052,,,,,,,,,,,3210
"23637 STRATO BOWL RD
RAPID CITY, SD 57702-6538 USA",,KEN TOMOVICK,DB006220,,SOUTH DAKOTA,,01/26/1935,BONANZA BAR REALTY COMPANY,01/01/2020,"23637 STRATO BOWL RD
RAPID CITY, SD 57702-6539 USA",Good Standing,Perpetual,https://sosenterprise.sd.gov/BusinessServices/Business/FilingDetail.aspx?CN=224173142214124099067078087121042168114160123100,"23637 Strato Bowl Road
Rapid City, SD 57702 USA","25,000 @ 1",,,,,,,,,3210
"110 EAST 3RD ST
YANKTON, SD 57078-4417 USA","110 EAST 3RD ST.
YANKTON, SD 57078-4417 USA",VALGENE STRATMAN,DB006225,,SOUTH DAKOTA,,02/28/1955,"BLUE FOX BAR, A CORPORATION",02/01/1988,,Dissolved,Perpetual,https://sosenterprise.sd.gov/BusinessServices/Business/FilingDetail.aspx?CN=161182002135014052029036016216193190182038160029,,250 @ 100,,,,,,,,,3210
"903 1ST ST NW
WATERTOWN, SD 57201-1407 USA","903 1ST ST NW
WATERTOWN, SD 57201-1407 USA",JOHN P. HAUGAN,DB006660,,SOUTH DAKOTA,,05/27/1955,"JOHNNIES BAR, INCORPORATED",05/01/2004,,Dissolved,Perpetual,https://sosenterprise.sd.gov/BusinessServices/Business/FilingDetail.aspx?CN=109145069052054024140246200004027054075201232040,,"2,500 @ 10",,,,,,,,,3210
"PO BOX 84
TEA, SD 57064-0084 USA","PO BOX 84
TEA, SD 57064-0084 USA","PAUL W., JR. O'TOOLE",DB011247,,SOUTH DAKOTA,,08/25/1972,"O'TOOLE'S BAR, INC.",08/01/1988,,Cancelled,Perpetual,https://sosenterprise.sd.gov/BusinessServices/Business/FilingDetail.aspx?CN=024140106049044036175196003103142073163084052134,,"2,500 @ 10",,,,,,,,,3210
"PO BOX 1540
1016 6TH AVE
ABERDEEN, SD 57402-1540 USA","PO BOX 1540
1016 6TH AVE.
ABERDEEN, SD 57402-1540 USA",KARL P. GRAEBER,DB011379,,SOUTH DAKOTA,,11/29/1972,"LACEY DAIRY BAR, INC.",11/01/1988,,Dissolved,Perpetual,https://sosenterprise.sd.gov/BusinessServices/Business/FilingDetail.aspx?CN=249156120125037175147245147184158166180239037070,,,,,,,,,,,3210
"OPAL, SD 57765 USA","OPAL, SD 57765 USA",DONALD G. TALLEY,DB011575,,SOUTH DAKOTA,,03/21/1973,"BAR H BAR, INC.",03/01/1988,,Cancelled,Perpetual,https://sosenterprise.sd.gov/BusinessServices/Business/FilingDetail.aspx?CN=048022113239207185068160160075141045053079135161,,"4,000 AT $100",,,,,,,,,3210
"HWY 44 BOX 152
KEYSTONE, SD 57751 USA","HWY 44 BOX 152
KEYSTONE, SD 57751 USA",RHONDA R. VAN BEEK,DB011604,,SOUTH DAKOTA,,04/06/1973,"RUSHMORE BAR, INC.",04/01/1988,,Dissolved,Perpetual,https://sosenterprise.sd.gov/BusinessServices/Business/FilingDetail.aspx?CN=224016061149062243223146010097125142039066253022,,"1,000 @ 100",,,,,,,,,3210
"RR
VEBLEN, SD 57270 USA","RR
VEBLEN, SD 57270 USA",CARVIN H. GUY,DB012155,,SOUTH DAKOTA,,02/19/1974,"BAR 4 CATTLE CO., INC.",02/01/1988,,Cancelled,Perpetual,https://sosenterprise.sd.gov/BusinessServices/Business/FilingDetail.aspx?CN=230177130053087186007135040239192055141040119215,,,,,,,,,,,3210
"PO BOX 2086
2422 CENTRAL BLVD
RAPID CITY, SD 57709-2086 USA","PO BOX 2086
2422 CENTRAL BLVD
RAPID CITY, SD 57709-2086 USA",DARLINE R. YEOMAN,DB013479,,SOUTH DAKOTA,,03/26/1976,"DARLINE'S FASHION BAR, INC.",03/01/1988,,Dissolved,Perpetual,https://sosenterprise.sd.gov/BusinessServices/Business/FilingDetail.aspx?CN=105112031239014011240059102156199187105001177242,,"1,000 @ 100",,,,,,,,,3210
"504 MT RUSHMORE RD
RAPID CITY, SD 57701-2765 USA","504 MT. RUSHMORE RD.
RAPID CITY, SD 57701-2765 USA",LARRY HARTMAN,DB013536,,SOUTH DAKOTA,,04/23/1976,"CRYSTAL BAR, INC.",04/01/1988,,Cancelled,Perpetual,https://sosenterprise.sd.gov/BusinessServices/Business/FilingDetail.aspx?CN=153022135138130224023208108053087091219074211044,,,,,,,,,,,3210
"HERMOSA, SD 57744 USA","HERMOSA, SD 57744 USA",ROMUALD LAUZON,DB013820,,SOUTH DAKOTA,,09/22/1976,"BICENTENNIAL BAR, INC.",09/01/1988,,Cancelled,Perpetual,https://sosenterprise.sd.gov/BusinessServices/Business/FilingDetail.aspx?CN=100136020139061153130130104201192116069059232164,,,,,,,,,,,3210
"BOX 369
EAST HIGHWAY34
BELLE FOURCHE, SD 57717-0369 USA","BOX 369
EAST HIGHWAY34
BELLE FOURCHE, SD 57717-0369 USA",GEORGE D. JOHNSON,DB016122,,SOUTH DAKOTA,,11/09/1978,"25 BAR FEEDS, INC.",11/01/1988,,Dissolved,Perpetual,https://sosenterprise.sd.gov/BusinessServices/Business/FilingDetail.aspx?CN=236028218031046189231108215083004137039069017137,,,,,,,,,,,3210
"117 FIFTH AVE
BELLE FOURCHE, SD 57717-1139 USA","117 FIFTH AVE.
BELLE FOURCHE, SD 57717-1139 USA",WESLEY W. BUCKMASTER,DB019489,,SOUTH DAKOTA,,02/15/1980,"LONGHORN BAR, INC.",02/01/1988,,Dissolved,Perpetual,https://sosenterprise.sd.gov/BusinessServices/Business/FilingDetail.aspx?CN=231081076021011135042155097024241060168022096149,,,,,,,,,,,3210
"212 W 10TH ST
SIOUX FALLS, SD 57102-0703 USA","212 W 10TH ST
SIOUX FALLS, SD 57102-0703 USA",EDMOND E. NEUROTH,DB019758,,SOUTH DAKOTA,,06/03/1980,"ARROW BAR, INC.",06/01/2000,,Dissolved,Perpetual,https://sosenterprise.sd.gov/BusinessServices/Business/FilingDetail.aspx?CN=060040197111073083241110033051154085216111193209,,"50,000 @ 10",,,,,,,,,3210
"PO BOX 160
TRIPP, SD 57376-0160 USA","PO BOX 160
TRIPP, SD 57376-0160 USA",MICHAEL R. PLACEK,DB019807,,SOUTH DAKOTA,,06/23/1980,"COOKIES BAR, INC.",06/01/1993,,Cancelled,Perpetual,https://sosenterprise.sd.gov/BusinessServices/Business/FilingDetail.aspx?CN=154197167161226050025076175160231157251003038049,,"1,000 @ 100",,,,,,,,,3210
"616 MAIN ST
DEADWOOD, SD 57732-1111 USA","616 MAIN ST.
DEADWOOD, SD 57732-1111 USA",CLAY WILLIAMS,DB019859,,SOUTH DAKOTA,,07/09/1980,CRIPPLE CREEK BAR INCORPORATED,07/01/1988,,Cancelled,Perpetual,https://sosenterprise.sd.gov/BusinessServices/Business/FilingDetail.aspx?CN=239234100251087110009073203061156177170234135198,,,,,,,,,,,3210
"NEW TOWN MALL
3800 S LOUISE
SIOUX FALLS, SD 57116-0198 USA","NEW TOWN MALL
3800 S. LOUISE
SIOUX FALLS, SD 57116-0198 USA",DONALD D. LEISE,DB019988,,SOUTH DAKOTA,,09/03/1980,"MR. BILL'Z ICE CREAM BAR, LTD.",09/01/1988,,Cancelled,Perpetual,https://sosenterprise.sd.gov/BusinessServices/Business/FilingDetail.aspx?CN=005019103028058243030015067207049186118131158183,,,,,,,,,,,3210
"PO BOX 588
81 1/2 SHERMAN ST
DEADWOOD, SD 57732-0588 USA","PO BOX 588
81 1/2 SHERMAN ST
DEADWOOD, SD 57732-0588 USA",RONALD A. ISLAND,DB020058,,SOUTH DAKOTA,,09/30/1980,"RANCHER BAR & LOUNGE, INC.",09/01/1988,,Dissolved,Perpetual,https://sosenterprise.sd.gov/BusinessServices/Business/FilingDetail.aspx?CN=055047076016129082085020115240143158246067082073,,2500 AT $100,,,,,,,,,3210
"BOX 2397
808 JACKSON BLVD
RAPID CITY, SD 57709-2397 USA","BOX 2397
808 JACKSON BLVD.
RAPID CITY, SD 57709-2397 USA",MICHAEL CHAMBERS,DB020474,,SOUTH DAKOTA,,03/12/1981,"BAR-BARIAN, INC.",03/01/1988,,Cancelled,Perpetual,https://sosenterprise.sd.gov/BusinessServices/Business/FilingDetail.aspx?CN=142146136071186054100023071157145043160039050050,,"10,000 @ 10",,,,,,,,,3210
"201 F M BANK BLDG
HURON, SD 57350 USA","201 F & M BANK BLDG.
HURON, SD 57350 USA",GEORGE N. MANOLIS,DB021944,,SOUTH DAKOTA,,11/29/1982,"HURON BAR AND GRILL, INC.",11/01/1988,,Dissolved,Perpetual,https://sosenterprise.sd.gov/BusinessServices/Business/FilingDetail.aspx?CN=195110030042047060211250148214029245247062118108,,,,,,,,,,,3210
"508 W LAKE DR
LAKE NORDEN, SD 57248-9714 USA",,CALVIN S. RHODY,DB022479,,SOUTH DAKOTA,,06/10/1983,RANGER BAR INC.,06/01/2019,"508 W LAKE DR
LAKE NORDEN, SD 57248-6617 USA",Good Standing,Perpetual,https://sosenterprise.sd.gov/BusinessServices/Business/FilingDetail.aspx?CN=071188016213205047198103181174156035167177030082,"508 W LAKE DRIVE
LAKE NORDEN, SD 57248 USA","1,000 AT $100",,,,,,,,,3210
"THIRD GARFIELD
WILLOW LAKE, SD 57278 USA","THIRD & GARFIELD
WILLOW LAKE, SD 57278 USA",JAMES F. GUITAR,DB023058,,SOUTH DAKOTA,,01/12/1984,"CHUCKWAGON BAR & LOUNGE, INC.",01/01/1988,,Cancelled,Perpetual,https://sosenterprise.sd.gov/BusinessServices/Business/FilingDetail.aspx?CN=062227227228035115086097152064067171207146000093,,,,,,,,,,,3210
"PO BOX 496
HOVEN, SD 57450-0496 USA","PO BOX 496
HOVEN, SD 57450-0496 USA",ELIZABETH J. ABLER,DB023170,,SOUTH DAKOTA,,02/22/1984,B & T DAIRY BAR INC.,02/01/1988,,Cancelled,Perpetual,https://sosenterprise.sd.gov/BusinessServices/Business/FilingDetail.aspx?CN=243047071199033226037222150201211205092185085006,,,,,,,,,,,3210
"ROUTE 3 BOX 118
ARLINGTON, SD 57212-8806 USA","ROUTE 3, BOX 118
ARLINGTON, SD 57212-8806 USA",PAUL M. KLAPPRODT,DB023240,,SOUTH DAKOTA,,03/15/1984,"BAR DESIGN & LEASING, INC.",03/01/1988,,Cancelled,Perpetual,https://sosenterprise.sd.gov/BusinessServices/Business/FilingDetail.aspx?CN=095122248128112038221179149243204092138129181059,,,,,,,,,,,3210
"PO BOX 877
120 N EUCLID
PIERRE, SD 57501-0877 USA","PO BOX 877
120 N. EUCLID
PIERRE, SD 57501-0877 USA",KEITH A. TIDBALL,DB023287,,SOUTH DAKOTA,,03/29/1984,"QUARTER CIRCLE G BAR CATTLE COMPANY, INC.",03/01/1988,,Cancelled,Perpetual,https://sosenterprise.sd.gov/BusinessServices/Business/FilingDetail.aspx?CN=060243191189216173003018003045005250201136005021,,,,,,,,,,,3210
"29266 SD HWY 73
MARTIN, SD 57551-5917 USA","PO BOX 624
MARTIN, SD 57551-0624 USA",KONNIE K. BOOMER,DB023491,,SOUTH DAKOTA,,06/01/1984,"BOOMDOCKS BAR AND GRILL, INC.",06/01/2019,"29266 SD HWY 73
MARTIN, SD 57551-5917 USA",Good Standing,Perpetual,https://sosenterprise.sd.gov/BusinessServices/Business/FilingDetail.aspx?CN=243106079208015148013221210173245031211086180219,"PO BOX 624
MARTIN, SD 57551-0624 USA",250 @ 100,,,,,,,,,3211
"3601 S MINNESOTA AVE
SIOUX FALLS, SD 57105-6445 USA",,RICK BARG,FM000005,,MISSOURI,,10/15/2008,VETERANS OF FOREIGN WARS OF THE UNITED STATES,10/01/2009,"406 W 34TH ST
KANSAS CITY, MO 64111-2778 USA",Delinquent,Perpetual,https://sosenterprise.sd.gov/BusinessServices/Business/FilingDetail.aspx?CN=171090037046014095021199244012246120089212119219,,,,,,,,,,,3288
"400 N MAIN AVE
STE 206
SIOUX FALLS, SD 57104-5979 USA",,"INCORP SERVICES, INC.",FN010817,,MICHIGAN,,03/02/2004,VETERANS OF FOREIGN WARS NATIONAL HOME FOR CHILDREN,03/01/2020,"3573 S WAVERLY ROAD
EATON RAPIDS, MI 48827-9718 USA",Good Standing,Perpetual,https://sosenterprise.sd.gov/BusinessServices/Business/FilingDetail.aspx?CN=222132031046090171043240190186151025040164125043,"3573 S WAVERLY ROAD
EATON RAPIDS, MI 48827-9718 USA",,,,,,,,,,3288
"220 ORCHARD DR
SISSETON, SD 57262 USA","220 ORCHARD DR
SISSETON, SD 57262",Ronald J Moen,NS000005,,SOUTH DAKOTA,,02/05/1958,"FORT SISSETON POST NO. 3342, VETERANS OF FOREIGN WARS OF THE UNITED STATES",02/01/2020,"220 Orchard Dr
SISSETON, SD 57262-1335 USA",Good Standing,Perpetual,https://sosenterprise.sd.gov/BusinessServices/Business/FilingDetail.aspx?CN=093015232021202046123104023112078122121035235124,"220 Orchard Dr
SISSETON, SD 57262-1335 USA",,,,,,,,,,3288
"BOX 33
SPENCER, SD 57374-0033 USA","BOX 33
SPENCER, SD 57374-0033 USA",DARWIN BRUNS,NS000012,,SOUTH DAKOTA,,02/25/1958,"WOLF CREEK POST NO. 3499, VETERANS OF FOREIGN WARS OF THE UNITED STATES, INCORPORATED",02/01/1990,,Cancelled,Perpetual,https://sosenterprise.sd.gov/BusinessServices/Business/FilingDetail.aspx?CN=105220090223175017228087018244195185050248072161,,,,,,,,,,,3288
"DOLAND, SD 57436 USA","DOLAND, SD 57436 USA",JAMES LOVELACE,NS000377,,SOUTH DAKOTA,,04/26/1961,"DOLAND POST NO. 8321 VETERANS OF FOREIGN WARS OF THE UNITED STATES, INCORPORATED",04/01/1990,,Cancelled,Perpetual,https://sosenterprise.sd.gov/BusinessServices/Business/FilingDetail.aspx?CN=054021149051082163041135034181201231177007230003,,,,,,,,,,,3288
"RR 1 BOX 56
STRANDBURG, SD 57265-9523 USA","RR 1 BOX 56
STRANDBURG, SD 57265-9523 USA",DONALD I. SWANZ,NS000515,,SOUTH DAKOTA,,06/22/1962,"JOHN H. LARSON POST NO. 6361, VETERANS OF FOREIGN WARS OF THE UNITED STATES, INCORPORATED",06/01/2006,,Cancelled,Perpetual,https://sosenterprise.sd.gov/BusinessServices/Business/FilingDetail.aspx?CN=194062100022081195219063199246117086178019255074,,,,,,,,,,,3288
"25149 344TH AVE
CHAMBERLAIN, SD 57325 USA","318 N MAIN ST
CHAMBERLAIN, SD 57325",,NS000662,,SOUTH DAKOTA,,11/26/1963,"CHAMBERLAIN POST NO. 6436 VETERANS OF FOREIGN WARS OF THE UNITED STATES, INCORPORATED",11/01/2019,"318 N MAIN
CHAMBERLAIN, SD 57325-1327 USA",Good Standing,Perpetual,https://sosenterprise.sd.gov/BusinessServices/Business/FilingDetail.aspx?CN=248011095255061210135083070005017189142037060187,"318 N MAIN
CHAMBERLAIN, SD 57325-1327 USA",,,,,,,,,,3288
"420 MAIN ST
RAPID CITY, SD 57701 USA","420 MAIN ST
RAPID CITY, SD 57701","Virgil Stockstad
Treasurer",NS000671,,SOUTH DAKOTA,,01/03/1964,"RUSHMORE POST NO. 1273 VETERANS OF FOREIGN WARS OF THE UNITED STATES, INCORPORATED",01/01/2020,"420 MAIN ST
RAPID CITY, SD 57701-2732 USA",Good Standing,Perpetual,https://sosenterprise.sd.gov/BusinessServices/Business/FilingDetail.aspx?CN=054006084044179246055024014090115054093052195190,"420 MAIN ST
RAPID CITY, SD 57701-2732 USA",,,,,,,,,,3288
"19614 UNITED SCHOOL ROAD
FAITH, SD 57626 USA","P O BOX 326
FAITH, SD 57626 USA",WILLIAM P. GROPPER,NS000711,,SOUTH DAKOTA,,05/25/1964,"FAITH POST NO. 5751 VETERANS OF FOREIGN WARS OF THE UNITED STATES, INCORPORATED",05/01/2019,"224 MAIN ST
FAITH, SD 57626 USA",Delinquent,Perpetual,https://sosenterprise.sd.gov/BusinessServices/Business/FilingDetail.aspx?CN=053010045227192224019035045238037084112081021251,"PO BOX 104
FAITH, SD 57626 USA",,,,,,,,,,3288
"116 W FIR
BRANDON, SD 57005 USA",SD,RONALD W HARRIS,NS000753,,SOUTH DAKOTA,,10/12/1964,"THREE RIVERS POST NO. 4726, VETERANS OF FOREIGN WARS OF THE UNITED STATES, INCORPORATED",10/01/2019,"321 MAIN STREET
BRANDON, SD 57005 USA",Good Standing,Perpetual,https://sosenterprise.sd.gov/BusinessServices/Business/FilingDetail.aspx?CN=082175169165210186002034225123203032029097003029,"PO BOX 467
BRANDON, SD 57005 USA",,,,,,,,,,3288
"1507 JACKSON ST
STURGIS, SD 57785 USA",,DWIGHT R GRIFFEE,NS000898,,SOUTH DAKOTA,,12/22/1965,"PAHA SAPA POST NO. 2730, VETERANS OF FOREIGN WARS OF THE UNITED STATES, INCORPORATED",12/01/2019,"868 MAIN
STURGIS, SD 57785 USA",Good Standing,Perpetual,https://sosenterprise.sd.gov/BusinessServices/Business/FilingDetail.aspx?CN=056029007146036252030236188001030077252069167162,"1507 JACKSON ST.
STURGIS, SD 57785 USA",,,,,,,,,,3288
"45743 308TH ST
WAKONDA, SD 57073-6313 USA",,ANDREW M HOWE,NS000943,,SOUTH DAKOTA,,04/13/1956,"CLAY POST NO. 3061 VETERANS OF FOREIGN WARS OF THE UNITED STATES, INCORPORATED",04/01/2020,"45743 308TH ST
WAKONDA, SD 57073-6313 USA",Good Standing,Perpetual,https://sosenterprise.sd.gov/BusinessServices/Business/FilingDetail.aspx?CN=089064235053206044244187166230060194032100239150,"45743 308TH ST
WAKONDA, SD 57073-6313 USA",,,,,,,,,,3288
"520 S PIERRE ST
PIERRE, SD 57501 USA","PO BOX 326
PIERRE, SD 57501 USA",Gary W Knudson,NS001037,,SOUTH DAKOTA,,08/30/1950,"CHARLES E. THORNE POST NO 2038 VETERANS OF FOREIGN WARS OF THE UNITED STATES, INCORPORATED",08/01/2020,"520 S Pierre St
PIERRE, SD 57501 USA",Good Standing,Perpetual,https://sosenterprise.sd.gov/BusinessServices/Business/FilingDetail.aspx?CN=081092048122151222116023249087055155026176138206,"PO BOX 326
PIERRE, SD 57501 USA",,,,,,,,,,3288
"215 N MAIN ST
MITCHELL, SD 57301 USA",SD,GLORIA L HANSON,NS001116,,SOUTH DAKOTA,,02/25/1967,"CORN PALACE CITY POST NO. 2750, VETERANS OF FOREIGN WARS OF THE UNITED STATES, INC.",02/01/2020,"215 N. MAIN
MITCHELL, SD 57301-3415 USA",Good Standing,Perpetual,https://sosenterprise.sd.gov/BusinessServices/Business/FilingDetail.aspx?CN=044172117109015229151028216009158055001231014221,"215 N. MAIN
MITCHELL, SD 57301-3415 USA",,,,,,,,,,3288
"304 J AVENUE
EUREKA, SD 57437-5743 USA","304 J AVENUE
EUREKA, SD 57437 USA",Donald Duane Heinrich,NS001141,,SOUTH DAKOTA,,03/27/1967,"EUREKA V.F.W. POST NO. 5126, VETERANS OF FOREIGN WARS OF THE UNITED STATES, INCORPORATED",03/01/2020,"801 7TH ST
EUREKA, SD 57437 USA",Good Standing,Perpetual,https://sosenterprise.sd.gov/BusinessServices/Business/FilingDetail.aspx?CN=054241013075170053183191000207055077093092228070,"304 J Avenue
EUREKA, SD 57437 USA",,,,,,,,,,3288
"41548 VODNANY CHURCH RD
SCOTLAND, SD 57059 USA",SD,JOSEPH SEDLACEK,NS001210,,SOUTH DAKOTA,,06/22/1955,"PAUL GROSSHEUSCH POST NO. 2966, VETERANS OF FOREIGN WARS OF THE UNITEDSTATES, INCORPORATED",06/01/2020,"531 1ST ST
SCOTLAND, SD 57059 USA",Good Standing,Perpetual,https://sosenterprise.sd.gov/BusinessServices/Business/FilingDetail.aspx?CN=150230072122193162182030184078014191202101207040,"41548 Vodnany Church Road
Scotland, SD 57059 USA",,,,,,,,,,3288
"38486 252ND ST
PLANKINTON, SD 57368 USA",,KENNETH P PAYNE,NS001259,,SOUTH DAKOTA,,11/03/1952,"AURORA COUNTY POST NO. 6554, VETERANS OF FOREIGN WARS OF THE UNITED STATES, INCORPORATED",11/01/2019,"608 EAST PENNINGTON STREET
PLANKINTON, SD 57368 USA",Good Standing,Perpetual,https://sosenterprise.sd.gov/BusinessServices/Business/FilingDetail.aspx?CN=093047255139229238181148068124148050150055246118,"38486 252nd Street
PLANKINTON, SD 57368 USA",,,,,,,,,,3288
"807 EAST ELDER STREET
CANTON, SD 57013 USA","PO BOX 282
CANTON, SD 57013 USA",Larry Martin DeBuhr,NS001267,,SOUTH DAKOTA,,01/09/1956,"LINCOLN POST NO. 3164 VETERANS OF FOREIGN WARS OF THE UNITED STATES, INCORPORATED",01/01/2020,"208 S. Main 208 S MAIN ST
CANTON, SD 57013-2245 USA",Good Standing,Perpetual,https://sosenterprise.sd.gov/BusinessServices/Business/FilingDetail.aspx?CN=166219217220094237102232043096197234079056138231,"208 S. Main 208 S MAIN ST
CANTON, SD 57013-2245 USA",,,,,,,,,,3288
"607 EAST JEFFERSON STREET
ELK POINT, SD 57025-2268 USA",,MATTHEW DOSDALL,NS001280,,SOUTH DAKOTA,,07/16/1947,"ELK POINT POST NO. 915, VETERANS OF FOREIGN WARS OF SOUTH DAKOTA, ELK POINT, UNION COUNTY",07/01/2020,"607 EAST JEFFERSON STREET
ELK POINT, SD 57025 USA",Good Standing,Perpetual,https://sosenterprise.sd.gov/BusinessServices/Business/FilingDetail.aspx?CN=246069110171191015012146096043169198184153206096,"607 EAST JEFFERSON STREET
ELK POINT, SD 57025 USA",,,,,,,,,,3288
"3601 S MINNESOTA AVE
SIOUX FALLS, SD 57105-6484 USA","3601 S. MINNESOTA AVE.
SIOUX FALLS, SD 57105-6484 USA",WILLIAM J. RADIGAN,NS001305,,SOUTH DAKOTA,,06/02/1953,"DEPARTMENT OF SOUTH DAKOTA, VETERANS OF FOREIGN WARS OF THE UNITED STATES",06/01/1990,,Cancelled,Perpetual,https://sosenterprise.sd.gov/BusinessServices/Business/FilingDetail.aspx?CN=002026023227130041162199005050054097159167080001,,,,,,,,,,,3288
"418 TELLURDE LANE
BROOKINGS, SD 57006 USA",SD,DARWIN G TOLZIN,NS001308,,SOUTH DAKOTA,,07/12/1950,DOKKEN GEORGE POST NO. 2118 VETERANS OF FOREIGN WARS OF THE U.S. INCORPORATED,07/01/2020,"520 MAIN AVE
BROOKINGS, SD 57006-2013 USA",Good Standing,Perpetual,https://sosenterprise.sd.gov/BusinessServices/Business/FilingDetail.aspx?CN=238090033152181165092068048142222039156142215162,"520 MAIN AVE
BROOKINGS, SD 57006-2013 USA",,,,,,,,,,3288
"BRISTOL, SD 57219 USA","BRISTOL, SD 57219 USA",DONALD MARTIN,NS001309,,SOUTH DAKOTA,,02/17/1949,"DAY POST NO. 3539 VETERANS OF FOREIGN WARS OF THE UNITED STATES, INCORPORATED",02/01/2008,,Dissolved,Perpetual,https://sosenterprise.sd.gov/BusinessServices/Business/FilingDetail.aspx?CN=037225052213161010062216102161080073036203192166,,,,,,,,,,,3288
"314 N BROADWAY
WITTEN, SD 57584 USA","PO BOX 191
WITTEN, SD 57584-0191 USA",SANDRA VAN KEKERIX,NS001334,,SOUTH DAKOTA,,08/12/1954,"Auxiliary of Veterans of Foreign Wars of the United States of Post #4674, Winner S.D.",08/01/2020,"314 N BROADWAY
WITTEN, SD 57584 USA",Good Standing,Perpetual,https://sosenterprise.sd.gov/BusinessServices/Business/FilingDetail.aspx?CN=045005093234185202242241177111093007112215129080,"P, O. Box 191
WITTEN, SD 57584 USA",,,,,,,,,,3288
"314 N BROADWAY
WITTEN, SD 57584 USA","PO BOX 191
WITTEN, SD 57584-0191 USA",SANDRA VAN KEKERIX,NS001334,,SOUTH DAKOTA,,08/12/1954,"Auxiliary of Veterans of Foreign Wars of the United States of Post #4674, Winner S.D.",08/01/2020,"314 N BROADWAY
WITTEN, SD 57584 USA",Good Standing,Perpetual,https://sosenterprise.sd.gov/BusinessServices/Business/FilingDetail.aspx?CN=045005093234185202242241177111093007112215129080,"P, O. Box 191
WITTEN, SD 57584 USA",,,,,,,,,,3288
"PO BOX 279
HURON, SD 57350-0279 USA","PO BOX 279
HURON, SD 57350-0279 USA",Russel L Dramstad,NS001340,,SOUTH DAKOTA,,02/25/1944,VETERANS OF FOREIGN WARS BUILDING ASSOCIATION,02/01/2020,"1000 18th St SW
HURON, SD 57350 USA",Good Standing,Expires - 02/25/2144,https://sosenterprise.sd.gov/BusinessServices/Business/FilingDetail.aspx?CN=111081169131228153200028032127250081209062253245,"PO BOX 279
HURON, SD 57350-0279 USA",,,,,,,,,,3288
"43602 273RD ST
FREEMAN, SD 57029-5506 USA",,WILLIAM KAUS,NS001345,,SOUTH DAKOTA,,02/04/1950,"WILDE POST NO. 3728 VETERANS OF FOREIGN WARS OF THE UNITED STATES, INCORPORATED",02/01/2011,"43602 273RD STREET
FREEMAN, SD 57029-5506 USA",Dissolved (Administrative),Perpetual,https://sosenterprise.sd.gov/BusinessServices/Business/FilingDetail.aspx?CN=059224147165250113163166148250230173063186170098,"PO BOX 20
FREEMAN, SD 57029-0020 USA",,,,,,,,,,3288
"808 S BROADWAY
WATERTOWN, SD 57201-4846 USA","PO BOX 221
WATERTOWN, SD 57201-0221 USA",LAWRENCE J HOWELL,NS001350,,SOUTH DAKOTA,,02/02/1952,"FRANK H. ADAMS POST NO. 750, VETERANS OF FOREIGN WARS OF THE UNITED STATES, INCORPORATED",02/01/2020,"808 S BROADWAY
WATERTOWN, SD 57201-4846 USA",Good Standing,Perpetual,https://sosenterprise.sd.gov/BusinessServices/Business/FilingDetail.aspx?CN=091229197026141049036101123246231225021228105010,"PO BOX 221
WATERTOWN, SD 57201-0221 USA",,,,,,,,,,3288
"22 W 12TH AVE
WEBSTER, SD 57274 USA","22 W 12TH AVE
WEBSTER, SD 57274",Jonathan G Anderson,NS001351,,SOUTH DAKOTA,,05/03/1951,"WEBSTER POST NO. 4690, VETERANS OF FOREIGN WARS OF THE UNITED STATES, INCORPORATED",05/01/2020,"22 W 12th Ave
WEBSTER, SD 57274-1720 USA",Good Standing,Perpetual,https://sosenterprise.sd.gov/BusinessServices/Business/FilingDetail.aspx?CN=170038198234002025201068156126168058232014022105,"22 W 12th Ave
WEBSTER, SD 57274-1720 USA",,,,,,,,,,3288
"849 W 8TH ST
WINNER, SD 57580 USA","PO BOX 45
WINNER, SD 57580 USA",DUANE BRUNKOW,NS001352,,SOUTH DAKOTA,,11/04/1950,"WINNER POST NO. 4674, VETERANS OF FOREIGN WARS OF THE UNITED STATES, INCORPORATED",11/01/2019,"133 WEST 3RD ST
WINNER, SD 57580 USA",Good Standing,Perpetual,https://sosenterprise.sd.gov/BusinessServices/Business/FilingDetail.aspx?CN=243052035243067062170250147073247031103226076070,"PO BOX 45
WINNER, SD 57580-0045 USA",,,,,,,,,,3288
"905 NORTH MAIN
BURKE, SD 57523-5752 USA","P O BOX 1
BURKE, SD 57523 USA",Treasurer,NS001353,,SOUTH DAKOTA,,06/30/1951,BURKE POST NO. 9950 VETERANS OF FOREIGN WARS OF THE UNITED STATES INCORPORATED,06/01/2020,"905 N Main
BURKE, SD 57523-5158 USA",Good Standing,Perpetual,https://sosenterprise.sd.gov/BusinessServices/Business/FilingDetail.aspx?CN=123189031002061116087230205183037181189072007028,"PO Box 1
Burke, SD 57523 USA",,,,,,,,,,3288
"128 S PARK ST NE
WAGNER, SD 57380-9406 USA",,JAMES R. DAUM,DB055150,,SOUTH DAKOTA,05/04/2018,02/17/2010,"WAGNER THEATER, INC.",02/01/2017,"218 S MAIN AVE
WAGNER, SD 57380-2004 USA",Dissolved (Administrative),Perpetual,https://sosenterprise.sd.gov/BusinessServices/Business/FilingDetail.aspx?CN=208108111177006129041134123113092021208150234088,,"10,000 COMMON $100",,,,,,,,,3306
,,,UB948933,,,11/15/2014,11/15/2009,Wagner Theater,,"218 S. Main Ave.
Wagner, SD 57380 USA",Expired,,https://sosenterprise.sd.gov/BusinessServices/Business/FictitiousDetail.aspx?CN=004125170115254189122179040095013237105220171149,"PO Box 665
Wagner, SD 57380
USA",,,11/15/2014,USA,,James and Deanna Daum,Dana and Lisa Kantner,"128 S. Park St. NE
Wagner, SD 57380
USA","411 Haskell Ave.
Dante, SD 57329
USA",3306
"101 GLENCROSS RD
TIMBER LAKE, SD 57656 USA",,FARON SCHWEITZER,NS005119,,SOUTH DAKOTA,,06/08/1972,"TIMBER LAKE RODEO CORP., INC.",06/01/2012,"1910 MAIN ST
TIMBER LAKE, SD 57656 USA",Dissolved (Administrative),Perpetual,https://sosenterprise.sd.gov/BusinessServices/Business/FilingDetail.aspx?CN=036061143129063175096247251202184085170236020054,"PO BOX 327
TIMBER LAKE, SD 57656 USA",,,,,,,,,,3313
"BOX 1191
MILBANK, SD 57252-0720 USA","BOX 1191
MILBANK, SD 57252-0720 USA",M. W. WISE,DB004250,,SOUTH DAKOTA,,02/23/1946,AMERICAN LEGION BUILDING ASSOCIATION OF MILBANK,02/01/1988,,Dissolved,Perpetual,https://sosenterprise.sd.gov/BusinessServices/Business/FilingDetail.aspx?CN=031248052162117051114052230169207031028169065084,,,,,,,,,,,3329
"512 IOWA AVE
HIGHMORE, SD 57345 USA","P O BOX 345
HIGHMORE, SD 57345 USA",Kyle Hieb,NS000026,,SOUTH DAKOTA,,04/03/1958,FRANK VOPAT POST #35 OF THE AMERICAN LEGION,04/01/2020,"125 2 ST SW
HIGHMORE, SD 57345 USA",Good Standing,Perpetual,https://sosenterprise.sd.gov/BusinessServices/Business/FilingDetail.aspx?CN=137205065170058058213156041081187234017066153235,"P.o. box 345
Highmore, SD 57345-2205 USA",,,,,,,,,,3329
"270 WELLINGTON ST
WOLSEY, SD 57384-0305 USA","PO BOX 305
WOLSEY, SD 57384-0305 USA","ROBERT BRODKORB, JR.",NS000036,,SOUTH DAKOTA,,04/17/1958,"HERSHMAN-GORDON POST #59, AMERICAN LEGION OF WOLSEY, SOUTH DAKOTA",04/01/2020,"305 COMMERCIAL AVE
WOLSEY, SD 57384-0303 USA",Good Standing,Perpetual,https://sosenterprise.sd.gov/BusinessServices/Business/FilingDetail.aspx?CN=198246228095068010172171046241217091039034189011,"PO BOX 303
WOLSEY, SD 57384-0303 USA",,,,,,,,,,3329
"20211 369 AVE
WESSINGTON, SD 57381-6925 USA",,JAMES MAJOR,NS000048,,SOUTH DAKOTA,,05/09/1958,"WATSON-KRAUTER POST #110 OF THE AMERICAN LEGION OF WESSINGTON, SOUTH DAKOTA",05/01/2019,"20211 369TH AVE
WESSINGTON, SD 57381-6925 USA",Delinquent,Perpetual,https://sosenterprise.sd.gov/BusinessServices/Business/FilingDetail.aspx?CN=084175165210137178148200021215028162087011147252,"20211 369TH AVE
WESSINGTON, SD 57381-6925 USA",,,,,,,,,,3329
"331 MAIN ST
CHANCELLOR, SD 57015-0024 USA",,LEE W HOLST,NS000049,,SOUTH DAKOTA,,05/12/1958,"THE BERTUS JURGENS POST OF THE AMERICAN LEGION, DEPARTMENT OF SOUTH DAKOTA, POST #283 OF CHANCELLOR SOU",05/01/2020,"331 MAIN ST
CHANCELLOR, SD 57015 USA",Good Standing,Perpetual,https://sosenterprise.sd.gov/BusinessServices/Business/FilingDetail.aspx?CN=054190214033009046157104205052107040037119254140,"PO BOX 123
CHANCELLOR, SD 57015 USA",,,,,,,,,,3329
"HENRY, SD 57243 USA","HENRY, SD 57243 USA",RAYMOND BIBERDORF,NS000144,,SOUTH DAKOTA,,04/14/1959,HENRY POST NO. 227 OF THE AMERICAN LEGION,04/01/1990,,Cancelled,Perpetual,https://sosenterprise.sd.gov/BusinessServices/Business/FilingDetail.aspx?CN=088234171179223107125184017156014084151100019153,,,,,,,,,,,3329
"508 E MAIN ST
BRYANT, SD 57221 USA","PO BOX 96
BRYANT, SD 57221 USA",KENNETH S ANDERSON,NS000169,,SOUTH DAKOTA,,07/16/1959,"BRYANT POST OF THE AMERICAN LEGION OF SOUTH DAKOTA, POST NO. 37, BRYANT",07/01/2020,"204 E Main St
BRYANT, SD 57221 USA",Good Standing,Perpetual,https://sosenterprise.sd.gov/BusinessServices/Business/FilingDetail.aspx?CN=168204013210096108102134222082082015106057177187,"PO BOX 96
BRYANT, SD 57221-0096 USA",,,,,,,,,,3329
"14220 365TH AVE
IPSWICH, SD 57451 USA","14220 365TH STREET
IPSWICH, SD 57451 USA",TERRY BRAUN,NS000207,,SOUTH DAKOTA,,11/03/1959,ELSTAD-ARCHER POST NO. 67 OF THE AMERICAN LEGION,11/01/2019,"14220 365th Ave
Ipswich, SD 57451 USA",Good Standing,Perpetual,https://sosenterprise.sd.gov/BusinessServices/Business/FilingDetail.aspx?CN=099160104205114092213115240084089173229200178009,"14220 365th Ave
Ipswich, SD 57451 USA",,,,,,,,,,3329
"250 THOMAS ST S
BOX 147
CARTHAGE, SD 57323-0147 USA","250 THOMAS ST S
BOX 147
CARTHAGE, SD 57323-0147 USA",JOE PEDERSON,NS000476,,SOUTH DAKOTA,,02/27/1962,"GRAVES-WALLUM POST NO. 51, THE AMERICAN LEGION OF CARTHAGE, SOUTH DAKOTA",02/01/2007,,Cancelled,Perpetual,https://sosenterprise.sd.gov/BusinessServices/Business/FilingDetail.aspx?CN=076247070187082012153213200209094126082188089210,,,,,,,,,,,3329
"600 1ST STREET
FAIRFAX, SD 57335 USA","600 1ST STREET
FAIRFAX, SD 57335 USA",MARK W WEIDNER,NS000517,,SOUTH DAKOTA,,06/28/1962,"PIKE-BURKE POST NO. 187 OF THE AMERICAN LEGION OF FAIRFAX, SOUTH DAKOTA",06/01/2020,"5TH & RANDALL #101
FAIRFAX, SD 57335 USA",Good Standing,Perpetual,https://sosenterprise.sd.gov/BusinessServices/Business/FilingDetail.aspx?CN=120055043243122168050104016030254192018175152026,"5TH & RANDALL #101
FAIRFAX, SD 57335 USA",,,,,,,,,,3329
"24195 ALKAN LN
HERMOSA, SD 57744 USA","24195 ALKAN LN
HERMOSA, SD 57744 USA",Treasurer,NS000646,,SOUTH DAKOTA,,02/23/1940,THE AMERICAN LEGION BOYS STATE OF SOUTH DAKOTA,02/01/2020,"14 1ST AVE SE PO BOX 67
WATERTOWN, SD 57201-3611 USA",Good Standing,Perpetual,https://sosenterprise.sd.gov/BusinessServices/Business/FilingDetail.aspx?CN=204043175246107017213160082245154006172185028120,"14 1ST AVE SE PO BOX 67
WATERTOWN, SD 57201-3611 USA",,,,,,,,,,3329
"129 S MAIN STREET
CHAMBERLAIN, SD 57325-1329 USA","PO BOX 187
CHAMBERLAIN, SD 57325-0187 USA","LARSEN TAX AND CONSULTING, L.L.C.",NS000691,,SOUTH DAKOTA,,04/03/1964,"POTTER POST NO. 3 OF THE AMERICAN LEGION, OF CHAMBERLAIN, BRULE COUNTY, SOUTH DAKOTA",04/01/2020,"129 S MAIN STREET
CHAMBERLAIN, SD 57325-1329 USA",Good Standing,Perpetual,https://sosenterprise.sd.gov/BusinessServices/Business/FilingDetail.aspx?CN=202098145241029251130143152160253064037128116007,"PO BOX 187
CHAMBERLAIN, SD 57325-0187 USA",,,,,,,,,,3329
"615 BROADWAY
VALLEY SPRINGS, SD 57068 USA","PO BOX 189
VALLEY SPRINGS, SD 57068-0189 USA",KEN BODEWITZ,NS000697,,SOUTH DAKOTA,,04/13/1964,"CHARLES R. DOMAN POST NO. 131, VALLEY SPRINGS, SOUTH DAKOTA AMERICAN LEGION",04/01/2020,"615 Broadway
Valley Springs, SD 57068 USA",Good Standing,Perpetual,https://sosenterprise.sd.gov/BusinessServices/Business/FilingDetail.aspx?CN=194144159125078226237005244182237214221137238229,"PO BOX 189
VALLEY SPRINGS, SD 57068-0189 USA",,,,,,,,,,3329
"RT 1 BOX 70
ARMOUR, SD 57313-9727 USA","(RT 1 BOX 70)
ARMOUR, SD 57313-9727 USA",THOMAS E. KING,NS000710,,SOUTH DAKOTA,,05/25/1964,"MCGRATH-FERGUSON AMERICAN LEGION POST NO. 52, OF ARMOUR, SOUTH DAKOTA",05/01/1990,,Cancelled,Perpetual,https://sosenterprise.sd.gov/BusinessServices/Business/FilingDetail.aspx?CN=162106110082138105011095051186019078216239244142,,,,,,,,,,,3329
"14 1ST AVE SE
PO BOX 67
WATERTOWN, SD 57201 USA","14 1ST AVE SE
PO BOX 67
WATERTOWN, SD 57201 USA",President,NS000781,,SOUTH DAKOTA,,09/13/1939,THE AMERICAN LEGION DEPARTMENT OF SOUTH DAKOTA,09/01/2019,"14 1ST AVE SE PO Box 67
WATERTOWN, SD 57201 USA",Good Standing,Perpetual,https://sosenterprise.sd.gov/BusinessServices/Business/FilingDetail.aspx?CN=210008091030149051227029178245139103199214178012,"PO BOX 67
WATERTOWN, SD 57201-0067 USA",,,,,,,,,,3329
"401 CATLETT AVE E
ESTELLINE, SD 572340234 USA",SD,JENNIFER M BORTNEM-RISTY,NS000980,,SOUTH DAKOTA,,05/11/1966,"WAITE-WESTRUM-SKOVLUND POST NO. 200 OF THE AMERICAN LEGION, DEPARTMENT OF SOUTH DAKOTA",05/01/2020,"509 JAY ST
BRUCE, SD 57220 USA",Good Standing,Perpetual,https://sosenterprise.sd.gov/BusinessServices/Business/FilingDetail.aspx?CN=044068068087077022086224143151249165214220099045,"PO BOX 395
BRUCE, SD 57220 USA",,,,,,,,,,3329
"RR 1 BOX 95
ASHTON, SD 57424-9736 USA","RR 1, BOX 95
ASHTON, SD 57424-9736 USA",RALPH FEHLMAN,NS001050,,SOUTH DAKOTA,,01/30/1956,BUNCE-FROST POST NO. 221 THE AMERICAN LEGION,01/01/1996,,Cancelled,Perpetual,https://sosenterprise.sd.gov/BusinessServices/Business/FilingDetail.aspx?CN=208155211068098076239027206065254031172229152052,,,,,,,,,,,3329
"MAIN STREET
MC INTOSH, SD 57641 USA","PO BOX 261
MC INTOSH, SD 57641-0261 USA",GARY J. MERKEL,NS001107,,SOUTH DAKOTA,05/04/2018,01/24/1967,"THE AMERICAN LEGION, RALPH T. ANKERSON POST #139, INCORPORATED",01/01/2017,"MAIN STEET
MC INTOSH, SD 57641 USA",Dissolved (Administrative),Perpetual,https://sosenterprise.sd.gov/BusinessServices/Business/FilingDetail.aspx?CN=029113176153160114015154095224082107120013106091,"PO BOX 261
McIntosh, SD 57641 USA",,,,,,,,,,3329
"1701 W LEGION DRIVE
SIOUX FALLS, SD 57104 USA","1701 W LEGION DRIVE
SIOUX FALLS, SD 57104",Michael Driscoll,NS001112,,SOUTH DAKOTA,,12/07/1923,"SIOUX FALLS POST NO. 15, THE AMERICAN LEGION",12/01/2019,"1701 WEST LEGION DR
SIOUX FALLS, SD 57104-5724 USA",Good Standing,Perpetual,https://sosenterprise.sd.gov/BusinessServices/Business/FilingDetail.aspx?CN=169124247031021078070084212190041110134206101080,"1701 WEST LEGION DR
SIOUX FALLS, SD 57104-5724 USA",,,,,,,,,,3329
"21631 113TH ST
KELDRON, SD 57634-6001 USA",,DONALD TOMAC,NS001118,,SOUTH DAKOTA,,02/28/1967,"AMERICAN LEGION, SMITH-LYMAN POST NUMBER 279, INCORPORATED",02/01/2020,"21631 113TH ST
KELDRON, SD 57634-6001 USA",Good Standing,Perpetual,https://sosenterprise.sd.gov/BusinessServices/Business/FilingDetail.aspx?CN=160241222021164159083209196080103220022023137015,"AMERICAN LEGION, SMITH-LYMAN POST # 279 PO BOX 6
LEMMON, SD 57638 USA",,,,,,,,,,3329
"310 1ST AVE E
MCLAUGHLIN, SD 57642 USA","PO BOX 626
MC LAUGHLIN, SD 57642-0626 USA",MELVIN SCHANZENBACH,NS001140,,SOUTH DAKOTA,,03/22/1967,"THE AMERICAN LEGION, STANDING ROCK POST #121, INCORPORATED",03/01/2011,"310 1ST AVE E
MC LAUGHLIN, SD 57642 USA",Dissolved (Administrative),Perpetual,https://sosenterprise.sd.gov/BusinessServices/Business/FilingDetail.aspx?CN=088099016212098103162137240006066233004039250163,"PO BOX 696
MC LAUGHLIN, SD 57642-0696 USA",,,,,,,,,,3329
"24519 463 AVE
COLTON, SD 57018 USA",SD,MERLIN TEBBE,NS001166,,SOUTH DAKOTA,,05/12/1938,HENRY T. BERDAHL POST #206 AMERICAN LEGION,05/01/2020,"206 E 3 ST
COLTON, SD 57018 USA",Good Standing,Expires - 05/12/1998,https://sosenterprise.sd.gov/BusinessServices/Business/FilingDetail.aspx?CN=111092156070160234039152135050241224127154123186,"24519 463 AVE
COLTON, SD 57018 USA",,,,,,,,,,3329
"204 MINN AVE
PO BOX 167
ROCKHAM, SD 57470-7602 USA","204 MINN AVE
PO BOX 167
ROCKHAM, SD 57470-7602 USA",LARRY BECKER,NS001171,,SOUTH DAKOTA,,05/26/1967,"JOHN J. TOMSON AMERICAN LEGION POST #57, INC.",05/01/2009,,Cancelled,Perpetual,https://sosenterprise.sd.gov/BusinessServices/Business/FilingDetail.aspx?CN=192032017248228248072242152053176252022179174045,,,,,,,,,,,3329
"484 E 2ND
PARKER, SD 57053 USA","PO BOX 308
PARKER, SD 57053 USA",ANGELA CUKA,NS001198,,SOUTH DAKOTA,11/16/2018,07/16/1956,"THE GEORGE E. SPERBECK POST OF THE AMERICAN LEGION, DEPARTMENT OF SOUTH DAKOTA, POST #30, OF PARKER,",07/01/2018,"290 N CHESNUT AVE
PARKER, SD 57053 USA",Dissolved (Administrative),Perpetual,https://sosenterprise.sd.gov/BusinessServices/Business/FilingDetail.aspx?CN=198133194007016249232095033124002075178148144055,"290 N CHESNUT AVE
PARKER, SD 57053 USA",,,,,,,,,,3329
"RT 1 BOX 76AA
DOLAND, SD 57436 USA","RT 1 BOX 76AA
DOLAND, SD 57436 USA",ROGER A. FORTIN,NS001199,,SOUTH DAKOTA,,07/06/1950,"DOLAND POST #69, THE AMERICAN LEGION, DEPARTMENT OF SOUTH DAKOTA",07/01/1990,,Cancelled,Perpetual,https://sosenterprise.sd.gov/BusinessServices/Business/FilingDetail.aspx?CN=150177030253212132244093229144246014060038062118,,,,,,,,,,,3329
"523 S MAIN
VIVIAN, SD 57576 USA","PO BOX 103
VIVIAN, SD 57576-0103 USA",TERRY PATRICK,NS001200,,SOUTH DAKOTA,,06/19/1930,"WEBSTER-LARSON POST #157 AMERICAN LEGION OF SOUTH DAKOTA VIVIAN, SOUTH DAKOTA",06/01/2012,"523 S MAIN
VIVIAN, SD 57576 USA",Dissolved (Administrative),Perpetual,https://sosenterprise.sd.gov/BusinessServices/Business/FilingDetail.aspx?CN=241203156159205067200041143139181112142062178050,"PO BOX 103
VIVIAN, SD 57576-0103 USA",,,,,,,,,,3329
"808 MAIN ST
GREGORY, SD 57533-1009 USA",,DARRELL JONES,NS001203,,SOUTH DAKOTA,,06/09/1924,"HUTCHINSON POST #6 AMERICAN LEGION, GREGORY, SD",06/01/2020,"223 MAIN STREET
GREGORY, SD 57533-0121 USA",Good Standing,Perpetual,https://sosenterprise.sd.gov/BusinessServices/Business/FilingDetail.aspx?CN=182197069115220065230122223093181071030171128085,"223 MAIN STREET
GREGORY, SD 57533-0121 USA",,,,,,,,,,3329
"409 1/2 4TH AVE
WALL, SD 57790 USA","PO BOX 224
WALL, SD 57790 USA",VAN L SIMPFENDERFER,NS001205,,SOUTH DAKOTA,,05/11/1946,"CARROL MCDONALD POST NO. 246, AMERICAN LEGION",05/01/2020,"502 MAIN ST
WALL, SD 57790 USA",Good Standing,Perpetual,https://sosenterprise.sd.gov/BusinessServices/Business/FilingDetail.aspx?CN=168253249056016113179223241229254131228160076050,"PO BOX 224
WALL, SD 57790 USA",,,,,,,,,,3329
"241B MAIN ST
CANISTOTA, SD 57012-0233 USA","PO BOX 233
CANISTOTA, SD 57012-0233 USA",BRIAN L KRUSE,NS001206,,SOUTH DAKOTA,,10/18/1949,JENARDE POST NUMBER 162 OF THE AMERICAN LEGION,10/01/2019,"317 MAIN ST
CANISTOTA, SD 57012 USA",Good Standing,Perpetual,https://sosenterprise.sd.gov/BusinessServices/Business/FilingDetail.aspx?CN=179192227218071002170085224089248184023209009044,"PO BOX 124
CANISTOTA, SD 57012-0124 USA",,,,,,,,,,3329
"19870 359TH AVE
MILLER, SD 57362 USA",SD,DAVID LEE JOHNSON,NS001207,,SOUTH DAKOTA,05/04/2018,07/01/1949,HAND COUNTY POST NO. 38 OF THE AMERICAN LEGION OF MILLER,07/01/2016,"402 SOUTH BROADWAY
MILLER, SD 57362 USA",Dissolved (Administrative),Perpetual,https://sosenterprise.sd.gov/BusinessServices/Business/FilingDetail.aspx?CN=117219183093079194247155251011170069188092037167,"19810 359TH AVE
MILLER, SD 57362 USA",,,,,,,,,,3329
"20331 HIGHWAY 1804
PIERRE, SD 57501 USA",,BARRY MONFORE,DL000076,,SOUTH DAKOTA,,01/04/1994,SOUTH DAKOTA PHEASANT ACRES L.L.C.,01/01/2020,"20331 HIGHWAY 1804
PIERRE, SD 57501 USA",Good Standing,Perpetual,https://sosenterprise.sd.gov/BusinessServices/Business/FilingDetail.aspx?CN=047120244187062037121101211121019013203047199238,"20331 HIGHWAY 1804
PIERRE, SD 57501 USA",,Member-Managed,,,,,,,,3338
,,,UB957185,,,,09/17/2012,South Dakota Pheasant Acres,,"28146 382nd ave
armour, SD 57313 USA",Active,,https://sosenterprise.sd.gov/BusinessServices/Business/FictitiousDetail.aspx?CN=169048148194164173073235248199067012192239179146,"SC
USA",,,11/06/2019,,,"Legacy Ringneck Ventures, LLP",,"28146 382nd Ave
Armour, SD 57313
USA",,3338
