est_id,id,match,found_pic,Manual Result,DBA Name,,
0,,Not Validated,,,DISCOUNT TOBACCO OUTLET #110,,
1,1,Manually Verify Pic,1,Yes,FAST LANE,,
2,2,Active,,,TOBACCO N BEVERAGE OUTLET 3 Package Store,,
3,3,Active,,,DIAMOND FOOD MART / SHELL,,
4,4,Active,,,Poarch Creek Indians Smoke Shop/CREEK SMOKE SHOP,,
5,5,Active,,,THE CIGAR SHOPPE,,
6,6,Manually Verify Pic,1,Yes,WIND CREEK CASINO & HOTEL,,
7,7,Manually Verify Pic,1,yes,CHEVRON/Diamond Food Mart,,
8,8,Active,,,CREEK CASINO MONTGOMERY,,
9,9,Manually Verify Pic,1,yes,CCS Wetumpka/RIVERSIDE SMOKE SHOP,,
10,10,Manually Verify Pic,1,yes,WIND CREEK CASINO AND HOTEL,,
11,11,Active,,,Poarch Creek Indians Convenience/Creek Travel Plaza,,
12,12,Manually Verify Pic,1,yes,F & M CIGARS,,
13,13,Active,,,SPEAKEASY CIGARS & SPIRITS LLC,,
14,14,Manually Verify Pic,1,yes,TOBACCO ROAD LIMITED,,
15,15,Active,,,HANK'S TRADING POST,,
16,16,Manually Verify Pic,1,yes,DESERT VIEW TRADING POST,,
17,17,Active,,,WOODY'S,,
18,18,Active,,,TERRIBLES HERBST,,
19,,Not Validated,,,SMOKERS FRIENDLY #31,,
20,20,Active,,,LITTLE BROWN JUG,,
21,21,Closed,,,LAKE MANOR GROCERY,,
22,22,Active,,,CIRCLE K,,
23,23,Active,,,CIRCLE K,,
24,24,Manually Verify Pic,1,yes,CHEVRON/FOOD MART,,
25,25,Active,,,OWL EAR SMOKE SHOP,,
26,26,Manually Verify Pic,1,yes,BEST BUY MARKET,,
27,27,Active,,,ARCO AM/PM,,
28,28,Active,,,YAVAPAI SMOKE SHOP,,
29,29,Active,,,COCOPAH KORNER,,
30,30,Closed,,,APACHE KID SMOKE SHOP,,
31,31,Manually Verify Pic,1,yes,FORT MOJAVE SMOKE SHOP,,
32,32,Active,,,SHELL,,
33,33,Active,,,YAVAPAI INDIAN SMOKE SHOP,,
34,34,Manually Verify Pic,1,yes,JR'S CONVENIENCE STORE,,
35,,Not Validated,,,7 2 11 #27,,
36,,Not Validated,,,7211 #31 FT. DEFIANCE,,
37,37,Closed,,,7-ELEVEN,,
38,38,Active,,,7-ELEVEN,,
39,39,Active,,,7-ELEVEN,,
40,40,Manually Verify Pic,1,yes,7-ELEVEN,,
41,41,Active,,,AKIMEL FOOD TOBACCO,,
42,42,Manually Verify Pic,1,yes,APACHE GOLD CASINO CHEVRON,,
43,43,Active,,,BAJA GAS STATION,,
44,,Not Validated,,,BALDWIN MINI MARKET,,
45,45,Closed,,,BASHAS,,
46,,Not Validated,,,BASHA'S #17,,
47,,Not Validated,,,BASHA'S #33,,
48,,Not Validated,,,BASHA'S #35,,
49,,Not Validated,,,BASHA'S #39,,
50,,Not Validated,,,BASHA'S #42,,
51,,Not Validated,,,BASHA'S #98,,
52,52,Active,,,BASHAS SUPERMARKET,,
53,53,Manually Verify Pic,1,yes,BASHAS' SUPERMARKET,,
54,54,Manually Verify Pic,1,maybe,BASHAS' SUPERMARKET,,
55,55,Active,,,BLACK MESA SHOPPING CENTER,,
56,56,Manually Verify Pic,1,yes,BLUE WATER RESORT & CASINO,,
57,57,Active,,,BUCKY'S CASINO,,
58,58,Manually Verify Pic,1,no,BURNSIDE CHEVRON,,
59,59,Manually Verify Pic,1,yes,CAMERON CONOCO,,
60,60,Manually Verify Pic,1,yes,CANYON DAY CONVENIENT STORE,,
61,61,Active,,,CASINO ARIZONA,,
62,62,Manually Verify Pic,1,yes,CHAMBERS TRADING POST,,
63,63,Active,,,CHEVRON,,
64,64,Active,,,CHEVRON,,
65,65,Active,,,CHINLE CONOCO,,
66,66,Active,,,CIRCLE K,,
67,67,Active,,,CIRCLE K,,
68,68,Active,,,CLIFF CASTLE CASINO HOTEL,,
69,69,Manually Verify Pic,1,yes,COCOPAH GIFT SHOP,,
70,70,Manually Verify Pic,1,yes,CONOCO,,
71,71,Active,,,CONOCO,,
72,,Not Validated,,,CROSSROADS CONVENIENCE STORE #713,,
73,73,Active,,,DEL SOL MARKETPLACE,,
74,74,Manually Verify Pic,1,yes,DESERT DIAMOND CASINO - SAHUARITA,,
75,75,Active,,,DESERT DIAMOND CASINO - TUCSON,,
76,76,Manually Verify Pic,1,yes,DESERT DIAMOND CASINO - WHY,,
77,77,Active,,,DOLLAR GENERAL,,
78,,Not Validated,,,GIANT,,
79,,Not Validated,,,GIANT #2254,,
80,,Not Validated,,,GIANT #3106,,
81,,Not Validated,,,GIANT #3108 FT. DEFIANCE,,
82,,Not Validated,,,GIANT #7252,,
83,,Not Validated,,,GIANT #7253,,
84,,Not Validated,,,GIANT #7255,,
85,,Not Validated,,,GIANT #7267,,
86,,Not Validated,,,GIANT #7505,,
87,,Not Validated,,,GIANT #7506,,
88,,Not Validated,,,GIANT #7601,,
89,89,Active,,,76 / SERVICE CENTER / FOOD MART,,
90,90,Active,,,H MARKET,,
91,91,Active,,,HARRAH'S AK-CHIN,,
92,92,Active,,,HAVASUPAI TRADING POST & GENERAL STORE,,
93,93,Active,,,HON-DAH MINI MART,,
94,94,Active,,,HON-DAH RESORT & CASINO,,
95,95,Active,,,HOPI TRAVEL PLAZA,,
96,96,Active,,,HUALAPAI KWIK STOP,,
97,97,Active,,,HUBBELL TRADING POST,,
98,98,Active,,,INDIAN SMOKE SHOP,,
99,99,Active,,,INSCRIPTION HOUSE TRADING POST,,
100,100,Manually Verify Pic,1,yes,K.C. MINI MART,,
101,101,Manually Verify Pic,1,no,KAIBAB CONVENIENCE STORE AND GAS STATION,,
102,102,Active,,,KAIBETO MARKET,,
103,103,Active,,,KAYENTA FINA,,
104,104,Active,,,KEAMS CANYON SHOPPING,,
105,,Not Validated,,,KLAGETOH EXPRESS #512,,
106,106,Not Validated,0,,MAZATZAL CASINO,,
107,107,Active,,,MEXICAN WATER TRADING POST,,
108,108,Active,,,MOBIL MART,,
109,109,Active,,,MORA'S CONOCO & GROCERY STORE,,
110,110,Active,,,MT. TURNBALL APACHE MARKET,,
111,111,Active,,,NAVAJO TRAVEL CENTER,,
112,,Not Validated,,,NNOG #110/CHEVRON,,
113,,Not Validated,,,NNOG #160/BLUE GAP CHEVRON,,
114,114,Active,,,PAINTED DESERT TRADING COMPANY,,
115,115,Active,,,PARADISE CASINO,,
116,116,Active,,,PIC N RUN,,
117,117,Manually Verify Pic,1,yes,PIC N RUN,,
118,118,Manually Verify Pic,1,yes,QUECHAN CONVENIENCE STORE,,
119,119,Manually Verify Pic,1,yes,RED LAKE TRADING POST,,
120,,Not Validated,,,RED MESA EXPRESS #510,,
121,,Not Validated,,,RED MESA TRADING POST #501,,
122,122,Active,,,RED ROCK TRADING POST,,
123,123,Active,,,ROUGH ROCK TRADING POST,,
124,124,Not Validated,0,,ROUND ROCK TRADING POST,,
125,,Not Validated,,,SAWMILL EXPRESS #527,,
126,126,Manually Verify Pic,1,yes,SEVEN MILE FOOD STORE,,
127,127,Active,,,SHONTO TRADING POST,,
128,128,Manually Verify Pic,1,yes,SIMPSON'S MARKET,,
129,,Not Validated,,,SOC/TSAILE FINA #38,,
130,,Not Validated,,,SPEEDY'S,,
131,131,Active,,,SPEEDY'S,,
132,132,Manually Verify Pic,1,no,SPEEDY'S CONVENIENCE STORE,,
133,133,Active,,,SPIRIT MOUNTAIN CASINO AND SPIRIT MOUNTAIN RV RESORT,,
134,134,Active,,,STATELINE GENERAL STORE,,
135,,Not Validated,,,STEAMBOAT EXPRESS #502,,
136,136,Active,,,SUNRISE PARK RESORT GENERAL STORE,,
137,137,Active,,,SUPER K CHEVRON,,
138,138,Active,,,SUPER STOP,,
139,139,Manually Verify Pic,1,yes,TALKING STICK RESORT,,
140,140,Active,,,TEEC NOS POS TRADING POST,,
141,,Not Validated,,,THRIFTWAY #281,,
142,142,Active,,,TOBACCO BARN,,
143,,Not Validated,,,TOHONO VILLAGE TRADING POST,,
144,144,Active,,,TONTO APACHE MARKET & SMOKE SHOP,,
145,145,Not Validated,0,,TOTSHO TRADING POST,,
146,,Not Validated,,,TRUST SMOKE AND SKATE SHOP,,
147,147,Active,,,TUUVI TRAVEL CENTER,,
148,148,Active,,,TWIN ARROWS NAVAJO CASINO RESORT,,
149,149,Manually Verify Pic,1,yes,ULTRA MULTI-TAINMENT CENTER AT AK-CHIN CIRCLE,,
150,150,Active,,,USA GAS,,
151,151,Active,,,VEKOL MARKET CAFE AND DELI,,
152,152,Active,,,WILD RIVER ENTERTAINMANT CENTER,,
153,153,Active,,,WILLOW VALLEY LIQUOR STORE,,
154,154,Closed,,,MTO SMOKE SHOP,,
155,155,Active,,,FORT MCDOWELL YAVAPAI NATION LIFT STATION,,
156,156,Active,,,GRUMPY GRINGO FINE CIGARS,,
157,157,Manually Verify Pic,1,yes,ON AUK MOR TRADE CENTERS,,
158,158,Manually Verify Pic,1,yes,ON AUK MOR TRADE CENTERS,,
159,159,Manually Verify Pic,1,yes,PRESCOTT WINNELSON,,
160,160,Manually Verify Pic,1,yes,76/Ernies Smoke Shop ,,
161,161,Manually Verify Pic,1,yes,SOUTHWEST CIGARS,,
162,,Not Validated,,,THE CONNECTION V KIND,,
163,163,Active,,,TOBACCO BARN,,
164,164,Active,,,YAVAPAI APACHE NATION,,
165,165,Manually Verify Pic,1,yes,YAVAPAI LABORISTS LLC,,
166,,Not Validated,,,YAVAPAI SPEECH TECHNOLOGIES,,
167,,Not Validated,,,YAVAPAI TERRITORIAL GOSPEL RESCUE MISSION,,
168,168,Not Validated,0,,GOLDEN ACORN CASINO,,
169,169,Active,,,SYCUAN RESORT,,
170,170,Active,,,SYCUAN CASINO,,
171,171,Active,,,BARONA STATION,,
172,172,Manually Verify Pic,1,yes,PALA STORE,,
173,173,Manually Verify Pic,1,yes,PALA CASINO,,
174,174,Active,,,CASINO PAUMA,,
175,175,Manually Verify Pic,1,yes,EAST VALLEY GOLF COURSE,,
176,176,Active,,,MORONGO TRAVEL CENTER,,
177,177,Active,,,MORONGO CASINO RESORT SPA,,
178,178,Manually Verify Pic,1,yes,VALLEY SMOKE DEPOT,,
179,,Not Validated,,,VALERO CORNER STORE #3667,,
180,180,Active,,,SPA RESORT CASINO,,
181,181,Active,,,RED HAWK TOBACCO SHOP,,
182,182,Manually Verify Pic,1,yes,PALM CANYON LIQUOR,,
183,183,Active,,,CLUB LIQUOR,,
184,184,Active,,,JENSENS FINEST FOODS,,
185,185,Active,,,NATIVE MADE TOBACCO,,
186,186,Manually Verify Pic,1,yes,AGUA CALIENTE CASINO,,
187,187,Active,,,LA CHICANITA,,
188,188,Active,,,PIPA MARKET,,
189,189,Closed,,,HUB LIQUOR,,
190,190,Not Validated,0,,HAVASU LANDING RESORT AND CASINO,,
191,191,Active,,,THE COUNTRY CLUB AT SOBOBA SPRINGS,,
192,192,Active,,,PECHANGA RESORT & CASINO,,
193,193,Active,,,CHUMASH CASINO RESORT & ENTERPRISE,,
194,194,Active,,,BISHOP PAIUTE GAS STATION,,
195,195,Manually Verify Pic,1,yes,FORT INDEPENDENCE TRAVEL PLAZA,,
196,196,Active,,,CHUKCHANSI GOLD RESORT & CASINO,,
197,197,Active,,,TABLE MOUNTAIN CASINO,,
198,198,Active,,,HI-WAY GROCERY,,
199,199,Active,,,Fast and Easy Mart,,
200,200,Manually Verify Pic,1,yes,CENTRAL AVE SMOKE SHOP,,
201,201,Manually Verify Pic,1,yes,BLUE LAKE CASINO,,
202,202,Active,,,CRESCENT CITY CHEVRON,,
203,203,Manually Verify Pic,1,yes,CACHE CREEK CASINO GIFT SHOP AND MINI MART,,
204,204,Not Validated,0,,YOCHA DE HE GOLF CLUB,,
205,205,Manually Verify Pic,1,yes,IONE TRADING POST,,
206,206,Active,,,IONE PLAZA MARKET,,
207,207,Active,,,JACKSON RANCHERIA CASINO & HOTEL,,
208,208,Active,,,RED HAWK CASINO,,
209,209,Active,,,COLUSA CASINO & BINGO,,
210,210,Active,,,FEATHER FALLS MINI MART,,
211,211,Manually Verify Pic,1,yes,FEATHER FALLS CASINO,,
212,212,Active,,,WIN RIVER MINI MART,,
213,213,Manually Verify Pic,1,yes,DIAMOND MOUNTAIN CASINO,,
214,214,Active,,,ALEXANDER VALLEY R.V. PARK & CAMPGROUND,,
215,215,Manually Verify Pic,1,yes,CHUMASH SERVICE STATION,,
216,,Not Validated,,,EAGLE FEATHER TRADING POST #2,,
217,217,Manually Verify Pic,1,yes,HIDDEN VALLEY CONVENIENCE STORE,,
218,218,Manually Verify Pic,1,yes,REDDING RANCHERIA WIN-RIVER CASINO,,
219,219,Active,,,RUNNING CREEK CASINO / KAH DEMA GUH,,
220,220,Active,,,WILLOW GLEN SMOKE SHOP,,
221,,Not Validated,,,COYOTE VALLEY,,
222,222,Manually Verify Pic,1,yes,RANCH GENERAL STORE,,
223,223,Active,,,OHOSHA TOBACCO SHOP AT RIVER ROCK CASINO,,
224,224,Active,,,CHEVRON,,
225,225,Active,,,ELK VALLEY CASINO,,
226,226,Active,,,GRATON RESORT AND CASINO,,
227,227,Closed,,,FORT BIDWELL STORE,,
228,228,Active,,,NELLZ TOWNE PUMP,,
229,229,Active,,,RUNNING CREEK CASINO,,
230,230,Active,,,WOODY'S GAS / MINI MART,,
231,231,Active,,,CHEVRON,,
232,232,Active,,,CLEAN ENERGY,,
233,233,Manually Verify Pic,1,yes,CLUB LIQUORS,,
234,234,Manually Verify Pic,1,yes,DESERT WINES SPIRITS AND GIFTS,,
235,235,Manually Verify Pic,1,yes,FRESH AND EASY,,
236,,Not Validated,,,INDIAN CANYONS GOLF RESORT - NORTH,,
237,,Not Validated,,,INDIANS CANYONS GOLF RESORT - SOUTH,,
238,238,Active,,,MEDICINE SHOPPE,,
239,239,Active,,,PACIFIC PHARMACY SERVICE,,
240,240,Active,,,76 GAS STATION,,
241,241,Active,,,PMDL AND COMPANY  INC.,,
242,242,Active,,,RALPH'S PHARMACY,,
243,243,Active,,,RED HAWK TOBACCO SHOP,,
244,244,Manually Verify Pic,1,maybe ,SAVON PHARMACY,,this appears to be the inside of a gym 
245,245,Manually Verify Pic,1,yes,SHELL,,
246,246,Manually Verify Pic,1,yes,FIESTA MARKET AND LIQUOR,,
247,247,Active,,,SPA RESORT CASINO,,
248,248,Active,,,STATER BROS,,
249,249,Active,,,STATER BROS. PHARMACY,,
250,250,Manually Verify Pic,1,yes,CIGARETTES/TOBACCO DISCOUNT,,
251,251,Active,,,DESERT ROSE CASINO,,
252,252,Active,,,AUGUSTINE CASINO,,
253,253,Manually Verify Pic,1,yes,BEAR RIVER CASINO,,
254,254,Active,,,BEAR RIVER PUMP & PLAY,,
255,255,Manually Verify Pic,1,yes,BEAR RIVER TOBACCO TRADERS AND COFFEE CO.,,
256,256,Not Validated,0,,GOLD COUNTRY CASINO,,
257,257,Active,,,MONO WIND CASINO,,
258,258,Manually Verify Pic,1,yes,KONOCTI VISTA CASINO RESORT,,
259,259,Manually Verify Pic,1,yes,BLUE LAKE CASINO,,
260,260,Active,,,THE PLAY STATION 777,,
261,261,Active,,,FANTASY SPRINGS RESORT CASINO,,
262,262,Active,,,CHEVRON GAS STATION,,
263,263,Active,,,GEIGERS LONG VALLEY MARKET,,
264,264,Active,,,RED FOX CASINO,,
265,265,Active,,,CAHUILLA CREEK CASINO,,
266,266,Active,,,CAHUILLA SMOKE SHOP,,
267,267,Closed,,,ROAD RUNNER TRADING POST,,
268,268,Not Validated,0,,GOLDEN ACORN CASINO,,
269,269,Not Validated,0,,GOLDEN ACORN TRAVEL PLAZA,,
270,270,Active,,,BARONA STATION,,
271,271,Active,,,BARONA VALLEY RANCH RESORT & CASINO,,
272,272,Manually Verify Pic,1,yes,MAR-TAR-AWA RV PARK CONVENIENCE STORE,,
273,273,Active,,,VIEJAS CASINO & RESORT,,
274,274,Manually Verify Pic,1,yes,RABBIT TRAXX,,
275,275,Active,,,CENTRAL AVENUE SMOKE SHOP,,
276,276,Manually Verify Pic,1,yes,CHER-AE HEIGHTS CASINO,,
277,277,Active,,,CHICKEN RANCH CASINO,,
278,278,Closed,,,HUB LIQUOR,,
279,279,Active,,,PIPA MARKET,,
280,280,Active,,,QUECHAN CASINO RESORT,,
281,281,Manually Verify Pic,1,yes,REDDING RANCHERIA WIN-RIVER CASINO,,
282,282,Active,,,R POMO PUMPS,,
283,283,Active,,,ROBINSON RANCHERIA BINGO & CASINO,,
284,284,Active,,,HIDDEN OAKS CASINO,,
285,285,Manually Verify Pic,1,yes,HIDDEN OAKS CONVENIENCE STORE,,
286,286,Active,,,SAN MANUEL INDIAN BINGO & CASINO,,
287,287,Active,,,VALLEY VIEW CASINO & HOTEL,,
288,288,Active,,,TACHI PALACE HOTEL & CASINO,,
289,289,Manually Verify Pic,1,yes,CHUMASH CA GAS STATION,,
290,290,Active,,,CHUMASH CASINO RESORT AND ENTERPRISE,,
291,291,Manually Verify Pic,1,yes,ROUNDUP GRILL AND MARKET,,
292,292,Active,,,CREEKSIDE CAFE / SHERWOOD VALLEY RANCHERIA CASINO,,
293,293,Manually Verify Pic,1,yes,LUCKY 7 CASINO AND HOTEL,,
294,294,Active,,,LUCKY 7 FUEL MART,,
295,295,Active,,,SOBOBA CASINO,,
296,296,Active,,,THE COUNTRY CLUB AT SOBOBA SPRINGS,,
297,297,Manually Verify Pic,1,yes,DIAMOND MOUNTAIN CASINO,,
298,298,Active,,,DIAMOND MOUNTAIN MINI MART,,
299,299,Active,,,DIAMOND MOUNTAIN SMOKE SHOP,,
300,300,Active,,,SYCUAN CASINO,,
301,301,Active,,,SYCUAN RESORT GOLF SHOP,,
302,302,Manually Verify Pic,1,yes,UP SMOKE SHOP,,
303,303,Active,,,TABLE MOUNTAIN CASINO,,
304,304,Active,,,HOOPA MINI-MART GAS STATION,,
305,305,Active,,,LUCKY BEAR CASINO,,
306,306,Closed,,,PEARSON'S GROCERY,,
307,307,Closed,,,THUNDERBIRD INTERTRIBAL,,
308,308,Active,,,EAGLE'S NEST MARKET,,
309,309,Active,,,CHEVRON,,
310,,Not Validated,,,SMOKE IN A BOTTLE WIN BAR & CIGAR SHOP,,
311,311,Not Validated,0,,GENERAL STORE AND GAS STATION,,
312,312,Active,,,JACKSON RANCHERIA RV PARK,,
313,313,Active,,,BIGFOOT SHOP SMART,,
314,314,Active,,,CONNOR CARDLOCK,,
315,315,Manually Verify Pic,1,yes,PERRY'S MARKET,,
316,316,Active,,,LA JOLLA TRADING POST,,
317,317,Active,,,SAN PABLO LYTTON CASINO,,
318,318,Active,,,GARCIA RIVER CASINO,,
319,319,Manually Verify Pic,1,yes,TWIN PINE CASINO AND HOTEL,,
320,320,Manually Verify Pic,1,yes,FEATHER FALLS CASINO,,
321,321,Active,,,FEATHER FALLS MINI MART,,
322,322,Active,,,FEATHER FALLS SMOKE SHOP,,
323,323,Active,,,CASINO MORONGO,,
324,324,Active,,,MORONGO GOLF CLUB,,
325,325,Active,,,MORONGO TRAVEL CENTER,,
326,326,Active,,,BISHOP PAIUTE GAS STATION,,
327,327,Active,,,PAIUTE PALACE,,
328,328,Manually Verify Pic,1,yes,PALA CASINO,,
329,329,Active,,,PALA MINI MART,,
330,330,Manually Verify Pic,1,yes,I-5 TRAVEL CENTER,,
331,331,Manually Verify Pic,1,yes,ROLLING HILLS CASINO,,
332,332,Active,,,CASINO PAUMA,,
333,333,Active,,,PECHANGA GAS STATION MINI MART,,
334,334,Active,,,CHUKCHANSI GOLD RESORT & CASINO,,
335,335,Active,,,PIT RIVER CASINO,,
336,336,Active,,,PIT RIVER MINI MART,,
337,337,Active,,,RED EARTH CASINO,,
338,338,Active,,,TORRES MARTINEZ TRAVEL CENTER,,
339,339,Active,,,EAGLE FEATHER TRADING POST,,
340,,Not Validated,,,EAGLE FEATHER TRADING POST #2,,
341,341,Active,,,EAGLE MOUNTAIN CASINO,,
342,342,Manually Verify Pic,1,yes,BLACK OAK CASINO,,
343,343,Active,,,SPOTLIGHT 29 CASINO,,
344,344,Active,,,TORTOISE ROCK CASINO,,
345,345,Manually Verify Pic,1,yes,THUNDER VALLEY CASINO,,
346,346,Active,,,WHITNEY OAKS GOLF CLUB,,
347,347,Active,,,WASHOE TRIBAL SMOKE SHOP - CARSON CITY,,
348,348,Closed,,,HUBER ENTERPRISE SMOKE SHOP,,
349,349,Active,,,CACHE CREEK CASINO GIFT SHOP AND MINI MART,,
350,350,Manually Verify Pic,1,yes,PEM-MEY FUEL MART/YUROK TRAVEL CENTER,,
351,351,Not Validated,0,,HAVASU LANDING MARINA,,
352,352,Not Validated,0,,HAVASU LANDING SMOKE SHOP AND MINI BAR,,
353,353,Manually Verify Pic,1,yes,ALTERNATIVE ACCESSORIES,,
354,354,Closed,,,BILLS WILD OFF BEACH,,
355,,Not Validated,,,CIGARETTE PALACE L.P.,,
356,356,Manually Verify Pic,1,yes,CIGARETTES & MORE 4 LESS,,
357,357,Active,,,HIGHLAND SMOKE SHOP,,
358,,Not Validated,,,HOPLAND ECONOMIC DEVELOPMENT CORPORATION,,
359,,Not Validated,,,HOT KISS HOOKAH,,
360,,Not Validated,,,INTERNATIONAL TOBACCO TRADING,,
361,361,Manually Verify Pic,1,yes,Snack N Go Mart,,
362,362,Active,,,Premium Cigarettes & Cigars,,
363,363,Active,,,SMOKE EMPIRE,,
364,364,Active,,,THE SPOT,,
365,365,Active,,,THE TINDER BOX,,
366,,Not Validated,,,TOBACCO EDUCATION CESSATION PROGRAM,,
367,367,Manually Verify Pic,1,yes,USACIG INC.,,
368,368,Active,,,BOB'S ONE STOP SHOP,,
369,369,Active,,,REDWOOD HOTEL CASINO,,
370,370,Active,,,LAKEVIEW COUNTRY STORE,,
371,371,Active,,,PIEDRA STORE,,
372,372,Closed,,,TBR SERVICE,,
373,373,Active,,,PINON LIQUORS,,
374,374,Manually Verify Pic,1,yes,MAIN LIQUOR,,
375,,Not Validated,,,SEVEN 2 ELEVEN FOOD STORE #41,,
376,376,Active,,,FARMERS FRESH MARKET & DELI,,
377,377,Active,,,WELLS LIQUOR S,,
378,378,Active,,,WOODY'S FOOD STORE NO 135,,
379,379,Active,,,LONE WOLF BAR & GRILL,,
380,,Not Validated,,,BONDAD HILL SALOON,,
381,381,Manually Verify Pic,1,yes,GUISEPPE'S RESTAURANT,,
382,382,Active,,,PATIO RESTAURANT THE,,
383,383,Manually Verify Pic,1,yes,SIDE KICK LOUNGE,,
384,384,Manually Verify Pic,1,yes,T P LOUNGE,,
385,385,Active,,,PINON LIQUORS,,
386,386,Active,,,SKY UTE CASINO RESORT,,
387,387,Active,,,SKY UTE THRIFTWAY,,
388,388,Active,,,UTE MOUNTAIN CASINO HOTEL RESORT,,
389,389,Active,,,AUTUMN ESSENTIALS,,
390,390,Active,,,TRADING COVE,,
391,391,Active,,,CLAY PIPE,,
392,392,Active,,,MOBIL,,
393,393,Active,,,MGM GRAND AT FOXWOODS GRAND EFFECTS,,
394,394,Active,,,MOHEGAN SUN CASINO,,
395,,Not Validated,,,MPGE BASIX,,
396,,Not Validated,,,MPGE ESSENTIALS,,
397,,Not Validated,,,MPGE OUTPOST,,
398,,Not Validated,,,MPGE PEQUOT TRADER,,
399,,Not Validated,,,MPGE WINNERS,,
400,400,Manually Verify Pic,1,yes,RIVER VIEW ESSENTIALS,,
401,401,Active,,,EVERYTHING UNDER THE SUN,,
402,402,Active,,,SUMMER ESSENTIALS,,
403,403,Active,,,WALGREENS,,
404,404,Manually Verify Pic,1,yes,PEQUOT OUTPOST,,
405,405,Active,,,PEQUOT OUTPOST AND MOBIL,,
406,406,Active,,,AUTUMN ESSENTIALS,,
407,407,Active,,,BREWSTER'S TRADING POST,,
408,408,Manually Verify Pic,1,yes,CHECKERED FLAG DISCOUNT LIQUOR,,
409,409,Active,,,CLAY PIPE,,
410,410,Active,,,MOHEGAN SUN MOBIL GAS STATION AND CONVENIENCE STORE,,
411,411,Manually Verify Pic,1,yes,RIVER VIEW ESSENTIALS,,
412,412,Manually Verify Pic,1,yes,SKY ESSENTIALS,,
413,413,Active,,,SUMMER ESSENTIALS,,
414,414,Active,,,SUNRISE ESSENTIALS,,
415,415,Active,,,UNCASVILLE SHELL,,
416,416,Manually Verify Pic,1,yes,VISTA LOUNGE,,
417,417,Active,,,Pequot Outpost,,
418,418,Active,,,SEMINOLE CIGAR LANDING,,
419,419,Closed,,,FRANKIES LLC,,
420,420,Active,,,MICCOSUKEE TOBACCO,,
421,421,Manually Verify Pic,1,yes,DUSTY'S RESERVATION LINE,,
422,422,Active,,,MICCOSUKEE TRIBE OF INDIANS OF FLORIDA,,
423,423,Not Validated,0,,SEMINOLE CASINO BRIGHTON,,
424,424,Not Validated,0,,COCONUT BRIGHTON CASINO,,
425,425,Manually Verify Pic,1,yes,COCONUT CREEK CASINO,,
426,426,Manually Verify Pic,1,yes,HOLLYWOOD SMOKE SHOP,,
427,427,Active,,,IMMOKALEE TRADING POST,,
428,428,Manually Verify Pic,1,yes,SEMINOLE CIGAR LANDING CC,,
429,429,Manually Verify Pic,1,yes,3 ASH CIGARS INC,,
430,430,Manually Verify Pic,1,yes,CIGAR STORE,,
431,,Not Validated,,,FORT PITT CORPORATION,,
432,,Not Validated,,,JAMES VILLE,,
433,433,Active,,,LUCKY CIGAR INC.,,
434,,Not Validated,,,SELVA MAYA CIGARS CORP,,
435,435,Manually Verify Pic,1,yes,SEMINOLE CIGAR COMPANY,,
436,436,Active,,,SEMINOLE TRIBE OF FLORIDA INC,,
437,437,Manually Verify Pic,1,yes,SESSIONS SMOKE INC.,,
438,,Not Validated,,,SOUNDTOOTH INC.,,
439,439,Active,,,THE SEMINOLE TRIBE OF FLORIDA INC,,
440,440,Not Validated,0,,THE SEMINOLE TRIBES OF FLORIDA INC,,
441,441,Active,,,THE SEMINOLE TRIBES OF FLORIDA INC,,
442,,Not Validated,,,THE TOBACCO MARKET,,
443,443,Closed,,,TOBACCO PLACE LLC,,
444,444,Active,,,MESKWAKI TRADING POST,,
445,445,Not Validated,0,,HERITAGE EXPRESS,,
446,446,Manually Verify Pic,1,yes,CASINOMAHA,,
447,447,Active,,,MESKWAKI BINGO CASINO,,
448,448,Manually Verify Pic,1,maybe,MESKWAKI TRADING POST,,
449,449,Active,,,SAC & FOX TRIBAL PHARMACY,,
450,450,Active,,,BLACKBIRD BEND CASINO,,
451,451,Active,,,PONCA SMOKE SIGNALS - CARTER LAKE,,
452,452,Active,,,PONY EXPRESS SLOAN,,
453,453,Active,,,WINNAVEGAS CASINO RESORT,,
454,454,Active,,,PEDCO,,
455,455,Manually Verify Pic,1,yes,DEANOS,,
456,456,Manually Verify Pic,1,yes,GLENWOOD IGA,,
457,457,Active,,,THE MARINA AT BLACK ROCK  LLC,,
458,458,Active,,,PLUMMER QUICK STOP,,
459,459,Manually Verify Pic,1,yes,CABIN CITY,,
460,460,Active,,,CONKLING MARINA & RESORT - ON RESERVATION,,
461,461,Active,,,CAROL'S SHOT GLASS BAR  LLC,,
462,,Not Validated,,,KOOSKIA MART - ON NEZ PERCE TRIBE RESERVATION,,
463,463,Active,,,BENEWAH FAMILY FOODS,,
464,464,Manually Verify Pic,1,yes,CHEAP SMOKES,,
465,465,Manually Verify Pic,1,no,CONOCO,,
466,466,Active,,,COEUR D'ALENE CASINO & RESORT,,
467,467,Manually Verify Pic,1,yes,CONKLIN MARINA & RESORT,,
468,468,Active,,,FIGHTIN' CREEK MARKET,,
469,469,Active,,,PLUMMER QUICK STOP,,
470,470,Active,,,SMOKE SHOP,,
471,471,Closed,,,SPICE OF LIFE,,
472,472,Active,,,STUBBY LAKE INC. SMOKESHOP,,
473,473,Closed,,,TENSED SERVICE STATION,,
474,474,Active,,,WARPATH SMOKE SHOP AND TRADING POST,,
475,475,Active,,,KOOTENAI RIVER INN  CASINO  AND SPA,,
476,476,Active,,,TWIN RIVERS CANYON RESORT,,
477,477,Active,,,ARNZEN'S KAMIAH DRUG,,
478,478,Active,,,BARNEY'S HARVEST FOODS,,
479,479,Manually Verify Pic,1,yes,CLEARWATER RIVER CASINO,,
480,480,Not Validated,0,,CLONINGER'S HARVEST FOODS,,
481,481,Active,,,CONOCO THE STATION,,
482,482,Active,,,DALE & JILL'S SPORTING,,
483,483,Manually Verify Pic,1,yes,EXXON,,
484,484,Active,,,FRONTIER FOODS,,
485,485,Active,,,GATEWAY,,
486,486,Manually Verify Pic,1,yes,GLENWOOD IGA FOODLINER,,
487,487,Active,,,ITSE YE YE CASINO,,
488,488,Active,,,KOOSKIA MART,,
489,489,Active,,,NEZ PERCE EXPRESS STORE,,
490,490,Manually Verify Pic,1,yes,OROFINO REAL FOOD COUNTRY STORE,,
491,491,Active,,,OROFINO SMOKE SHOP,,
492,492,Active,,,PITSTOP,,
493,493,Active,,,PURPLE FEATHER SMOKE SHOP,,
494,494,Active,,,SUNSET MART,,
495,495,Active,,,VALLEY FAMILY FOODS,,
496,496,Active,,,VALLEY GAS,,
497,497,Manually Verify Pic,1,yes,WEBB STORE,,
498,498,Active,,,NORTHWEST DUTY FREE STORES,,
499,499,Active,,,NORTHWEST DUTY FREE STORES,,
500,500,Active,,,OROFINO SMOKE SHOP,,
501,501,Active,,,POWERS CANDY CO. INC.,,
502,502,Active,,,SHAVER INDUSTRIAL INC.,,
503,503,Manually Verify Pic,1,yes,BestAve Vapor,,
504,504,Manually Verify Pic,1,yes,SMOKERS EXPRESS LLC,,
505,505,Active,,,THE SMOKE SHOP INC,,
506,506,Manually Verify Pic,1,yes,THUNDERBIRD,,
507,507,Active,,,Big Smoke ,,
508,508,Active,,,SAC & FOX CASINO,,
509,509,Active,,,SAC & FOX TRAD'N POST,,
510,510,Active,,,SAC & FOX TRUCK STOP,,
511,511,Active,,,CASINO WHITE CLOUD,,
512,512,Active,,,GRANDVIEW OIL,,
513,513,Active,,,GOLDEN EAGLE CASINO,,
514,514,Active,,,KICKAPOO TRIBE TRADING POST,,
515,515,Active,,,PBP NATION STATION,,
516,516,Manually Verify Pic,1,yes,PRAIRIE BAND CASINO AND RESORT,,
517,517,Active,,,PRAIRIE BAND ONE STOP,,
518,518,Active,,,CHITIMACHA TRADING POST,,
519,519,Manually Verify Pic,1,yes,FEATHER FUEL AT COUSHATTA,,
520,520,Active,,,RAINTREE MARKET INC,,
521,521,Active,,,PARAGON CASINO RESORT GIFT SHOP,,
522,522,Active,,,JENA CHOCTAW PINES CASINO,,
523,523,Active,,,COUSHATTA CASINO RESORT,,
524,524,Active,,,CHITIMACHA TRADING POST,,
525,525,Active,,,CYPRESS BAYOU CASINO & HOTEL,,
526,526,Active,,,JENA CHOCTAW PINES CASINO,,
527,527,Manually Verify Pic,1,yes,TUNICA-BILOXI EAGLE FUELS,,
528,528,Active,,,BAY MART / SUNOCO,,
529,529,Manually Verify Pic,1,yes,MIDJIM,,
530,530,Manually Verify Pic,1,yes,MIDJIM,,
531,531,Manually Verify Pic,1,yes,EAGLE TOWN MARKET,,
532,532,Active,,,GRAND TRAVERSE RESORT AND SPA,,
533,533,Active,,,THE LEELANAU SANDS CASINO,,
534,534,Active,,,TURTLE CREEK CASINO,,
535,535,Active,,,ISLAND OASIS CONVENIENCE STORE,,
536,536,Manually Verify Pic,1,yes,ADVANCED OFFICE TECHNOLOGIES,,
537,537,Manually Verify Pic,1,yes,BAY MILLS RESORT & CASINO,,
538,538,Active,,,KINGS CLUB CASINO,,
539,539,Active,,,CARDINAL PHARMACY,,
540,540,Active,,,EAGLE BAY MARINA,,
541,541,Closed,,,ISABELLA SAGAMOK SHELL,,
542,542,Active,,,SAGANING EAGLES LANDING CASINO,,
543,543,Closed,,,SAGANING SAGAMOK SHELL,,
544,544,Not Validated,0,,SOARING EAGLE CASINO AND RESORT,,
545,545,Active,,,SOARING EAGLE HIDEAWAY RV PARK,,
546,546,Active,,,SOARING EAGLE WATERPARK AND HOTEL,,
547,547,Not Validated,0,,KEWADIN CASINO - CHRISTMAS       ,,
548,548,Active,,,KEWADIN CASINO - HESSEL       ,,
549,549,Active,,,KEWADIN CASINO - MANISTIQUE       ,,
550,550,Manually Verify Pic,1,yes,KEWADIN CASINO - SAULT STE. MARIE       ,,
551,551,Not Validated,0,,KEWADIN CASINO - ST. IGNACE,,
552,552,Manually Verify Pic,1,yes,MID JIM CONVENIENCE STORE,,
553,553,Not Validated,0,,ISLAND RESORT CASINO,,
554,554,Active,,,OJIBWA CASINO-BARAGA,,
555,555,Manually Verify Pic,1,yes,OJIBWA CASINO-MARQUETTE,,
556,556,Active,,,PINES CONVENIENCE CENTER AND SMOKE SHOP,,
557,557,Active,,,LAC VIEUX DESERT BP MART,,
558,558,Active,,,LAC VIEUX DESERT GOLF COURSE,,
559,559,Not Validated,0,,LAC VIEUX DESERT RESORT CASINO,,
560,560,Active,,,LITTLE RIVER CASINO RESORT,,
561,561,Manually Verify Pic,1,yes,LITTLE RIVER TRADING POST,,
562,562,Active,,,MILLER'S NORTHWOOD MARKET,,
563,563,Manually Verify Pic,1,yes,LTBB BIIDINGEN,,
564,564,Active,,,ODAWA CASINO RESORT,,
565,565,Active,,,GUN LAKE CASINO,,
566,566,Active,,,BOK HOMA CASINO,,
567,567,Active,,,EXXON,,
568,568,Active,,,PEARL RIVER RESORT,,
569,569,Manually Verify Pic,1,yes,SILVER STAR CASINO,,
570,,Not Validated,,,BKEDE O MSHIKE,,
571,571,Active,,,FIREKEEPERS CASINO,,
572,572,Not Validated,0,,BENT TREE MARKET,,
573,573,Active,,,FOUR WINDS CASINO RESORT - DOWAGIAC,,
574,574,Active,,,FOUR WINDS CASINO RESORT - HARTFORD,,
575,575,Manually Verify Pic,1,yes,FOUR WINDS CASINO RESORT - NEW BUFFALO,,
576,576,Active,,,BLUE IN THE FACE INC,,
577,577,Manually Verify Pic,1,yes,FREE ROLL TOBACCO,,
578,578,Active,,,J MURRAY & COMPANY,,
579,579,Active,,,THE CORONA SMOKE SHOP L L C,,
580,580,Manually Verify Pic,1,maybe,TOBY EIMERMAN INC,,
581,,Not Validated,,,WACKO''S TOBACCO,,
582,582,Manually Verify Pic,1,yes,BEJOU CENEX,,
583,583,Active,,,LEAN TO TAVERN,,
584,584,Manually Verify Pic,1,yes,STUMPS,,
585,585,Active,,,WINNIBIGOSHISH HISTORICAL CENTER,,
586,586,Closed,,,BROOK SALOON,,
587,587,Active,,,COUNTRY CORNER,,
588,588,Active,,,PALACE JUNCTION C-STORE,,
589,589,Active,,,BIG LAKE GOLF CLUB,,
590,590,Active,,,SAWYER STORE,,
591,591,Manually Verify Pic,1,yes,HARWOODS,,
592,592,Active,,,WINNIE ONE STOP,,
593,,Not Validated,,,SHARPYS SALOON INC.,,
594,594,Active,,,RYDENS,,
595,595,Active,,,RYDENS GAS,,
596,596,Active,,,ISLE MUNICIPAL LIQUOR STORE,,
597,597,Active,,,RUFFED GROUSE ROADHOUSE,,
598,598,Manually Verify Pic,1,yes,LUCKY 7 LIQUORS,,
599,599,Manually Verify Pic,1,yes,CENEX,,
600,600,Active,,,RED APPLE CAFE,,
601,601,Active,,,ROY LAKE STORE,,
602,602,Active,,,SHOOTING STAR CASINO GIFT SHOP,,
603,603,Active,,,EAST LAKE CONVENIENCE STORE/MARATHON,,
604,604,Active,,,DACOTAH RIDGE GOLF CLUB,,
605,605,Active,,,BROKEN ARROW RESORT,,
606,606,Active,,,VILLAGE STORE,,
607,607,Active,,,PINEHURST RESORT AND CAMPGROUND,,
608,608,Active,,,STRAWBERRY LAKE STORE,,
609,609,Closed,,,TRAILSIDE WINE & SPIRITS,,
610,610,Active,,,SCENIC STORE,,
611,611,Active,,,TAMARAC RESORT & CAMPGROUND,,
612,612,Active,,,CHARLIE'S ON PRIOR,,
613,613,Active,,,CROOKS CIGARETTES PREMIUM CIGARS,,
614,614,Manually Verify Pic,1,yes,DAKOTA LIQUORS,,
615,615,Manually Verify Pic,1,maybe,DOHERTYS,,
616,616,Manually Verify Pic,1,yes,HOLIDAY,,
617,,Not Validated,,,HOLIDAY STATIONSTORE # 391,,
618,618,Not Validated,0,,LEGENDS,,
619,619,Active,,,LITTLE SIX CASINO,,
620,620,Active,,,MGM WINE & SPIRITS,,
621,621,Active,,,SHELL,,
622,622,Active,,,SHAKOPEE DAKOTA CONVENIENCE STORE,,
623,623,Active,,,SHAKOPEE DAKOTA CONVIENCE,,
624,624,Active,,,THE WILDS GOLF CLUB,,
625,625,Active,,,VIKING LIQUOR BARREL,,
626,626,Active,,,VILLAGE LIQUOR,,
627,627,Active,,,RICHWOOD OFF-SALE,,
628,628,Active,,,ARNIES FRIENDLY FOLKS CLUB,,
629,629,Active,,,CANTERBURY PARK,,
630,630,Manually Verify Pic,1,yes,CROSSROADS LIQUOR,,
631,631,Active,,,CUB FOODS,,
632,632,Active,,,CVS / PHARMACY,,
633,,Not Validated,,,SHAKOPEE EAGLES AERIE #4120,,
634,634,Manually Verify Pic,1,yes,HENNENS/MINNOCO,,
635,,Not Validated,,,HOLIDAY STATIONSTORE # 246,,
636,,Not Validated,,,HOLIDAY STATIONSTORE #250,,
637,637,Manually Verify Pic,1,yes,HOLIDAY PANTRY,,
638,638,Manually Verify Pic,1,yes,HOLIDAY,,
639,,Not Validated,,,HOLIDAY STATIONSTORE #83,,
640,,Not Validated,,,KWIK TRIP # 441,,
641,641,Manually Verify Pic,1,yes,PAYLESS GAS,,
642,642,Active,,,PULLMAN CLUB,,
643,643,Active,,,RIVERSIDE LIQUORS,,
644,644,Active,,,SHAKOPEE VFW 4046,,
645,645,Manually Verify Pic,1,yes,WINE CELLARS,,
646,,Not Validated,,,SUPER AMERICA # 4439,,
647,,Not Validated,,,SUPER AMERICA #4035,,
648,,Not Validated,,,SUPER AMERICA #4546,,
649,,Not Validated,,,SUPER AMERICA #8510,,
650,650,Active,,,TOBACCO EXPRESS,,
651,651,Active,,,TOP STAR MARKET,,
652,652,Active,,,TURTLES BAR & GRILL,,
653,653,Manually Verify Pic,1,yes,VALLEY LIQUOR,,
654,654,Manually Verify Pic,1,yes,WALGREEN DRUG,,
655,655,Manually Verify Pic,1,yes,WAL-MART,,
656,656,Active,,,MAX MINI STORE,,
657,657,Active,,,Duff's Tavern on Main,,
658,658,Active,,,VERMILLION PUMP & MARKET,,
659,659,Active,,,ORTON'S FOOD MART/BP,,
660,660,Manually Verify Pic,1,maybe,TAYLOR BAITS AND TACKLE,,
661,661,Active,,,CEDAR CREST RESORT,,
662,,Not Validated,,,ELBOW LAKE STORE & BAR,,
663,663,Manually Verify Pic,1,yes,E-Z ONE STOP,,
664,664,Manually Verify Pic,1,yes,HOMETOWN FOOD,,
665,665,Not Validated,0,,NEW HORIZON RESORT,,
666,666,Active,,,LUCKY DAY LIQUOR,,
667,667,Active,,,CANNON RIVER INN,,
668,668,Closed,,,AMERICAN LEGION CLUB,,
669,669,Active,,,CALLAWAY LIQUOR STORE,,
670,670,Manually Verify Pic,1,yes,M and W,,
671,671,Active,,,M AND W,,
672,672,Active,,,OGEMA MUNICIPAL LIQUOR STORE,,
673,673,Active,,,SAWYER STORE,,
674,674,Active,,,DOLLAR GENERAL,,
675,675,Manually Verify Pic,1,yes,BEAULIEU'S GAS & STORE,,
676,676,Manually Verify Pic,1,yes,RED LAKE NATION FOODS,,
677,677,Active,,,RED LAKE NATION FUELS,,
678,678,Active,,,SEVEN CLANS CASINO - RED LAKE,,
679,679,Not Validated,0,,SEVEN CLANS CASINO - THIEF RIVER FALLS,,
680,680,Active,,,SEVEN CLANS CASINO - WARROAD,,
681,681,Manually Verify Pic,1,yes,THE BEZHIGWAABIK STORE,,
682,682,Manually Verify Pic,1,yes,THE OTHER STORE,,
683,683,Active,,,WESTBROOK'S REDBY STORE,,
684,684,Not Validated,0,,DAKOTA MEADOWS RV PARK,,
685,685,Active,,,MYSTIC LAKE CASINO,,
686,686,Active,,,JACKPOT JUNCTION,,
687,687,Active,,,OYATE THE PEOPLES STORE / CENEX,,
688,688,Active,,,FORTUNE BAY RESORT CASINO,,
689,689,Active,,,NETT LAKE STORE,,
690,690,Active,,,THE Y STORE,,
691,691,Active,,,BLACK BEAR CASINO RESORT,,
692,692,Active,,,FOND DU LAC GAS & GROCERY,,
693,693,Manually Verify Pic,1,yes,FOND DU LUTH CASINO,,
694,694,Manually Verify Pic,1,yes,DUTY FREE AMERICAS,,
695,695,Active,,,GRAND PORTAGE LODGE & CASINO,,
696,696,Active,,,GRAND PORTAGE TRADING POST,,
697,697,Active,,,BP,,
698,698,Active,,,CASS LAKE LODGE,,
699,699,Active,,,CASS LAKE MINI MART,,
700,700,Manually Verify Pic,1,yes,CHE-WE EXPRESS,,
701,701,Active,,,HOLIDAY STATIONSTORES,,
702,702,Active,,,HOSS ALL-AMERICAN LIQUOR,,
703,703,Active,,,J & L OIL-CASS LAKE  INC.,,
704,704,Active,,,NORTHERN LIGHTS CASINO,,
705,705,Active,,,NORTHERN LIGHTS EXPRESS (GAS),,
706,706,Active,,,PALACE CASINO HOTEL,,
707,707,Manually Verify Pic,1,yes,SAFARI LIQUORS,,
708,708,Active,,,WHITE OAK CASINO,,
709,709,Active,,,GRAND CASINO HINCKLEY,,
710,710,Active,,,GRAND CASINO MILLE LACS,,
711,711,Active,,,GRAND MARKET GROCERY STORE,,
712,712,Active,,,ISLE MUNICIPAL LIQUOR STORE,,
713,713,Manually Verify Pic,1,yes,MARATHON GAS-EAST LAKE,,
714,714,Manually Verify Pic,1,yes,MARATHON GAS-MLB,,
715,715,Manually Verify Pic,1,yes,MARATHON GAS-TOBIES,,
716,716,Active,,,ONAMIA DRUG,,
717,717,Active,,,BENDICKSON GENERAL STORE,,
718,718,Active,,,BRUGGEMAN'S SUPERVALU,,
719,719,Manually Verify Pic,1,yes,STAR MART,,
720,720,Manually Verify Pic,1,yes,WILD RICE LOUNGE,,
721,721,Active,,,TREASURE ISLAND RESORT AND CASINO - PEARL ISLAND GIFT SHOP,,
722,722,Manually Verify Pic,1,yes,TREASURE ISLAND RESORT AND CASINO SMOKE SHOP,,
723,723,Active,,,PRAIRIE'S EDGE CASINO RESORT,,
724,724,Not Validated,0,,PRAIRIE'S EDGE CONVENIENCE STORE,,
725,,Not Validated,,,ALLTRISTA CPC,,
726,726,Manually Verify Pic,1,yes,NOAF''S SMOKE SHOP INC,,
727,727,Manually Verify Pic,1,yes,DOWNSTREAM Q STORE,,
728,728,Manually Verify Pic,1,yes,EXXON,,
729,729,Active,,,DOLLAR GENERAL,,
730,730,Active,,,FORT BELKNAP KWIK STOP,,
731,731,Active,,,HORSESHOE BAR,,
732,732,Closed,,,APSAALOOKE NIGHTS CASINO,,
733,733,Active,,,APSAALOOKE TRADING POST,,
734,734,Not Validated,0,,BIG HORN CASINO,,
735,735,Manually Verify Pic,1,yes,BIG HORN IGA,,
736,736,Active,,,CROW MERCANTILE,,
737,737,Active,,,CUSTER BATTLEFIELD TRADING POST,,
738,738,Active,,,LAME DEER TRADING,,
739,739,Active,,,LITTLE HORN IGA,,
740,740,Closed,,,YELLOWTAIL MARKET,,
741,741,Active,,,FORT BELKNAP CASINO,,
742,742,Active,,,MARTIN'S STORE,,
743,743,Active,,,ALBERTSONS,,
744,744,Active,,,ARLO'S BAR,,
745,745,Not Validated,0,,B&S QWIK STOP,,
746,746,Active,,,BARACKER'S BAR,,
747,747,Active,,,BUCKHORN BAR & RESTAURANT,,
748,748,Active,,,CENEX,,
749,749,Manually Verify Pic,1,yes,DAD'S BAR,,
750,750,Manually Verify Pic,1,yes,FRONTIER LOUNGE AND RED LATERN,,
751,751,Active,,,LOG CABIN BAR,,
752,752,Active,,,SHERMAN INN,,
753,753,Active,,,STOCKMAN'S BAR,,
754,754,Not Validated,0,,TANDE GROCERY,,
755,755,Manually Verify Pic,1,yes,TJ'S QUICK STOP,,
756,756,Manually Verify Pic,1,yes,TOWN PUMP AND EXXON,,
757,757,Not Validated,0,,WATER HOLE,,
758,758,Active,,,WOLF POINT LIQUOR MARKET,,
759,759,Active,,,GLACIER PARK TRADING,,
760,760,Active,,,GLACIER PEAKS CASINO,,
761,761,Manually Verify Pic,1,yes,GLACIER WAY CONOCO,,
762,762,Manually Verify Pic,1,yes,TEEPLE'S IGA,,
763,763,Active,,,THRONSON'S GENERAL STORE,,
764,764,Active,,,TOWN PUMP,,
765,765,Active,,,TRAILHEAD SALOON,,
766,766,Active,,,EIZOO'S BAR & CASINO,,
767,767,Not Validated,0,,GRANDMA'S MARKET,,
768,768,Active,,,MARY'S MARKET,,
769,769,Active,,,PASTIME,,
770,770,Active,,,ARNIE'S GAS & TIRE,,
771,771,Manually Verify Pic,1,yes,BEST WESTERN PLUS KWATAQNUK RESORT,,
772,772,Manually Verify Pic,1,yes,BIG ARM GENERAL STORE,,
773,773,Not Validated,0,,BUCK'S GROCERY,,
774,774,Active,,,CHARLO GROCERY,,
775,775,Active,,,COULTER AUTOMOTIVE  INC.,,
776,776,Active,,,DBA MOUNTAIN VIEW CENEX,,
777,777,Active,,,DBA PAPAS WOODS BAY MARKET,,
778,,Active,,,DOUG ALLARD'S TRADING POST,,
779,779,Not Validated,,,DUPUIS SMOKE SIGNAL,,
780,780,Closed,,,DYNO-MART - SINCLAIR,,
781,781,Manually Verify Pic,1,,EXXON,,
782,782,Active,,,FOUR WINDS INDIAN TRADING POST,,
783,783,Active,,,GRAY WOLF PEAK CASINO,,
784,784,Active,,,JETTE STORE,,
785,785,Active,,,JOE'S JIFFY STOP,,
786,786,Closed,,,MAIN STREET MARKET,,
787,787,Active,,,MISSION DRUG,,
788,788,Active,,,MISSION GENERAL STORE,,
789,789,Active,,,MOIESE MERCANTILE,,
790,,Closed,,,MOODY'S MARKET  INC.,,
791,791,Not Validated,,,MOUNTAIN WEST COOP,,
792,792,Active,,,PABLO FAMILY FOODS,,
793,793,Active,,,PIER 93,,
794,794,Active,,,POLSON BAY GROCERY,,
795,795,Active,,,POLSON LIQUOR STORE,,
796,796,Active,,,ROD'S HARVEST FOODS,,
797,797,Active,,,RONAN HARVEST FOODS,,
798,798,Active,,,RONAN LIQUOR STORE,,
799,799,Active,,,SUPER 1 FOODS,,
800,800,Active,,,TOWN PUMP FOOD STORES - EXXON,,
801,801,Active,1,yes,TOWN PUMP POLSON,,
802,802,Manually Verify Pic,,,WILSON FAMILY FOODS,,
803,803,Active,1,yes,Y QUICK STOP & DELI,,
804,804,Manually Verify Pic,1,yes,CHEYENNE DEPOT,,
805,805,Manually Verify Pic,,,LAME DEER TRADING POST,,
806,806,Active,,,FEIST WATSON ENTERPRISES INC.,,
807,807,Active,1,yes,SMOKERS EXPRESS LLC,,
808,,Manually Verify Pic,,,THE CIGARETTE GIRLS BURLESQUE LLLP,,
809,809,Not Validated,,,YELLOWSTONE PIPE LINE,,
810,810,Active,,,FACTORY DISCOUNT CIGARETTE,,
811,811,Closed,,,RICK YOUNGBLOOD SMOKE SHOP,,
812,812,Active,,,RICK YOUNGBLOOD SMOKE SHOP,,
813,813,Active,1,yes,BIG BEAR EXXON,,
814,814,Manually Verify Pic,1,yes,BRAVE'S QUICK STOP,,
815,815,Manually Verify Pic,,,CATAMOUNT TRAVEL CENTER,,
816,816,Active,,,CHEROKEE MINI MART & BP STATION,,
817,817,Active,,,HARRAH'S CHEROKEE CASINO,,
818,818,Active,,,RICK YOUNGBLOOD SMOKE SHOP,,
819,819,Active,,,SHELL STATION CONVENIENCE STORE,,
820,820,Active,,,HAGEL'S SERVICE,,
821,821,Active,,,DAKOTA MAGIC CASINO,,
822,822,Active,1,yes,4 BEARS GIFT SHOP CA,,
823,823,Manually Verify Pic,,,TIMS SERVICE,,
824,824,Active,1,yes,EAGLES LANDING C STORE,,
825,825,Manually Verify Pic,1,maybe,FARMERS UNION - SELFRIDGE,,
826,826,Manually Verify Pic,1,,CENEX GENERAL STORE,,
827,827,Manually Verify Pic,,,PRAIRIE KNIGHTS QUIK MART,,
828,828,Active,,,FAMILY DOLLAR 8207,,
829,829,Active,,,SKY DANCER HOTEL & CASINO INC,,
830,830,Active,,,TOKIO GENERAL STORE,,
831,831,Active,,,JOLLIES SUPERMARKET,,
832,832,Closed,,,DAKOTA MAGIC CASINO AND RESORT,,
833,833,Active,,,SPIRIT LAKE CASINO & LODGE,,
834,834,Active,,,SPIRIT LAKE GROCERY,,
835,835,Active,,,TOKIO GENERAL STORE,,
836,836,Active,,,CANNON BALL PIT STOP,,
837,837,Active,,,HAGEL'S SERVICE,,
838,838,Active,,,PRAIRIE KNIGHTS CASINO & RESORT,,
839,839,Active,,,TIM'S SERVICE,,
840,840,Active,1,yes,WHITE BUFFALO SUPER VALUE,,
841,841,Manually Verify Pic,,,CORNER LIQUOR,,
842,842,Active,,,KENNBECK'S JACK & JILL,,
843,843,Active,,,LARSEN SERVICE DRUG,,
844,844,Active,,,NISHU GENERAL STORE,,
845,845,Active,,,SUPERVALU,,
846,846,Closed,1,,UNITED PRAIRIE COOPERATIVE NEW TOWN STORE,,
847,847,Manually Verify Pic,1,no,DALE'S TRUCK STOP,,
848,848,Manually Verify Pic,1,yes,LADOTS,,
849,849,Manually Verify Pic,0,,SKY DANCER CASINO,,
850,850,Not Validated,1,yes,SKY DANCER MINI CASINO,,
851,851,Manually Verify Pic,1,yes,T & M CONVENIENCE STORE,,
852,852,Manually Verify Pic,,,WEST SIDE C STORE,,
853,853,Active,,,HERITAGE FOOD STORE,,
854,854,Active,,,LEWIS & CLARK GROCERY,,
855,,Active,,,JUMPS FOOD BARN,,
856,856,Not Validated,1,yes,TRADING POST MARKET,,
857,857,Manually Verify Pic,1,yes,HERITAGE FOODTOWN,,
858,858,Manually Verify Pic,1,no,SMITH STANDARD,,
859,859,Manually Verify Pic,,,WHITE EAGLE EXPRESS,,
860,860,Closed,,,LAKEVIEW STORE,,
861,861,Active,1,no,PONY EXPRESS,,
862,862,Manually Verify Pic,,,ROSEBUD CASINO,,
863,863,Active,,,FEATHER HILL EXPRESS,,
864,864,Active,,,OHIYA CASINO & RESORT,,
865,865,Active,,,HERITAGE FOOD TOWN,,
866,,Active,,,JUMP'S FOOD BARN,,
867,867,Not Validated,,,LUCKY 77 CASINO,,
868,868,Active,,,NATIVE SON,,
869,869,Closed,,,OMAHA NATION C-STORE,,
870,870,Active,,,PONCA SMOKE SIGNALS - CROFTON,,
871,871,Active,1,yes,5TH QUARTER BAR & GRILL,,
872,872,Manually Verify Pic,,,HERITAGE FOOD TOWN,,
873,873,Active,1,yes,IRON HORSE BAR & CASINO,,
874,874,Manually Verify Pic,,,NATIVE STAR CASINO,,
875,875,Active,1,yes,PONY EXPRESS,,
876,876,Manually Verify Pic,1,yes,PONY EXPRESS EMERSON,,
877,877,Manually Verify Pic,1,yes,PONY EXPRESS HERITAGE,,
878,878,Manually Verify Pic,,,PONY EXPRESS SOUTH SIOUX CITY,,
879,879,Active,1,yes,WOODLANDS DISTRIBUTION,,
880,880,Manually Verify Pic,,,OHKAY EXPRESS MART,,
881,881,Active,,,PUEBLO DE COCHITI CONVENIENCE STOR,,
882,882,Active,,,NAVAJO LAKE MARINA,,
883,883,Active,1,yes,ALLSUP'S/PHILLIPS 66,,
884,884,Manually Verify Pic,1,no,CAMEL ROCK,,
885,885,Manually Verify Pic,,,ABE'S MOTEL &  FLY SHOP INC.,,
886,886,Active,1,yes,SPORTSMAN'S INN,,
887,887,Manually Verify Pic,,,PHILLIPS 66,,
888,888,Active,,,SAN FELIPE PUEBLO TRAVEL CENTER,,
889,889,Active,1,yes,EAGLE MART,,
890,890,Manually Verify Pic,1,yes,CIRCLE W FOOD STORE,,
891,891,Manually Verify Pic,,,MUSTANG 7260 SHELL,,
892,,Active,,,THOMPSON'S STATION &  MARKET,,
893,893,Not Validated,,,LENO'S SMOKE SHOP,,
894,,Active,,,WESTERN REFINERY - MUSTANG #7207,,
895,895,Not Validated,1,yes,ALLSUP'S SHELL,,
896,896,Manually Verify Pic,,,GIANT CONOCO,,
897,897,Active,,,GOLDEN'S FOOD STORE/FINA,,
898,,Active,,,CIRCLE K (#1436),,
899,899,Not Validated,1,yes,SEVEN TO ELEVEN,,
900,900,Manually Verify Pic,,,SHIPROCK QUICKSTOP/Sinclair/Dinocare/,,
901,,Active,,,THE STORE,,
902,902,Not Validated,1,maybe,YAH TA HEY PAWN SHOP,,
903,903,Manually Verify Pic,1,yes,KEWA CAFE,,
904,904,Manually Verify Pic,1,yes,SEVEN TO ELEVEN FOOD STORE,,
905,905,Manually Verify Pic,,,CITY MARKET,,
906,906,Active,1,yes,CITGO,,
907,907,Manually Verify Pic,1,yes,SEVEN ELEVEN,,
908,908,Manually Verify Pic,1,yes,POJOAQUE CONVENIENCE STORE,,
909,,Manually Verify Pic,,,THRIFTWAY,,
910,910,Not Validated,,,NAVAJO COUNTRY EXPRESS / ICM,,
911,911,Active,1,yes,DINO MART / SINCLAIR,,
912,912,Manually Verify Pic,1,maybe,MUSTANG,,
913,913,Manually Verify Pic,,,PHILLIPS 66/FOOD MART,,
914,914,Closed,,,NAVAJO PINE SUPERMARKET,,
915,,Active,,,VILLA DE CUBERO,,
916,916,Not Validated,1,yes,OH KAY MARKET AND PHILLIPS 66,,
917,917,Manually Verify Pic,,,SHELL GAS,,
918,918,Active,,,NAVAJO COUNTRY EXPRESS,,
919,919,Active,,,GIANT WESTERN REFINERY,,
920,920,Active,1,yes,BASHAS,,
921,921,Manually Verify Pic,,,CASINO APACHE TRAVEL CENTER,,
922,922,Active,,,GIANT,,
923,,Active,,,INDIAN COUNTRY TOBACCO,,
924,924,Not Validated,,,POJOAQUE SUPERMARKET,,
925,925,Active,,,SMOKE CIGGNALS LLC,,
926,926,Active,,,APACHE HOMELANDS ENTERTAINMENT CENTER AND SMOKE SHOP,,
927,,Active,,,ISLETA LAKES & RV PARK,,
928,928,Not Validated,,,ISLETA GAS/ISLETA ONE STOP,,
929,929,Active,,,ISLETA RESORT & CASINO,,
930,930,Active,,,PHILLIPS 66/SUBWAY,,
931,931,Active,1,yes,LIQUOR APODACA'S IN N OUT,,
932,932,Manually Verify Pic,,,WALATOWA CONVENIENCE STORE,,
933,933,Active,1,yes,66 PIT STOP,,
934,934,Manually Verify Pic,0,,CASINO XPRESS,,
935,935,Not Validated,1,,DANCING EAGLE CASINO,,
936,936,Manually Verify Pic,,,MARKET PLACE AT DANCING EAGLE,,
937,937,Active,0,,ROUTE 66 TRAVEL CENTER AT DANCING EAGLE,,
938,938,Not Validated,,,PAGUATE MART,,
939,939,Active,1,maybe,ROUTE 66 CASINO,,
940,940,Active,,,ROUTE 66 TRAVEL CENTER,,
941,941,Manually Verify Pic,,,NAMBE FALLS TRAVEL CENTER,,
942,942,Active,1,maybe,NAMBE TRADING POST,,
943,943,Active,1,yes,A-1 AUTO,,
944,944,Manually Verify Pic,1,maybe,PICURIS SMOKE SHOP,,
945,945,Manually Verify Pic,1,yes,BUFFALO THUNDER CASINO,,
946,946,Manually Verify Pic,,,CITIES OF GOLD CASINO,,
947,947,Manually Verify Pic,1,yes,KICKS 66,,
948,948,Active,1,yes,POJOAQUE CHEVRON CONVENIENCE STORE,,
949,949,Manually Verify Pic,1,yes,SAN FELIPE CASINO,,
950,,Manually Verify Pic,,,MOBIL,,
951,951,Manually Verify Pic,1,yes,QUIK STOP,,
952,952,Not Validated,,,TOTAVI PHILIPS 66,,
953,,Manually Verify Pic,,,WHITE ROCK STORE,,
954,954,Active,,,BIEN MUR GIFT SHOP,,
955,955,Not Validated,,,BIEN MUR TRAVEL CENTER/ VALERO,,
956,956,Active,,,SANDIA RESORT & CASINO,,
957,957,Active,,,TIWA MART/PHILLIPS 66,,
958,958,Active,,,SANTA ANA STAR CASINO,,
959,959,Active,,,SANTA CLARAN HOTEL AND CASINO,,
960,960,Active,,,TAOS MOUNTAIN CASINO - SMOKE SHOP,,
961,961,Active,,,RANCHO ENCANTADO,,
962,962,Active,,,APACHE NUGGET CASINO,,
963,963,Active,1,yes,APACHE NUGGET TRAVEL CENTER,,
964,964,Active,1,yes,WILDHORSE CASINO,,
965,965,Manually Verify Pic,,,PUEBLO GAS & SMOKE SHOP,,
966,966,Manually Verify Pic,,,ROSETTA'S TRADING POST,,
967,967,Active,,,7 2 11 FOOD STORE / MOBIL,,
968,968,Active,1,yes,GULF EXPRESS,,
969,969,Active,,,Dino Mart/Sinclair,,
970,970,Manually Verify Pic,,,BIG ROCK TRADING POST  INC.,,
971,,Active,,,CROWNPOINT TRADING #503,,
972,972,Active,,,FLOWING WATER NAVAJO CASINO,,
973,,Not Validated,,,GIANT #2202,,
974,,Active,,,GIANT #5246,,
975,,Not Validated,,,GIANT #7204,,
976,,Not Validated,,,GIANT #7266,,
977,,Not Validated,,,GIANT #7270 STORE,,
978,,Not Validated,,,GIANT #7270 WATERFLOW LIQUORS,,
979,,Not Validated,,,GIANT #7310,,
980,,Not Validated,,,GIANT/CONOCO #5109 TSE BONITO,,
981,,Not Validated,,,GIANT/MUSTANG #7251,,
982,,Not Validated,,,LITTLEWATER EXPRESS #522,,
983,,Not Validated,,,NNOG #140 TOHATCHI CHEVRON,,
984,,Not Validated,,,NNOG 520 TEXACO,,
985,985,Not Validated,,,NORTHERN EDGE NAVAJO CASINO,,
986,,Not Validated,,,SHELL / QUIK MART,,
987,,Active,,,RED MESA #507,,
988,,Not Validated,,,RED MESA #511,,
989,989,Not Validated,,,RED MESA EXPRESS,,
990,,Not Validated,,,RED MESA EXPRESS #520,,
991,,Closed,,,SAGEBRUSH LIQUORS,,
992,,Not Validated,,,SOC/NAVAJO CONOCO #30,,
993,993,Not Validated,,,VALLEY TRADING POST,,
994,994,Not Validated,,,OHKAY CASINO,,
995,995,Active,0,,SKY CITY CASINO,,
996,996,Active,,,SKY CITY TRAVEL CENTER,,
997,997,Not Validated,1,maybe,SKY WAY TRAVEL CENTER,,
998,998,Active,,,PUEBLO DE COCHITI CONVENIENCE STORE,,
999,999,Manually Verify Pic,,,ROMEROS MARKET  INC.,,
1000,1000,Active,,,LIL' ISLAND TOBACCO & COFFEE,,
1001,1001,Active,,,CITY MARKET,,
1002,1002,Active,0,,MUSTANG,,
1003,1003,Active,,,RED MESA TRADING CO.,,
1004,1004,Not Validated,,,FOUR WINDS TRAVEL CENTER,,
1005,1005,Active,1,yes,I-80 SMOKE SHOP,,
1006,,Active,,,RSIC #3,,
1007,1007,Manually Verify Pic,1,yes,FOX PEAK STATION-FERNLEY,,
1008,1008,Not Validated,,,WELLS SMOKE SHOP,,
1009,1009,Manually Verify Pic,,,ELKO SMOKE SHOP,,
1010,1010,Active,1,yes,RENO SPARKS INDIAN COLONY SMOKE SHOP,,
1011,1011,Active,1,yes,RSIC SMOKE SHOP 1,,
1012,,Manually Verify Pic,,,WAL-MART SC #2106,,
1013,,Manually Verify Pic,,,WASHOE ONE STOP #62,,
1014,,Not Validated,,,RSIC #4,,
1015,1015,Not Validated,,,YERINGTON PAIUTE SHO,,
1016,1016,Not Validated,1,yes,FOX PEAK SMOKESHOP,,
1017,1017,Active,1,yes,BATTLE MOUNTAIN SMOKE SHOP,,
1018,1018,Manually Verify Pic,1,yes,RSIC SMOKE SHOP 2,,
1019,1019,Manually Verify Pic,,,CHEVRON / FOOD MART / WASHOE ONE STOP,,
1020,,Manually Verify Pic,,,WASHOE ONE STOP #61,,
1021,1021,Active,,,SILVER SAGE TRAVEL CENTER,,
1022,1022,Not Validated,1,yes,FOUR SEASONS SMOKE,,
1023,1023,Active,0,,FORT MCDERMITT TRAVEL PLAZA ENTERPRISE,,
1024,1024,Manually Verify Pic,1,yes,AVI RESORT AND CASINO,,
1025,1025,Not Validated,1,yes,AVI SMOKESHOP,,
1026,1026,Manually Verify Pic,,,MOJAVE RESORT GOLF CLUB,,
1027,1027,Manually Verify Pic,,,CROSBY LODGE,,
1028,1028,Active,,,NIXON STORE,,
1029,1029,Active,1,yes,SMOKESHOP 1,,
1030,1030,Active,1,yes,SMOKESHOP 2,,
1031,1031,Manually Verify Pic,1,yes,SMOKESHOP 3,,
1032,1032,Manually Verify Pic,,,RSIC SMOKE SHOP 4,,
1033,1033,Manually Verify Pic,1,yes,RSIC SMOKE SHOP 5,,
1034,1034,Active,,,OUR GROCERY STORE,,
1035,1035,Manually Verify Pic,,,BATTLE MOUNTAIN INDIAN SMOKE SHOP (SHELL),,
1036,1036,Active,,,LAS VEGAS PAIUTE TRIBE SMOKE SHOP,,
1037,1037,Active,1,yes,SNOW MOUNTAIN SMOKE SHOP,,
1038,1038,Active,1,yes,SMOKE SHOP/MOAPA PAIUTE TRAVEL PLAZA,,
1039,1039,Manually Verify Pic,,,WASHOE TRIBAL SMOKE SHOP - GARDNERVILLE,,
1040,1040,Manually Verify Pic,,,ARROWHEAD MARKET,,
1041,1041,Active,1,yes,BRIDGE MARKET,,
1042,1042,Active,1,yes,TRIBAL SMOKE SHOP,,
1043,1043,Manually Verify Pic,1,yes,COLE & COLE CIGAR COMPANY,,
1044,1044,Manually Verify Pic,1,yes,DIMAS CIGARS,,
1045,1045,Manually Verify Pic,,,ELKO SMOKE SHOP INC,,
1046,1046,Manually Verify Pic,1,yes,ELY SMOKE SHOP & LAUNDRY,,
1047,1047,Active,1,yes,EVERLASTING SMOKE,,
1048,1048,Manually Verify Pic,,,ILLUSIONE CIGARS,,
1049,1049,Manually Verify Pic,,,LAS VEGAS PAIUTE TRIBE,,
1050,1050,Active,,,LAS VEGAS PAIUTE TRIBAL SMOKE SHOP,,
1051,1051,Active,,,SMOKESHOP IV,,
1052,,Active,,,SURESH KUMAR,,
1053,1053,Active,1,yes,TINDERBOX LLC.,,
1054,1054,Not Validated,,,HOYA DELI,,
1055,1055,Manually Verify Pic,,,MOAPA TRIBAL SMOKE SHOP,,
1056,1056,Active,1,yes,PYRAMID LAKE MARINA,,
1057,1057,Active,,,WA SHE SHU TRAVEL PLAZA,,
1058,,Manually Verify Pic,,,PETRO SHOPPING CENTER #371 FUE,,
1059,1059,Active,1,yes,49 EXPRESS,,
1060,1060,Not Validated,,,A J CIGAR,,
1061,1061,Manually Verify Pic,1,yes,AK GAS/CITGO,,
1062,1062,Active,,,AKWESASNE MINI MART,,
1063,1063,Manually Verify Pic,,,ANOTHER DAMN CIGARETTE STORE,,
1064,1064,Active,,,ANTONE'S,,
1065,1065,Active,,,BELLE BELLE SMOKE SHOP,,
1066,1066,Active,0,,BIG BOYS,,
1067,1067,Active,,,BLOOMING FLOWER SMOKE SHOP,,
1068,1068,Not Validated,1,yes,BROAD STREET SMOKE SHOP,,
1069,1069,Active,,,CHARISE SMOKES,,
1070,1070,Manually Verify Pic,,,CRAZY HORSE WHOLESALE,,
1071,1071,Active,1,yes,24 HOUR GAS & TOBACCO,,
1072,1072,Active,,,CURTYS SMOKE SHOP,,
1073,1073,Manually Verify Pic,,,EAGLE FEATHER SMOKE SHOP,,
1074,1074,Closed,,,EAST END,,
1075,1075,Active,,,GERONIMO SMOKE SHOP,,
1076,1076,Active,,,HANK'S SMOKE SHOP,,
1077,1077,Active,,,HERON'S LANDING,,
1078,1078,Active,,,JAN'S SMOKE & CRAFT SHOP,,
1079,1079,Active,,,JAY'S PLACE,,
1080,1080,Active,,,KEN'S SMOKE SHOP,,
1081,1081,Active,0,,KEYE SUPERCENTER,,
1082,1082,Active,,,Papa's Place Smoke Shop,,
1083,1083,Not Validated,,,M & M ALLEGHANY JUNCTION,,
1084,1084,Active,,,M J ENTERPRISES,,
1085,1085,Active,,,MONTAUK NATIVE GASOLINE STA,,
1086,1086,Active,,,NAFCO QUICK STOP,,
1087,1087,Active,,,NATIVE LAND SMOKE SHOP,,
1088,1088,Active,,,NATIVE SISTERS SMOKE SHOP,,
1089,1089,Active,,,NATIVE SONS TOBACCO,,
1090,1090,Active,,,PAPA'S PLACE II,,
1091,1091,Active,,,PARKVIEW SUPERMARKET,,
1092,1092,Active,,,RAINDROPS QUICK STOP,,
1093,1093,Active,,,RANDY'S SMOKE SHOP,,
1094,1094,Active,,,SACAJAWEA INDIAN MARKET,,
1095,1095,Active,1,yes,SENECA ERIE GAMING CORP,,
1096,1096,Active,,,SENECA HICKORY STICK GOLF,,
1097,1097,Manually Verify Pic,,,SENECA NATION OF INDIANS,,
1098,1098,Active,,,SENECA NATION OF INDIANS,,
1099,1099,Active,,,SENECA NIAGARA CASINO & HOTEL,,
1100,1100,Active,,,SENECA ONE STOP - IRVING,,
1101,1101,Active,,,SENECA ONE STOP,,
1102,1102,Active,,,SENECA ONE STOP,,
1103,1103,Active,1,no,MORNING STAR,,
1104,1104,Active,,,SENEKA SMOKE SHOP,,
1105,1105,Manually Verify Pic,,,SIGNALS,,
1106,1106,Closed,,,SMOKIN JOES,,
1107,1107,Active,1,yes,SOVERIGN SENECA TOBACCO,,
1108,1108,Active,,,SMOKIN JOES,,
1109,1109,Manually Verify Pic,1,yes,WOLVES DEN,,
1110,1110,Active,,,WW VANDALIA GASMART,,
1111,1111,Manually Verify Pic,,,GAIL'S TOBACCO & GAS OUTLET,,
1112,1112,Active,1,yes,TURTLE PIT CONVENIENCE STORE,,
1113,1113,Active,,,LAKESIDE ENTERTAINMENT - UNION SPRINGS,,
1114,1114,Manually Verify Pic,1,yes,LAKESIDE TRADING,,
1115,1115,Active,,,AK GAS & TOBACCO,,
1116,1116,Manually Verify Pic,,,AKWAKS SMOKE SHOP,,
1117,1117,Active,,,AKWASANE TOBACCO SHOP,,
1118,1118,Active,,,AKWESASNE MOHAWK CASINO AND RESORT,,
1119,1119,Closed,,,BEAR'S DEN CONVENIENCE STORE,,
1120,1120,Active,,,BEAR'S DEN CONVENIENCE STORE,,
1121,1121,Active,1,yes,BEAR'S DEN/EASTERN DOOR CONVENIENCE STORE,,
1122,1122,Active,,,CHIEFS TOBACCO OUTLET & GAS,,
1123,1123,Manually Verify Pic,,,CTS MARKET,,
1124,1124,Active,,,KEEGANS TOBACCO SHOP,,
1125,1125,Active,,,LUV'S TOBACCO,,
1126,1126,Active,1,yes,MARKET 9,,
1127,1127,Active,,,SMOKE STACKS,,
1128,1128,Manually Verify Pic,,,SMOKEY'S TOBACCO SHOP,,
1129,1129,Active,1,yes,TWINLEAF,,
1130,1130,Active,,,WILD BILL'S ONE STOP,,
1131,1131,Manually Verify Pic,,,ANTONE'S,,
1132,1132,Active,,,BIG INDIAN SMOKE SHOP,,
1133,1133,Active,1,yes,BROAD STREET SMOKE SHOP ,,
1134,1134,Active,,,BUFFALO CREEK TOBACCO CO.,,
1135,1135,Manually Verify Pic,,,CATT-REZ,,
1136,1136,Active,,,GRAND CENTER STATION,,
1137,1137,Active,,,IROQUOIS SMOKE SHOP,,
1138,1138,Active,1,maybe,IROQUOIS TOBACCO DIRECT ,,
1139,1139,Active,,,KILL BUCK OUTLET ,,
1140,1140,Manually Verify Pic,,,NAFCO QUICK STOP AND BURGER KING,,
1141,1141,Active,,,NATIVE WHOLESALE SUPPLY,,
1142,1142,Active,,,PARKVIEW SUPERMARKET,,
1143,1143,Active,,,POST SMOKES ,,
1144,1144,Active,,,S T SMOKE SHOP,,
1145,1145,Closed,1,yes,SENECA GAMING AND ENTERTAINMENT,,
1146,1146,Active,,,SENECA GAMING & ENTERTAINMENT - SALAMANCA,,
1147,1147,Manually Verify Pic,,,SENECA ONE STOP - BROAD STREET,,
1148,1148,Active,,,SENEKA SMOKE SHOP ,,
1149,1149,Active,,,SHOP 'N SAVE,,
1150,1150,Closed,,,EAGLE FEATHER SMOKE SHOP,,
1151,1151,Active,,,SHINNECOCK SMOKE SHOP,,
1152,1152,Active,1,yes,TRUE NATIVE SMOKE SHOP,,
1153,1153,Active,,,BEACHMART SAVON CONVENIENCE,,
1154,1154,Manually Verify Pic,,,LENOX AVE SAVON CONVENIENCE,,
1155,1155,Closed,,,MAIN ST SAVON CONVENIENCE,,
1156,1156,Active,,,ONEIDA LAKE SAVON CONVENIENCE,,
1157,1157,Active,,,ONEIDA MART SAVON CONVENIENCE,,
1158,1158,Active,,,PATRICK RD SAVON CONVENIENCE,,
1159,1159,Active,,,PETERBORO ST SAVON CONVENIENCE,,
1160,1160,Active,,,PLAZA MART SAVON CONVENIENCE,,
1161,1161,Closed,,,ROUTE 5 SAVON CONVENIENCE,,
1162,,Active,,,SAVON CIGARETTES/SAVON ROUTE 365 & 31,,
1163,1163,Active,,,SAVON DIESEL /ROUTE 31 SAVON,,
1164,1164,Not Validated,,,SAVON SMOKE SHOP,,
1165,1165,Active,1,yes,SMOKE SHOP,,
1166,1166,Active,,,TURNING STONE RESORT AND CASINO,,
1167,1167,Manually Verify Pic,,,VERONA MART SAVON CONVENIENCE,,
1168,1168,Active,,,ONONDAGA SMOKE SHOP,,
1169,1169,Active,1,yes,ARROWHAWK GAS MART,,
1170,1170,Active,,,JAN'S SMOKE & CRAFT SHOP,,
1171,1171,Manually Verify Pic,,,REZ SMOKE SHOP,,
1172,1172,Active,,,SACAJAWEA INDIAN MARKET,,
1173,1173,Active,,,SMOKE RINGS,,
1174,1174,Active,,,TOTEM POLE SMOKE & GAS,,
1175,1175,Active,,,GAIL'S 2 TOBACCO & GAS OUTLET,,
1176,1176,Active,,,JAY'S PLACE,,
1177,1177,Active,,,RANDY'S SMOKE SHOP,,
1178,1178,Active,,,SMOKIN JOES TRADING POST,,
1179,1179,Active,,,YELLOW BRICK ROAD CASINO,,
1180,1180,Active,1,yes,PAINTED PONY POST,,
1181,1181,Active,,,SENECA ONE STOP - OIL SPRINGS,,
1182,1182,Manually Verify Pic,1,yes,NATIVE PRIDE TRAVEL PLAZA,,
1183,1183,Active,,,NATIVE PRIDE TOO,,
1184,1184,Manually Verify Pic,,,TADE NINO NEH GAS & CIGARETTES,,
1185,1185,Active,1,yes,SENECA HAWK,,
1186,1186,Active,,,FIRST AMERICAN TOBACCO,,
1187,1187,Manually Verify Pic,,,IRIQUOIS GAS & GO,,
1188,1188,Closed,,,UNI-MART,,
1189,,Not Validated,0,,NAFCO II,,
1190,1190,Active,,,SIGNALS,,
1191,1191,Not Validated,,,SAV-A-LOT FOOD STORE,,
1192,,Not Validated,,,BIG BEAR DISCOUNTS,,
1193,1193,Active,,,SENECA NIAGARA RESORT & CASINO,,
1194,1194,Active,,,SENECA BUFFALO CREEK CASINO,,
1195,1195,Active,,,SENECA ALLEGANY RESORT & CASINO,,
1196,1196,Active,,,SENECA HICKORY STICK GOLF,,
1197,1197,Active,0,,SENECA GAMING & ENTERTAINMENT-OIL SPRING,,
1198,1198,Active,,,NO BLANKET SMOKE SHOP,,
1199,1199,Not Validated,,,BIG BOYS GAS & TOBACCO,,
1200,1200,Active,,,SMOKERS WAREHOUSE,,
1201,,Not Validated,1,yes,GRACE & ALLAN'S TOBACCO SHOP,,
1202,,Not Validated,,,AHNA:WATE CORNER STORE,,
1203,1203,Manually Verify Pic,1,yes,BORDERLINE GAS & CONVENIENCE,,
1204,1204,Closed,,,J.E.N. TOBACCO,,
1205,1205,Manually Verify Pic,1,no,KANIEN'KEHAKA CONVENIENCE STORE AND GAS STATION,,
1206,1206,Active,,,SPEEDWAY PLAZA,,
1207,1207,Active,,,CAYUGA LAKESIDE TRADING STORE,,
1208,1208,Active,,,BLACK PAW TOBACCO,,
1209,1209,Active,,,BNB TOBACCO PRODUCTS,,
1210,,Not Validated,,,CRAZY WOLF ENTERPRISES,,
1211,1211,Active,,,CUBA LAKE GAS & SMOKE,,
1212,,Not Validated,,,DENISE GANSWORTH,,
1213,1213,Active,,,ELI TARBELL,,
1214,,Not Validated,,,EMERY WILLIAMS,,
1215,1215,Active,,,MIKEY G'S SMOKIN CAFE,,
1216,,Not Validated,,,INJUN ENTERPRISES LLC,,
1217,1217,Active,,,NEEPA''S SMOKE SHOP INC.,,
1218,1218,Not Validated,0,,R J''S TOBACCO EMPORIUM,,
1219,1219,Closed,,,SENECA DIRECT.COM,,
1220,1220,Manually Verify Pic,1,yes,S.T. SMOKE SHOP,,
1221,1221,Active,,,CROSSROADS,,
1222,1222,Active,,,SHIDLER COUNTRY STORE,,
1223,,Not Validated,,,TWO RIVERS CASINO,,
1224,1224,Active,,,SHIDLER COUNTRY STORE,,
1225,1225,Manually Verify Pic,1,yes,TONKAWA SMOKE SHOP,,
1226,1226,Active,,,J BAR S SALOON,,
1227,,Not Validated,,,THE STORE #2,,
1228,1228,Active,,,KEN'S STORE,,
1229,1229,Active,,,NATIVE LIGHTS CASINO,,
1230,,Not Validated,,,OTOE TRAVEL PLAZA,,
1231,1231,Active,,,KAW SMOKE SHOP,,
1232,1232,Manually Verify Pic,1,maybe,VELERO/THUNDERBIRD EXPRESS/AST GROCER,,
1233,1233,Active,,,RED DEVIL SUPERETTE,,
1234,1234,Manually Verify Pic,1,yes,HARRAH SMOKESHOP,,
1235,1235,Active,,,OSAGE CASINO-PAWHUSKA,,
1236,1236,Active,,,JIM'S PLACE,,
1237,1237,Manually Verify Pic,1,yes,KICKAPOO C STORE,,
1238,1238,Manually Verify Pic,1,yes,KICKAPOO CASINO,,
1239,1239,Manually Verify Pic,1,yes,TURTLE STOP,,
1240,1240,Active,,,OTTER STOP,,
1241,1241,Closed,,,MARVIN'S FOODS,,
1242,1242,Active,,,BIG AL'S,,
1243,1243,Manually Verify Pic,1,maybe,MR BASS,,
1244,1244,Active,,,SEMINOLE FOOD MART,,
1245,1245,Active,,,GARRETTS COUNTRY STORE & GRILL,,
1246,1246,Active,,,WOODRIDGE MARKET,,
1247,1247,Manually Verify Pic,1,yes,CHIEF LIQUOR,,
1248,1248,Active,,,BILLY B'S OF HOMINY,,
1249,1249,Active,,,Z MART ENTERPRISES LLC,,
1250,1250,Active,,,CHOCTAW TR,,
1251,1251,Manually Verify Pic,1,yes,HANDY'S GROCERY,,
1252,1252,Manually Verify Pic,1,yes,OSAGE TRAVEL PLAZA,,
1253,1253,Active,,,KAW SOUTHWIND CASINO,,
1254,,Not Validated,,,FASTRIP #5,,
1255,1255,Manually Verify Pic,1,yes,OTTER 2,,
1256,1256,Active,,,O-GAH-PAH CONVENIENCE CENTER,,
1257,1257,Active,,,DOWNSTREAM CASINO RESORT,,
1258,1258,Active,,,EASTERN SHAWNEE TRAVEL CENTER,,
1259,,Not Validated,,,7 CLANS TRAVEL PLAZA #2,,
1260,,Not Validated,,,MAVERIC MINI MART #26,,
1261,1261,Active,,,THE CROSSROADS,,
1262,1262,Active,,,KANZA TRAVEL PLAZA,,
1263,,Not Validated,,,KUM & GO #,,
1264,,Not Validated,,,SEMINOLE FOOD MART #61,,
1265,1265,Active,,,SEMINOLE NATION TRAVEL PLAZA,,
1266,1266,Not Validated,0,,BOAT N TOTE,,
1267,,Not Validated,,,DOLLAR GEN STORE #4474,,
1268,1268,Active,,,DOLLAR GENERAL ST 13421,,
1269,,Not Validated,,,DOLLAR GENERAL STORE #13094,,
1270,1270,Active,,,DOLLAR GENERAL STORE 13918,,
1271,1271,Active,,,DOLLAR GENERAL,,
1272,,Not Validated,,,DOLLAR GENERAL STORE#2555,,
1273,,Not Validated,,,DOLLAR GENERAL STORE#3567,,
1274,,Not Validated,,,DOLLAR GENERAL STORE#6633,,
1275,,Not Validated,,,DOLLAR GENERAL STORE#7821,,
1276,1276,Active,,,DOLLAR GENERAL STORE 9324,,
1277,1277,Active,,,INDIGO SKY CASINO,,
1278,1278,Active,,,OUTPOST CASINO,,
1279,1279,Active,,,EAST GORE DISCOUNT TOBACCO,,
1280,1280,Manually Verify Pic,1,yes,AST CONVENIENCE STORE,,
1281,1281,Active,,,KWICK STOP CONVENIENCE STORES,,
1282,1282,Active,,,THUNDERBIRD CASINO - NORMAN,,
1283,1283,Manually Verify Pic,1,yes,FIRE LAKE CASINO,,
1284,1284,Manually Verify Pic,1,yes,KEVINS 66,,
1285,1285,Manually Verify Pic,1,yes,TEXACO WARRIOR MART,,
1286,1286,Active,,,WICHITA TRAVEL PLAZA,,
1287,1287,Active,,,BRIGGS TOBACCO OUTLET,,
1288,1288,Active,,,CHEROKEE SMOKE SHOP,,
1289,1289,Active,,,CHEROKEE CASINO RAMONA,,
1290,1290,Active,,,CHEROKEE CASINO ROLAND,,
1291,1291,Active,,,CHEROKEE CASINO SALLISAW,,
1292,1292,Active,,,CHEROKEE CASINO SOUTH COFFEYVILLE,,
1293,1293,Active,,,CHEROKEE CASINO TAHLEQUAH,,
1294,1294,Active,,,CHEROKEE CASINO WEST SILOAM SPRINGS,,
1295,1295,Not Validated,0,,CHEROKEE CASINO WILL RIGERS DOWNS,,
1296,1296,Active,,,CHEROKEE CASINO  FORT GIBSON,,
1297,1297,Active,,,CHEROKEE NATION OUTPOST TOBACCO SHOP,,
1298,1298,Active,,,CHEROKEE TOBACCO SALES,,
1299,1299,Active,,,CHRISTIEVILLE SMOKE SHOP,,
1300,1300,Active,,,CLAREMORE SMOKE SHOP,,
1301,1301,Active,,,FLYING CLOUD SMOKE SHOP,,
1302,1302,Manually Verify Pic,1,yes,FOUR FEATHER LTD.  LLC,,
1303,,Not Validated,,,GAWSKEY INC. WEBBERS FALLS,,
1304,1304,Active,,,GRAND CHEROKEE SMOKE SHOP,,
1305,1305,Active,,,GRAND LAKE SMOKE SHOP,,
1306,1306,Manually Verify Pic,1,yes,HARD ROCK HOTEL & CASINO,,
1307,1307,Manually Verify Pic,1,yes,INDEPENDENCE SMOKE SHOP,,
1308,1308,Active,,,INDIAN SMOKE SHOP,,
1309,1309,Active,,,INDIAN SMOKE SHOP,,
1310,1310,Manually Verify Pic,1,no,KS TOBACCO OUTLET,,
1311,1311,Active,,,LENAPE SMOKE SHOP,,
1312,1312,Not Validated,0,,LITTLE DEER SMOKE SHOP/TWO FINGERS TOBACCO,,
1313,1313,Active,,,OUTPOST CONVENIENCE STORE,,
1314,1314,Active,,,PEACE PIPE INDIAN SMOKE SHOP,,
1315,1315,Manually Verify Pic,1,yes,RED BIRD INDIAN SMOKE SHOP,,
1316,1316,Active,,,SALINE CREEK SMOKE SHOP,,
1317,1317,Active,,,STILWELL SMOKE SHOP,,
1318,1318,Active,,,TAHLEQUAH SMOKE SHOP,,
1319,1319,Closed,,,TALL CHIEF SMOKE SHOP,,
1320,1320,Active,,,TWO TURTLES SMOKE SHOP,,
1321,1321,Manually Verify Pic,1,maybe,TWO TURTLES SMOKE SHOP,,
1322,1322,Active,,,WARRIOR SMOKE SHOP,,
1323,1323,Active,,,WILLY & BILLY'S TOBACCO SHACK,,
1324,1324,Active,,,CALUMET GROCERY STORE,,
1325,1325,Active,,,LUCKY STAR CASINO - CANTON,,
1326,1326,Active,,,LUCKY STAR CASINO - CLINTON,,
1327,1327,Active,,,LUCKY STAR CASINO - WATONGA,,
1328,1328,Manually Verify Pic,1,maybe,HAMMON TRAVEL CENTER,,
1329,,Not Validated,,,TRAVEL CENTER & CASINO - CONCHO,,
1330,1330,Active,,,FIRELAKE CORNER STORE,,
1331,1331,Active,,,FIRELAKE EXPRESS GROCERY,,
1332,1332,Manually Verify Pic,1,yes,SMOKE SHOP / FUEL,,
1333,1333,Active,,,COMANCHE NATION SMOKE SHOP - LAWTON,,
1334,1334,Active,,,COMANCHE NATION SMOKE SHOP - WALTERS,,
1335,1335,Active,,,COMANCHE NATION TRAVEL PLAZA,,
1336,1336,Active,,,COMANCHE SPUR QUIK STOP,,
1337,1337,Active,,,CUSHING SMOKE SHOP,,
1338,1338,Active,,,INDIAN SMOKE SHOP,,
1339,1339,Active,,,TWO FEATHERS SMOKE SHOP,,
1340,1340,Manually Verify Pic,1,yes,SENECA CAYUGA TRIBAL SMOKE SHOP,,
1341,1341,Active,,,SENECA-CAYUGA TRIBAL CASINO SMOKE SHOP,,
1342,1342,Manually Verify Pic,1,yes,RUSTIC TRAIL GIFT SHOP,,
1343,1343,Active,,,ADA GAMING CENTER,,
1344,1344,Active,,,ARDMORE I TOBACCO SHOP,,
1345,1345,Manually Verify Pic,1,yes,ARDMORE II TOBACCO SHOP,,
1346,1346,Manually Verify Pic,1,yes,ARTESIAN GIFT SHOP,,
1347,1347,Active,,,BORDER CASINO,,
1348,1348,Active,,,CHICKASAW OUTPOST,,
1349,1349,Active,,,CHICKASAW TRAVEL STOP  - KINGSTON,,
1350,1350,Active,,,CHICKASAW TRAVEL STOP,,
1351,1351,Active,,,CHICKASAW TRAVEL STOP  - THACKERVILLE,,
1352,1352,Active,,,CHICKASAW TRAVEL STOP  - WILSON,,
1353,1353,Manually Verify Pic,1,yes,CHICKASAW TRAVEL STOP - ADA  EAST,,
1354,1354,Active,,,CHICKASAW TRAVEL STOP - ADA  WEST,,
1355,1355,Active,,,CHICKASAW TRAVEL STOP - DAVIS EAST,,
1356,1356,Manually Verify Pic,1,yes,CHISOLM TRAIL CASINO,,
1357,1357,Active,,,DAVIS TRADING POST GAMING,,
1358,1358,Active,,,GOLD MOUNTAIN CASINO,,
1359,1359,Active,,,GOLDSBY GAMING CENTER,,
1360,1360,Active,,,MADILL GAMING CENTER AND TOBACCO,,
1361,1361,Active,,,NEWCASTLE CASINO,,
1362,1362,Active,,,SALTCREEK CASINO/REFLECTIONS GIFT SHOP,,
1363,1363,Active,,,REMINGTON PARK,,
1364,1364,Manually Verify Pic,1,yes,RENAISSANCE GIFT SHOP,,
1365,1365,Active,,,RIVERWIND GIFT SHOP,,
1366,1366,Active,,,SALTCREEK CASINO,,
1367,1367,Active,,,TEXOMA CASINO,,
1368,1368,Manually Verify Pic,1,yes,TISHOMINGO TOBACCO AND GAMING,,
1369,1369,Not Validated,0,,TREASURE VALLEY CASINO,,
1370,1370,Active,,,WASHITA CASINO,,
1371,1371,Active,,,WINSTAR WORLD CASINO AND RESORT,,
1372,1372,Manually Verify Pic,1,yes,CHOCTAW NATION TRAVEL MART ATOKA,,
1373,1373,Active,,,CHOCTAW NATION TRAVEL PLAZA BROKEN BOW,,
1374,1374,Active,,,CHOCTAW NATION TRAVEL PLAZA DURANT EAST,,
1375,1375,Active,,,CHOCTAW NATION TRAVEL PLAZA GARVIN,,
1376,1376,Active,,,CHOCTAW NATION TRAVEL PLAZA GRANT,,
1377,1377,Active,,,IOWA TRIBE SMOKE SHOP,,
1378,1378,Active,,,IOWAY CASINO,,
1379,1379,Active,,,IOWAY TRAVEL PLAZA/ TRAVEL PLAZA & CASINO,,
1380,1380,Active,,,KAW SMOKE SHOP I,,
1381,1381,Active,,,TOBACCO ROW  INC.,,
1382,1382,Manually Verify Pic,1,maybe,KIA CASINO,,
1383,1383,Manually Verify Pic,1,yes,KIA CASINO VERDEN,,
1384,1384,Active,,,WETUMKA INDIAN SMOKE SHOP,,
1385,1385,Active,,,PRAIRIE MOON CASINO,,
1386,1386,Active,,,PRAIRIE SUN CASINO,,
1387,1387,Active,,,7 CLANS TRAVEL PLAZA,,
1388,1388,Active,,,HIGH WINDS CASINO,,
1389,1389,Active,,,PAWNEE TRADING POST & CASINO,,
1390,1390,Manually Verify Pic,1,yes,PAWNEE TRAVEL PLAZA,,
1391,1391,Active,,,PONCA NATION SMOKE SHOP,,
1392,1392,Manually Verify Pic,1,yes,CHOCTAW NATION TRAVEL PLAZA IDABEL,,
1393,1393,Active,,,CHOCTAW NATION TRAVEL PLAZA POTEAU,,
1394,1394,Manually Verify Pic,1,yes,CHOCTAW NATION TRAVEL PLAZA STRINGTOWN,,
1395,1395,Active,,,CHOCTAW NATIONTRAVEL PLAZA WILBURTON,,
1396,1396,Active,,,CHOCTAW TRAVEL PLAZA DURANT WEST,,
1397,1397,Active,,,CHOCTAW TRAVEL PLAZA POCOLA,,
1398,1398,Active,,,CHOCTAW NATION TRAVEL PLAZA MCALESTER,,
1399,1399,Closed,,,MODOC SMOKE SHOP,,
1400,1400,Active,,,SNAK-ATAK,,
1401,1401,Manually Verify Pic,1,yes,THE STABLES,,
1402,,Not Validated,,,BRISTOW INDIAN COMMUNITY CENTER,,
1403,1403,Active,,,CHECOTAH SMOKE SHOP,,
1404,1404,Manually Verify Pic,1,no,DUCK CREEK CASINO/SMOKE SHOP,,
1405,1405,Active,,,EUFAULA SMOKE SHOP,,
1406,1406,Active,,,HOLDENVILLE SMOKE SHOP,,
1407,1407,Active,,,KOWETA SMOKE SHOP,,
1408,1408,Active,,,MUSCOGEE (CREEK) NATION TRAVEL PLAZA,,
1409,1409,Active,,,OKEMAH SMOKE SHOP,,
1410,1410,Active,,,OKMULGEE SMOKE SHOP,,
1411,1411,Not Validated,0,,RIVERSIDE INDIAN SMOKE SHOP,,
1412,1412,Active,,,TWIN HILLS CONVENIENCE PLAZA,,
1413,1413,Active,,,OSAGE TRADING POST,,
1414,1414,Active,,,QUAPAW CASINO C STORE,,
1415,1415,Manually Verify Pic,1,no,RIVERMIST CONVENIENCE STORE,,
1416,1416,Active,,,WEWOKA TRADING POST,,
1417,1417,Active,,,GOLDEN PONY CASINO,,
1418,1418,Active,,,TONKAWA CASINO AND SMOKE SHOP WEST,,
1419,1419,Active,,,SUGAR CREEK CASINO,,
1420,1420,Active,,,WICHITA TRIBAL SMOKE SHOP,,
1421,1421,Manually Verify Pic,1,yes,WYANDOTTE NATION CASINO,,
1422,,Not Validated,,,THE OFFICE,,
1423,1423,Active,,,CHOCTAW CASINO-BROKEN BOW,,
1424,1424,Active,,,PIPES SMOKE SHOP,,
1425,1425,Manually Verify Pic,1,yes,LUCKY STAR CASINO,,
1426,1426,Active,,,COMANCHE RED RIVER HOTEL & CASINO,,
1427,1427,Manually Verify Pic,1,yes,CHOCTAW CASINO RESORT-DURANT,,
1428,,Not Validated,,,FAIR FAX ONE STOP,,
1429,1429,Active,,,CHOCTAW CASINO-GRANT,,
1430,1430,Active,,,GRAND LAKE CASINO,,
1431,1431,Manually Verify Pic,1,yes,CHOCTAW CASINO-IDABEL,,
1432,1432,Active,,,LIL' INDIANS SMOKE SHOP,,
1433,1433,Closed,,,BIG DADDY'S SMOKE SHOP,,
1434,1434,Manually Verify Pic,1,yes,FASTRACK,,
1435,1435,Manually Verify Pic,1,yes,HWY 60 EXPRESS LLC,,
1436,1436,Active,,,WINSTAR WORLD HOTEL,,
1437,1437,Active,,,FAMILY DOLLAR,,
1438,1438,Manually Verify Pic,1,maybe,TWO TURTLES SMOKE SHOP,,
1439,1439,Active,,,APACHE CASINO HOTEL,,
1440,1440,Active,,,BEELINE SMOKE SHOP,,
1441,1441,Manually Verify Pic,1,yes,BENTON-CHANDLER INC,,
1442,1442,Active,,,BRIGGS TOBACCO OUTLET,,
1443,1443,Manually Verify Pic,1,yes,CHICKASAW NATION,,
1444,1444,Manually Verify Pic,1,yes,CHICKASAW NATION,,
1445,1445,Active,,,CHICKASAW NATION,,
1446,1446,Manually Verify Pic,1,yes,CHOCTAW TRIBAL PLAZA SMOKE SHO,,
1447,1447,Manually Verify Pic,1,yes,CRYSTIEVILLE SMOKE SHOP,,
1448,,Not Validated,,,DOROTHY''''S WICHES LLC,,
1449,1449,Manually Verify Pic,1,yes,EUFALA INDIAN COMMUNITY SMOKE SHOP,,
1450,1450,Active,,,FAIRFAX SMOKE SHOP INC,,
1451,,Not Validated,,,FAULK''S BEARD AND CIGAR LLC,,
1452,1452,Active,,,PEACE PIPE SMOKE SHOP,,
1453,1453,Active,,,GAWKSKEY CHEROKEE SMOKE SHOP,,
1454,1454,Active,,,INDIAN SMOKE SHOP,,
1455,1455,Manually Verify Pic,1,no,LEE BOULEVARD SMOKE SHOP,,
1456,1456,Manually Verify Pic,1,yes,MUSCOGEE CREEK NATION,,
1457,1457,Active,,,NUMUNU PAHMU LLC,,
1458,1458,Active,,,OKMULGEE INDIAN COMMUNITY SMOKE SHOP,,
1459,1459,Active,,,OKMULGEE INDIAN COMMUNITY SMOKE SHOP,,
1460,1460,Active,,,OPS SALES COMPANY,,
1461,1461,Manually Verify Pic,1,maybe,JT'S SMOKE SHOP,,
1462,1462,Active,,,THE CHRISTMAS STORE AND MORE FLEA MARKET,,
1463,1463,Manually Verify Pic,1,yes,ROYAL PIPE AND TOBACCO,,
1464,,Not Validated,,,SMOKE''N HUT,,
1465,1465,Active,,,SPUR PIPE & STEEL,,
1466,1466,Active,,,THLOPTHLOCCO TRIBAL TOWN,,
1467,1467,Active,,,THUNDERBIRD DISCOUNT SMOKE SHO,,
1468,1468,Active,,,TOBACCO EXPRESS INDIAN SMOKE SHOP,,
1469,1469,Manually Verify Pic,1,yes,TP SMOKE SHOP,,
1470,1470,Active,,,WAGONER CREEK SMOKE SHOP,,
1471,1471,Active,,,WHITE FEATHER SMOKE SHOP,,
1472,1472,Active,,,JOHNNY APPLESEED STORE,,
1473,1473,Active,,,CREEK NATION TRAVEL PLAZA,,
1474,1474,Manually Verify Pic,1,yes,CATOOSA CASINO TOBACCO SHOP,,
1475,1475,Active,,,DOLLAR GENERAL,,
1476,,Not Validated,,,CASEY'S GENERAL STORE #3456,,
1477,1477,Active,,,THUNDERBIRD CASINO - SHAWNEE,,
1478,1478,Manually Verify Pic,1,yes,VAPOR KINGS,,
1479,1479,Active,,,WEST TULSA VAPOR,,
1480,,Not Validated,,,VAPEHERE FOR LESS,,
1481,1481,Active,,,SAND SPRINGS VAPOR WAREHOUSE,,
1482,1482,Closed,,,NICORAZZ VAPOR,,
1483,1483,Active,,,THE VAPOR CREW SAPULPA,,
1484,1484,Manually Verify Pic,1,yes,VAPE 4 LESS,,
1485,1485,Active,,,7 FEATHERS MINI MARKET & DELI,,
1486,1486,Manually Verify Pic,1,yes,GRAND RONDE STATION,,
1487,1487,Active,,,MISSION MARKET,,
1488,1488,Active,,,ARROWHEAD TRAVEL PLAZA,,
1489,,Not Validated,,,MACY ELLIS MKT,,
1490,1490,Not Validated,0,,WARMSPRINGS MARKET,,
1491,1491,Active,,,CRATER LAKE JUNCTION TRAVEL CENTER,,
1492,1492,Manually Verify Pic,1,yes,THE MILL CASINO COQUILLE INDIAN TRIBE,,
1493,1493,Active,,,SEA-WAY MARKET,,
1494,1494,Active,,,SPIRIT MOUNTAIN CASINO,,
1495,1495,Manually Verify Pic,1,yes,WILD HORSE CASINO RESORT,,
1496,1496,Active,,,INDIAN HEAD CASINO,,
1497,1497,Active,,,RAINBOW MARKET,,
1498,1498,Active,,,SHELL,,
1499,1499,Active,,,THREE WARRIORS MARKET,,
1500,1500,Active,,,WARM SPRINGS MARKET,,
1501,1501,Active,,,SEVEN FEATHERS CASINO RESORT,,
1502,1502,Manually Verify Pic,1,yes,THREE RIVERS CASINO AND HOTEL,,
1503,1503,Active,,,CHINOOK WINDS CASINO RESORT,,
1504,1504,Active,,,KLA-MO-YA CASINO,,
1505,1505,Manually Verify Pic,1,yes,THE CIGARETTE STORE INC,,
1506,1506,Active,,,US FOOD MART INC,,
1507,1507,Active,,,Narragansett Smoke Shop,,
1508,1508,Active,,,ALL STOP,,
1509,1509,Active,,,K'S QWIK STOP,,
1510,1510,Active,,,FIRST AMERICAN MART,,
1511,1511,Active,,,LYNN'S DAKOTAMART,,
1512,1512,Active,,,DAKOTA STOP,,
1513,1513,Active,,,TEAL'S MARKET,,
1514,1514,Manually Verify Pic,1,yes,WEISSER OIL CO.,,
1515,,Not Validated,,,DAKOTA MAGIC #3 DAKOTA SIOUX CASINO,,
1516,1516,Active,,,CROSSROADS C-STORE,,
1517,1517,Active,,,FAMILY DOLLAR 7229,,
1518,1518,Active,,,SHELBY'S,,
1519,1519,Active,,,FUEL MAX,,
1520,1520,Active,,,WANBLEE MART,,
1521,1521,Active,,,WAGNER FOOD & FUEL,,
1522,1522,Manually Verify Pic,1,yes,K&K CONVENIENCE,,
1523,1523,Manually Verify Pic,1,no,TURTLE CREEK CROSSING SUPERMARKET,,
1524,1524,Active,,,KWO TRADING POST,,
1525,1525,Not Validated,0,,SIOUX BOYS,,
1526,1526,Manually Verify Pic,1,yes,Y S TRAVEL PLAZA,,
1527,1527,Manually Verify Pic,1,yes,BUCHES,,
1528,1528,Active,,,GUS STOP 4,,
1529,1529,Active,,,FAMILY DOLLAR 7227,,
1530,1530,Not Validated,0,,DAKOTA CONNECTION,,
1531,1531,Manually Verify Pic,1,yes,STILLSON'S SERVICE,,
1532,1532,Active,,,BUCHE FOODS,,
1533,1533,Active,,,PUMP  R  NIKS,,
1534,1534,Active,,,CASEYS GEN STORE,,
1535,1535,Not Validated,0,,ROYAL RIVER CASINO,,
1536,1536,Active,,,GUS STOP III,,
1537,1537,Manually Verify Pic,1,maybe,GUS STOP,,
1538,,Not Validated,,,PROCIDA CONOCO,,
1539,1539,Active,,,VALLEY PUMP N CASINO,,
1540,1540,Active,,,FAMILY DOLLAR 7228,,
1541,1541,Active,,,KYLE GROCERY,,
1542,1542,Manually Verify Pic,1,yes,SIOUX NATION,,
1543,1543,Manually Verify Pic,1,yes,YELLOWBIRD STATION,,
1544,1544,Manually Verify Pic,1,yes,COMMON CENTS GROC,,
1545,,Not Validated,,,MUDDY CREEK GROUP DBA,,
1546,1546,Active,,,EAGLE STOP,,
1547,1547,Active,,,CENEX 2,,
1548,1548,Manually Verify Pic,1,yes,BIG BATS,,
1549,1549,Active,,,ANGELS,,
1550,1550,Active,,,MNI MART,,
1551,1551,Manually Verify Pic,1,yes,TIMBER LAKE SERVICE,,
1552,1552,Manually Verify Pic,1,yes,GROBE GROCERY,,
1553,1553,Active,,,LAKOTA THRIFTY MART,,
1554,1554,Manually Verify Pic,1,yes,CO-OP EAGLE BUTTE,,
1555,1555,Closed,,,PAULHAMUS STORE,,
1556,1556,Manually Verify Pic,1,yes,GRAND RIVER CASINO FOOD AND BEV DEP,,
1557,1557,Manually Verify Pic,1,yes,THE BAY AT GRAND RIVER,,
1558,1558,Manually Verify Pic,1,yes,COUNTRY PRIDE,,
1559,1559,Not Validated,0,,BUCHES,,
1560,1560,Manually Verify Pic,1,yes,MISSION SHOPPING CEN,,
1561,1561,Active,,,ROSEBUD CASINO FUEL PLAZA,,
1562,1562,Active,,,FAMILY DOLLAR 7923,,
1563,1563,Active,,,TIENDA AMERICA,,
1564,1564,Active,,,LODE STAR CASINO,,
1565,1565,Active,,,LYNN'S DAKOTAMART,,
1566,1566,Active,,,PRAIRIE CHICKEN BAR & RESORT,,
1567,1567,Active,,,SHELBY'S,,
1568,1568,Active,,,DAKOTA STOP,,
1569,1569,Active,,,MAYNARD'S OF FLANDREAU,,
1570,1570,Manually Verify Pic,1,yes,RIVERS EDGE,,
1571,1571,Active,,,TRADING POST  INC.,,
1572,1572,Manually Verify Pic,1,yes,COUNTRY MARKET,,
1573,1573,Manually Verify Pic,1,no,EAGLE BUTTE COOPERATIVE - AMPRIDE,,
1574,1574,Manually Verify Pic,1,maybe,EAGLE BUTTE PACKAGE LIQUOR,,
1575,1575,Active,,,EAGLE STOP,,
1576,,Not Validated,,,FAMILY DOLLAR #7923,,
1577,1577,Active,,,HERMAN'S SERVICE,,
1578,1578,Active,,,JACK'S SERVICES,,
1579,1579,Active,,,LAKOTA THRIFTY MART,,
1580,1580,Active,,,MINI MART  INC.,,
1581,1581,Active,,,ALLSTOP  INC.,,
1582,1582,Manually Verify Pic,1,yes,AMPRIDE,,
1583,1583,Active,,,B & B TRADING POST,,
1584,1584,Active,,,KARY'S,,
1585,1585,Manually Verify Pic,1,yes,VALANDRA'S II,,
1586,1586,Manually Verify Pic,1,maybe,SHOP EZ HIGHWAY 81,,
1587,1587,Not Validated,0,,CONSUMER'S COOPERATIVE OIL CO.,,
1588,1588,Active,,,DAKOTA CONNECTION CASINO,,
1589,1589,Active,,,MUNICIPAL LIQUOR STORE,,
1590,1590,Manually Verify Pic,1,yes,PEARSON DRUG & JEWELRY,,
1591,1591,Active,,,STILLSON OIL CO.  INC.,,
1592,1592,Active,,,TEAL'S MARKET,,
1593,,Not Validated,,,BEAR SOLDIER BINGO,,
1594,1594,Active,,,BULLHEAD STORE,,
1595,1595,Active,,,CENEX,,
1596,1596,Manually Verify Pic,1,yes,FARMERS UNION CO-OP OIL CO.,,
1597,1597,Active,,,KENEL COMMUNITY STORE,,
1598,1598,Manually Verify Pic,1,yes,MCLAUGHLIN MUNICIPAL LIQUOR,,
1599,1599,Active,,,MOSER'S MAIN STREET MARKET,,
1600,1600,Active,,,PROCIDA,,
1601,1601,Active,,,T-SPOONS CORNER,,
1602,1602,Not Validated,0,,BRULE HILLS TRADING POST,,
1603,1603,Not Validated,0,,GOLDEN BUFFALO CASINO,,
1604,1604,Not Validated,0,,KUL WICASA OYATE TRADING POST,,
1605,1605,Active,,,BATESLAND HANDI STOP,,
1606,1606,Manually Verify Pic,1,yes,BIG BAT'S SHELL,,
1607,1607,Manually Verify Pic,1,yes,COMMON CENTS FOOD STORES - KYLE,,
1608,1608,Manually Verify Pic,1,yes,COMMON CENTS FOOD STORES - PORCUPINE,,
1609,1609,Active,,,KYLE GROCERY,,
1610,,Not Validated,,,OGLALA RIDGE GENERAL STORE,,
1611,1611,Active,,,PINKY'S CLIFFORD  LLC,,
1612,1612,Active,,,PRAIRIE WIND CASINO & HOTEL,,
1613,1613,Active,,,SIOUX NATION SHOPPING CENTER,,
1614,1614,Active,,,YELLOW BIRDS,,
1615,1615,Active,,,ABBY'S,,
1616,1616,Active,,,BUCHE FOODS,,
1617,1617,Active,,,CASEY'S GENERAL STORE,,
1618,1618,Active,,,FORT RANDALL CASINO,,
1619,1619,Active,,,GUS STOP,,
1620,1620,Active,,,GUS STOP,,
1621,1621,Closed,,,JONES' FOOD CENTER,,
1622,1622,Active,,,K'S QWIK STOP,,
1623,1623,Active,,,VALLEY PUMP & CASINO,,
1624,1624,Active,,,WAGNER FOOD & FUEL,,
1625,1625,Active,,,WAGNER FOOD CENTER,,
1626,1626,Active,,,YANKTON SIOUX TRAVEL PLAZA,,
1627,1627,Active,,,KICKAPOO LUCKY EAGLE CASINO,,
1628,1628,Manually Verify Pic,1,yes,KIOWA STATION,,
1629,1629,Active,,,AL COUSHATTA ONE STOP ISCHOOPA,,
1630,1630,Active,,,AL-COUSHATTA SMOKE SHOP,,
1631,1631,Not Validated,0,,AL-COUSHATTA SMOKE SHOP - HUMBLE,,
1632,1632,Manually Verify Pic,1,yes,AL-COUSHATTA SMOKE SHOP - LEGGETT,,
1633,1633,Not Validated,0,,AL-COUSHATTA TRIBE OF TX SHELL,,
1634,1634,Active,,,KICKAPOO LUCKY EAGLE CASINO,,
1635,1635,Active,,,KICKAPOO LUCKY EAGLE CONVENIENCE STORE  L.L.C.,,
1636,1636,Not Validated,0,,SOCORRO ENTERTAINMENT CENTER,,
1637,1637,Manually Verify Pic,1,yes,SPEAKING ROCK ENTERTAINMENT,,
1638,1638,Active,,,TIGUA SMOKE SHOP,,
1639,,Not Validated,,,SEI SMOKE & NOVELTIES,,
1640,1640,Manually Verify Pic,1,yes,SMOKE 44,,
1641,1641,Active,,,TOP 10 CIGARS,,
1642,1642,Active,,,RED MESA EXPRESS,,
1643,1643,Active,,,GOULDINGS GROCERY STORE,,
1644,1644,Active,,,RED MESA EXPRESS,,
1645,1645,Closed,,,SHIRLEYS COUNTRY CORNER,,
1646,1646,Manually Verify Pic,1,yes,UTE PETROLEUM  LLC,,
1647,1647,Manually Verify Pic,1,yes,UTE PLAZA SUPER MARKET LLC,,
1648,1648,Closed,,,IBAPAH TRADING POST,,
1649,1649,Active,,,MYTON UTE PETROLEUM,,
1650,1650,Active,,,CEDAR BAND TRADING POST AND SMOKE SHOP,,
1651,1651,Active,,,SHIVWITS CONVENIENCE STORE AND SMOKE SHOP,,
1652,1652,Active,,,AUSTIN BLUE STORE,,
1653,1653,Manually Verify Pic,1,yes,FORT DUCHESNE UTE PETROLEUM,,
1654,1654,Active,,,UTE PLAZA SUPERMARKET,,
1655,1655,Active,,,INDUSTRIAL WAY FOOD MART,,
1656,1656,Active,,,EMERALD DOWNS,,
1657,1657,Manually Verify Pic,1,yes,TURTTLES SMOKE SHOP,,
1658,1658,Active,,,CHICKIE'S SMOKE SMOKE DBA RIVERSIDE SMOKE SHOP,,
1659,1659,Manually Verify Pic,1,yes,FIFE 76/TAHOMA,,
1660,1660,Manually Verify Pic,1,no,BOW HILL GAS & FOOD MART,,
1661,1661,Active,,,MOUNTAIN LOOP COUNTRY STORE,,
1662,1662,Not Validated,0,,WHITE RIVER AMPHITHEATER,,
1663,1663,Not Validated,0,,WHITE RIVER AMPHITHEATER,,
1664,,Not Validated,,,LATINO MARKET AND TACO SHOP,,
1665,1665,Manually Verify Pic,1,yes,LITTLE BROWN SMOKE SHACK,,
1666,1666,Manually Verify Pic,1,yes,MARKET PLACE,,
1667,1667,Active,,,RIVER ROCK SMOKE SHOP,,
1668,1668,Active,,,RIVER ROCK SMOKE SHOP,,
1669,1669,Active,,,NISQUALLY EXPRESS,,
1670,1670,Active,,,NISQUALLY MARKET,,
1671,1671,Active,,,TWO BEARS TRADING LLC,,
1672,1672,Active,,,STEAMBOAT TRADING POST,,
1673,1673,Active,,,NISQUALLY MARKETS REZ,,
1674,,Not Validated,,,SI DISTRIBUTION LLC,,
1675,1675,Active,,,CARNICERIA LOS AMIGOS,,
1676,1676,Manually Verify Pic,1,maybe,CROSS ROAD MARKET,,
1677,1677,Manually Verify Pic,1,yes,COULEE TOBACCO AND MORE,,
1678,1678,Manually Verify Pic,1,yes,PAPPY'S LORNER,,
1679,1679,Active,,,TIENDA DE ABARROTES LOS AMIGOS,,
1680,1680,Active,,,MILL BAY CASINO,,
1681,1681,Active,,,MNB SMOKES,,
1682,1682,Closed,,,OKANAGAN BINGO CASINO,,
1683,1683,Manually Verify Pic,1,yes,OMAK MARKET,,
1684,1684,Active,,,SHORT STOP CONVENIENCE STORE,,
1685,,Not Validated,,,SPELEM SMOKE SHOP,,
1686,1686,Active,,,STOGIE SHOP INC.,,
1687,1687,Manually Verify Pic,1,yes,THE TRADING POST,,
1688,1688,Active,,,TRIBAL TRAILS TRUCK STOP,,
1689,1689,Active,,,7-ELEVEN,,
1690,1690,Active,,,ALLEN'S MARKET,,
1691,1691,Active,,,BLUE SKY MARKET,,
1692,1692,Closed,,,CHEVRON,,
1693,1693,Active,,,CROSSROAD MARKET,,
1694,1694,Manually Verify Pic,1,yes,DA STORE AT LILLIES' CORNER,,
1695,1695,Active,,,GENERAL STORE (CONOCO),,
1696,1696,Active,,,HAROLD'S GENERAL MERCHANDISE,,
1697,1697,Active,,,INTERNATIONAL MARKET,,
1698,1698,Manually Verify Pic,1,yes,KILE'S KORNER,,
1699,,Not Validated,,,LA VILLA MARKET,,
1700,1700,Active,,,ROADRUNNER,,
1701,1701,Active,,,SAFEWAY,,
1702,1702,Active,,,TOPP STOP TEXACO,,
1703,1703,Manually Verify Pic,1,yes,TOPPENISH MARKET PLACE,,
1704,1704,Active,,,WOLF DEN TEXACO,,
1705,1705,Active,,,YAKAMA NATION LEGENDS CASINO,,
1706,1706,Active,,,YAKAMART,,
1707,1707,Active,,,END OF THE TRAIL STORES,,
1708,1708,Not Validated,0,,LUCKY EAGLE CASINO,,
1709,1709,Active,,,CHIEF JOSEPH SMOKE SHOP,,
1710,1710,Active,,,COULEE DAM CASINO,,
1711,1711,Active,,,GREEN'S,,
1712,1712,Active,,,HARTMANS' LOG CABIN RESORT,,
1713,1713,Active,,,INCHELIUM COMMUNITY STORE,,
1714,1714,Manually Verify Pic,1,yes,J & J SMOKE SHOP,,
1715,1715,Active,,,JACKSON'S CHEVRON SERVICE,,
1716,1716,Active,,,KELLER COMMUNITY STORE,,
1717,1717,Manually Verify Pic,1,yes,76/MY GOODS MARKET,,
1718,1718,Active,,,EMERALD QUEEN CASINO (I-5),,
1719,1719,Active,,,EMERALD QUEEN CASINO & HOTEL,,
1720,1720,Active,,,GRUMA MISSION FOODS,,
1721,1721,Manually Verify Pic,1,yes,NORPOINT SHELL,,
1722,1722,Closed,,,NORTH POINT SMOKE SHOP,,
1723,1723,Active,,,TAHOMA EXPRESS,,
1724,1724,Closed,,,PIONEER SHELL,,
1725,1725,Closed,,,PORTLAND SHELL,,
1726,1726,Active,,,RESERVATION OUTPOST,,
1727,,Not Validated,,,SMOKIN WILLEY'S #2,,
1728,1728,Active,,,SMOKIN' WILLY'S DRIVE-THRU SMOKE SHOP,,
1729,1729,Active,,,TAHOMA MARKET/SHELL,,
1730,1730,Active,,,VALERO GASOLINE,,
1731,1731,Manually Verify Pic,1,yes,LONESOME CREEK STORE,,
1732,1732,Active,,,QUEETS TRADING POST,,
1733,1733,Active,,,QUINAULT BEACH RESORT AND CASINO,,
1734,1734,Active,,,FIDALGO BAY RESORT GIFT SHOP,,
1735,1735,Active,,,TWO RIVERS SMOKE SHOP,,
1736,1736,Active,,,CHIEF LIGHTHOUSE CHARLEY'S,,
1737,1737,Active,,,GEORGETOWN STATION,,
1738,1738,Active,,,SHOALWATER BAY CASINO,,
1739,1739,Active,,,LUCKY DOG CASINO,,
1740,1740,Active,,,TWIN TOTEMS GROCERY AND DELI,,
1741,1741,Active,,,SNOQUALMIE CASINO,,
1742,1742,Not Validated,0,,SNOQUALMIE TOBACCO COMPANY AND LIQUOR STORE,,
1743,1743,Manually Verify Pic,1,yes,CHEWELAH CASINO,,
1744,1744,Active,,,CHEWELAH SPOKO FUEL STATION,,
1745,1745,Active,,,NUMBER ONE STORE,,
1746,1746,Active,,,PAPPY'S KORNER,,
1747,1747,Manually Verify Pic,1,no,TWO RIVERS CASINO,,
1748,1748,Manually Verify Pic,1,yes,TWO RIVERS SPOKO FUEL STATION,,
1749,1749,Active,,,WELLPINIT TRADING POST,,
1750,1750,Active,,,WEST PLAINS SPOKO FUEL STATION,,
1751,1751,Closed,,,FRANK'S LANDING,,
1752,1752,Active,,,KAMILCHE TRADING POST,,
1753,1753,Active,,,KAMILCHE TRADING POST EXPRESS DRIVE-THRU,,
1754,1754,Active,,,LITTLE CREEK CASINO RESORT,,
1755,1755,Active,,,SKOOKUM SPIRIT CIGAR AND WINE LOUNGE,,
1756,,Not Validated,,,STEAMBOAT ISLAND ROAD DRIVE-THRU,,
1757,1757,Active,,,STEAMBOAT TRADING POST,,
1758,1758,Manually Verify Pic,1,yes,ANGEL OF THE WINDS CASINO,,
1759,1759,Active,,,RIVER ROCK SMOKE SHOP,,
1760,1760,Active,,,RIVER ROCK TOBACCO & FUEL,,
1761,1761,Manually Verify Pic,1,yes,CLEARWATER CASINO RESORT,,
1762,1762,Active,,,LONGHOUSE TEXACO,,
1763,1763,Manually Verify Pic,1,yes,SHELL/MASI SHOP,,
1764,1764,Active,,,SUQUAMISH VILLAGE SHELL,,
1765,1765,Not Validated,0,,NORTHERN LIGHTS CHEVRON,,
1766,1766,Active,,,SWINOMISH CASINO & LODGE,,
1767,1767,Active,,,THE VILLAGE CHEVRON,,
1768,1768,Not Validated,0,,TRADING POST,,
1769,1769,Active,,,7 CEDARS CASINO,,
1770,1770,Manually Verify Pic,1,yes,CHEVRON,,
1771,1771,Manually Verify Pic,1,yes,LONGHOUSE MARKET AND DELI,,
1772,1772,Manually Verify Pic,1,yes,CHEVRON,,
1773,1773,Active,,,LEGENDS OF FIRE,,
1774,1774,Not Validated,0,,NORTHERN QUEST CASINO,,
1775,1775,Active,,,ELWHA RIVER CASINO,,
1776,1776,Active,,,LOWER ELWHA TRIBAL SMOKE SHOP,,
1777,1777,Active,,,260 TOBACCO & FINE SPIRITS  L.C.C.,,
1778,1778,Active,,,LUMMI MINI MART,,
1779,1779,Not Validated,0,,SILVER REEF CASINO,,
1780,1780,Active,,,MAKAH MINI MART & FUEL FACILITY,,
1781,1781,Active,,,WASHBURN GENERAL STORE,,
1782,1782,Active,,,MUCKLESHOOT CASINO,,
1783,1783,Active,,,MUCKLESHOOT BINGO / SMOKE SHOP,,
1784,1784,Active,,,MUCKLESHOOT DELI/SHELL,,
1785,1785,Active,,,MUCKLESHOOT SMOKE SHOP,,
1786,1786,Manually Verify Pic,1,yes,SALISH LODGE,,
1787,1787,Active,,,NISQUALLY EXPRESS ESPRESSO & TOBACCO,,
1788,1788,Active,,,NISQUALLY MARKETS,,
1789,1789,Active,,,NISQUALLY REZ MART,,
1790,1790,Manually Verify Pic,1,yes,RED WIND CASINO,,
1791,1791,Active,,,LESCHI'S BEST,,
1792,1792,Active,,,NOOKSACK MARKET CENTRE/CHEVRON,,
1793,1793,Closed,,,NOOKSACK RIVER CASINO,,
1794,1794,Not Validated,0,,NORTHWOOD CASINO,,
1795,1795,Manually Verify Pic,1,yes,GLIDING EAGLE MARKETPLACE (SHELL),,
1796,1796,Manually Verify Pic,1,yes,THE POINT CASINO,,
1797,1797,Active,,,QUIL CEDA CREEK CASINO,,
1798,1798,Active,,,TULALIP RESORT CASINO,,
1799,1799,Active,,,TULALIP LIQUOR STORE & SMOKE SHOP,,
1800,1800,Active,,,TULALIP LIQUOR STORE & SMOKE SHOP - QUIL CEDA,,
1801,,Not Validated,,,THE SKAGIT,,
1802,1802,Active,,,THE SKAGIT BOW HILL FOOD & GAS MARKET,,
1803,1803,Active,,,UPPER SKAGIT INDIAN TRIBE DRIVE-THRU TOBACCO SHOP,,
1804,1804,Manually Verify Pic,1,yes,WAREHOUSE DIRECT FOODS,,
1805,,Not Validated,,,BARON ENTERPRISES LLC,,
1806,1806,Active,,,CIGAR ZONE,,
1807,1807,Manually Verify Pic,1,yes,CROSS'' SMOKE SHOP INC,,
1808,1808,Manually Verify Pic,1,yes,ECX LLC,,
1809,1809,Active,,,GOODMAN ROAD SMOKESHOP,,
1810,,Not Validated,,,J & J SMOKE SHOP,,
1811,,Not Validated,,,JONI JOHNSON INC,,
1812,1812,Manually Verify Pic,1,yes,KENT CIGAR LAND,,
1813,1813,Manually Verify Pic,1,yes,LYLE''S SMOKE SHOP,,
1814,1814,Manually Verify Pic,1,no,MANDISH ENTERPRISES INC,,
1815,,Not Validated,,,MOHORICH ENTERPRISES INC,,
1816,1816,Manually Verify Pic,1,yes,O CIGARETTES LLC,,
1817,1817,Manually Verify Pic,1,yes,PORTLAND AVENUE VENTURES LLC,,
1818,1818,Manually Verify Pic,1,yes,RICH IN SMOKE,,
1819,1819,Active,,,RJM POSITIONS INSTRUMENTS LLC,,
1820,1820,Manually Verify Pic,1,yes,SECRETS-TACOMA,,
1821,,Not Validated,,,SUBTLE SALES LLC,,
1822,1822,Manually Verify Pic,1,yes,THE CIGAR STORE,,
1823,,Not Validated,,,THE TEN CIGARS GUITAR COMPANY,,
1824,1824,Manually Verify Pic,1,yes,TOBACCO JOE''S,,
1825,1825,Manually Verify Pic,1,yes,UP IN SMOKE,,
1826,,Not Validated,,,YAG ENTERPRISES,,
1827,,Not Validated,,,DONALD STORE,,
1828,1828,Active,,,HALF-SUN TRAVEL PLAZA,,
1829,1829,Active,,,12 TRIBES RESORT AND CASINO,,
1830,1830,Manually Verify Pic,1,maybe,WAR PONY EXPRESS,,
1831,1831,Active,,,LCO CONVENIENCE STORE,,
1832,1832,Active,,,LCO C2 SPUR,,
1833,1833,Active,,,POTAWATOMI BINGO CASINO,,
1834,1834,Manually Verify Pic,1,yes,FOUR WINDS MARKET,,
1835,1835,Active,,,GRAND CENTRAL STATION,,
1836,1836,Active,,,JUNIOR'S SALOON,,
1837,1837,Active,,,ST. CROIX CASINO - DANBURY,,
1838,1838,Manually Verify Pic,1,yes,MOLE LAKE CONVENIENCE STORE,,
1839,1839,Active,,,BUFFALO BAY STORE,,
1840,1840,Active,,,LEGENDARY WATERS RESORT & CASINO,,
1841,1841,Active,,,ST CROIX CHIPPEWA INDIANS OF WI,,
1842,1842,Manually Verify Pic,1,yes,THE GAS DEPOT,,
1843,1843,Not Validated,0,,NORTHERN LIGHTS CASINO & CONFERENCE CENTER,,
1844,1844,Manually Verify Pic,1,yes,ST. CROIX CASINO,,
1845,1845,Active,,,LCO COMMERCIAL CENTER,,
1846,1846,Active,,,HO-CHUNK NATION GAMING,,
1847,1847,Manually Verify Pic,1,yes,CASINO MOTEL AND CONVENTION CENTER,,
1848,1848,Active,,,NORTHERN LIGHTS CASINO,,
1849,1849,Active,,,POTAWATOMI CONVENIENCE STORE AND SMOKE SHOP,,
1850,1850,Active,,,BAD RIVER LODGE CASINO/ASEMA SMOKE & GIFT SHOP,,
1851,1851,Manually Verify Pic,1,yes,MOCCASIN TRAIL CONVENIENCE STORE & BP STATION,,
1852,1852,Active,,,THREE EAGLES GIFT SHOP,,
1853,1853,Manually Verify Pic,1,yes,IGA,,
1854,1854,Closed,,,PETERSON'S FOODS AND SMOKE SHOP,,
1855,1855,Active,,,MOLE LAKE CASINO AND LODGE,,
1856,1856,Manually Verify Pic,1,yes,SHAEFER'S IGA,,
1857,1857,Active,,,SOKAOGON CHIPPEWA COMMUNITY CONVENIENCE CENTER,,
1858,1858,Manually Verify Pic,1,yes,THE GAS DEPOT,,
1859,1859,Active,,,YELLOW RIVER PHARMACY,,
1860,1860,Closed,,,HEADQUARTERS GENERAL STORE,,
1861,1861,Active,,,LITTLE STAR CONVENIENCE STORE,,
1862,1862,Active,,,NORTH STAR MOHICAN CASINO RESORT,,
1863,1863,Not Validated,0,,CROCKETT RESORT AND RV PARK,,
1864,1864,Active,,,HO-CHUNK GAMING BLACK RIVER FALLS,,
1865,1865,Active,,,HO-CHUNK GAMING MADISON,,
1866,1866,Active,,,HO-CHUNK GAMING NEKOOSA,,
1867,1867,Active,,,HO-CHUNK GAMING TOMAH,,
1868,1868,Active,,,HO-CHUNK GAMING WI DELLS,,
1869,1869,Manually Verify Pic,1,no,WHITETAIL CROSSING BARBOO,,
1870,1870,Manually Verify Pic,1,maybe,WHITETAIL CROSSING BLACK RIVER FALLS,,
1871,1871,Active,,,WHITETAIL CROSSING NEKOOSA,,
1872,1872,Active,,,WHITETAIL CROSSING TOMAH,,
1873,1873,Active,,,WHITETAIL CROSSING WITTENBERG,,
1874,1874,Not Validated,0,,GRINSTONE CREEK CASINO,,
1875,1875,Active,,,LOG CABIN STORE,,
1876,1876,Manually Verify Pic,1,yes,BP,,
1877,1877,Manually Verify Pic,1,yes,LAC DU FLAMBEAU SMOKE SHOP,,
1878,1878,Active,,,LAKE OF THE TORCHES CASINO,,
1879,1879,Active,,,LDF OJIBWAY MARKET,,
1880,1880,Manually Verify Pic,1,yes,HILL STOP (BP),,
1881,1881,Active,,,MENOMINEE CASINO RESORT,,
1882,1882,Manually Verify Pic,1,maybe,MENOMINEE FUEL STATION,,
1883,1883,Active,,,PONFIL'S GROCERY & SERVICES,,
1884,1884,Active,,,SAVE-A-LOT,,
1885,1885,Active,,,THUNDERBIRD CLUB,,
1886,1886,Active,,,BP,,
1887,1887,Manually Verify Pic,1,yes,IMAC CASINO,,
1888,1888,Active,,,ONEIDA CASINO TRAVEL CENTER,,
1889,1889,Active,,,ONEIDA MAIN CASINO,,
1890,1890,Active,,,ONEIDA MASON STREET CASINO,,
1891,1891,Manually Verify Pic,1,yes,ONEIDA ONE STOP,,
1892,1892,Active,,,ONEIDA ONE STOP,,
1893,1893,Manually Verify Pic,1,yes,ONEIDA ONE STOP,,
1894,1894,Active,,,ONEIDA ONE STOP,,
1895,1895,Active,,,ONEIDA ONE STOP,,
1896,1896,Manually Verify Pic,1,yes,ONEIDA SMOKE SHOP,,
1897,1897,Active,,,SHELL,,
1898,1898,Active,,,POTAWATOMI CARTER CASINO HOTEL,,
1899,1899,Active,,,LCO C-2 SPUR,,
1900,,Not Validated,,,ALVIN C WESO JR,,
1901,1901,Active,,,KWIK TRIP INC,,
1902,,Not Validated,,,LA FORTUNE W J SONS,,
1903,1903,Manually Verify Pic,1,yes,THE SMOKE SHOP,,
1904,1904,Manually Verify Pic,1,yes,UNITED TRIBE,,
1905,1905,Not Validated,0,,789 SMOKE SHOP & CASINO,,
1906,1906,Manually Verify Pic,1,yes,BIG HORN CO-OP,,
1907,1907,Active,,,MAVERIK,,
1908,1908,Active,,,EXXON,,
1909,1909,Active,,,BUGGY BATH/SHELL,,
1910,1910,Manually Verify Pic,1,no,LITTLE WIND C-STORE,,
1911,1911,Closed,,,SAFEWAY,,
1912,,Not Validated,,,PIT STOP #2,,
1913,1913,Active,,,SHOSHONE ROSE CASINO GIFT SHOP,,
1914,1914,Active,,,BUGGY BATH,,
1915,1915,Active,,,ETHETE STORE,,
1916,1916,Active,,,EXXON,,
1917,,Not Validated,,,EXXON,,
1918,1918,Active,,,HILLTOP LIQUOR,,
1919,1919,Active,,,JUDS TRADING POST,,
1920,1920,Manually Verify Pic,1,yes,KINEAR STORE,,
1921,1921,Active,,,LIVESTOCK LIQUOR,,
1922,1922,Active,,,LOAF N JUG,,
1923,1923,Active,,,MAVERIK,,
1924,1924,Manually Verify Pic,1,yes,MAVERIK ADVENTURE'S FIRST STOP,,
1925,1925,Manually Verify Pic,1,yes,RED EAGLE FOOD (EXXON),,
1926,1926,Active,,,SMITH'S FOOD AND DRUG,,
1927,1927,Manually Verify Pic,1,maybe,THE SMOKE SHOP  TATTOO & PIERCING,,
1928,1928,Not Validated,0,,WIND RIVER CASINO,,
1929,1929,Active,,,HINES GENERAL STORE,,
1930,1930,Active,,,SHOSHONE ROSE CASINO,,
1931,1931,Manually Verify Pic,1,yes,SHOSHONE TRIBAL SVC STATION,,
